gemeente,naam,geslacht,verwachte datum
Doornik,Jacques,Mannelijk,12/13/2019
Bertrix,Thomas,Mannelijk,12/20/2019
Limburg,Zoé,Vrouwelijk,01/10/2020
Antwerpen,Guido,Mannelijk,12/29/2019
Huldenberg,Thomas,Mannelijk,12/16/2019
Moerbeke (Gent),Robin,Mannelijk,12/26/2019
Houthulst,Lucrèce,Vrouwelijk,12/26/2019
Brasschaat,Josepha,Vrouwelijk,12/28/2019
Komen-Waasten,André,Mannelijk,12/26/2019
Namen,Aimée,Vrouwelijk,12/20/2019
Liedekerke,Nelly,Vrouwelijk,12/19/2019
Esneux,Jeannine,Vrouwelijk,12/14/2019
Oudsbergen,Stefanie,Vrouwelijk,12/23/2019
Sint-Niklaas (Sint-Niklaas),Arhimou,Vrouwelijk,12/15/2019
Kortemark,Tom,Mannelijk,12/19/2019
Lebbeke,Cindy,Vrouwelijk,12/27/2019
Ingelmunster,Christine,Vrouwelijk,12/22/2019
Leopoldsburg,Marcel,Mannelijk,12/20/2019
Sint-Pieters-Woluwe,Ludovic,Mannelijk,12/20/2019
Laakdal,Herman,Mannelijk,12/20/2019
Bilzen,Myriam,Vrouwelijk,12/13/2019
Bastenaken,Laurent,Mannelijk,12/27/2019
Overijse,Audrey,Vrouwelijk,01/07/2020
Zwevegem,Johan,Mannelijk,12/23/2019
Lasne,Michel,Mannelijk,12/18/2019
Saint-Nicolas (Luik),Arda,Mannelijk,12/11/2019
Namen,Kadri,Mannelijk,12/13/2019
Honnelles,Anne-Marie,Vrouwelijk,01/08/2020
Lier,Ali,Mannelijk,12/19/2019
Chaudfontaine,Jules,Mannelijk,12/22/2019
Oudergem,Jean,Mannelijk,12/20/2019
Wanze,Florence,Vrouwelijk,12/18/2019
Colfontaine,Stéphanie,Vrouwelijk,12/31/2019
Vielsalm,Jean,Mannelijk,01/17/2020
Heist-op-den-Berg,Paul,Mannelijk,12/22/2019
Oostkamp,Nadine,Vrouwelijk,12/21/2019
Kontich,Simon,Mannelijk,01/10/2020
Rebecq,Estelle,Vrouwelijk,12/23/2019
Luik,Jeanne,Vrouwelijk,12/16/2019
Luik,Ignazio,Mannelijk,12/24/2019
Lokeren,Peter,Mannelijk,12/17/2019
Thimister-Clermont,Lionel,Mannelijk,01/27/2020
Moeskroen,Morgan,Mannelijk,12/29/2019
Frameries,Lucette,Vrouwelijk,12/11/2019
Itter,Louis,Mannelijk,12/18/2019
Lommel,Christophe,Mannelijk,12/30/2019
Oostende,Emely,Vrouwelijk,12/29/2019
Sint-Jans-Molenbeek,George,Mannelijk,12/09/2019
Morlanwelz,Monique,Vrouwelijk,12/22/2019
Kinrooi,Ine,Vrouwelijk,12/20/2019
Sint-Jans-Molenbeek,Anas,Mannelijk,12/15/2019
Charleroi,Maria,Vrouwelijk,12/21/2019
Torhout,Melanie,Vrouwelijk,12/12/2019
Antwerpen,Mouna,Vrouwelijk,12/21/2019
Frameries,Annick,Vrouwelijk,12/25/2019
Schaarbeek,Mohamed,Mannelijk,12/23/2019
Brugge,John,Mannelijk,12/14/2019
La Louvière,Dominique,Mannelijk,12/26/2019
Libramont-Chevigny,Olivier,Mannelijk,12/26/2019
Genk,Jozef,Mannelijk,12/28/2019
Antwerpen,Jozefien,Vrouwelijk,12/21/2019
Frameries,Manel,Vrouwelijk,12/29/2019
Charleroi,André,Mannelijk,12/29/2019
Vorselaar,Monique,Vrouwelijk,12/12/2019
Sprimont,Jules,Mannelijk,12/26/2019
Wommelgem,Robert,Mannelijk,12/13/2019
Antwerpen,Lena,Vrouwelijk,12/24/2019
Oudergem,Gaspard,Mannelijk,12/14/2019
Knokke-Heist,Daria,Vrouwelijk,12/18/2019
Leuven,Ahmad,Mannelijk,12/13/2019
Doornik,Fiona,Vrouwelijk,12/18/2019
Musson,Denis,Mannelijk,01/12/2020
Aarschot,Patrick,Mannelijk,12/14/2019
Veurne,Kevin,Mannelijk,12/17/2019
Herne,Werner,Mannelijk,12/12/2019
Châtelet,Margaux,Vrouwelijk,12/26/2019
Schaarbeek,Samira,Vrouwelijk,12/28/2019
Grimbergen,Eduard,Mannelijk,12/09/2019
Awans,Pierre,Mannelijk,01/12/2020
Lommel,Suzy,Vrouwelijk,01/24/2020
Torhout,Christiana,Vrouwelijk,12/09/2019
Estinnes,Evan,Mannelijk,12/27/2019
Waregem,Madeleine,Vrouwelijk,12/21/2019
Courcelles,Aya,Vrouwelijk,12/23/2019
Haaltert,Lieven,Mannelijk,12/18/2019
Schaarbeek,Rayane,Mannelijk,12/19/2019
Scherpenheuvel-Zichem,Linda,Vrouwelijk,12/30/2019
Hulshout,Paulina,Vrouwelijk,01/03/2020
Nijvel,Pascale,Vrouwelijk,12/22/2019
Zonnebeke,Matthias,Mannelijk,02/08/2020
Ukkel,Virginie,Vrouwelijk,12/18/2019
Kortessem,Marie-Claire,Vrouwelijk,12/22/2019
Andenne,Nicole,Vrouwelijk,12/28/2019
La Louvière,Stefano,Mannelijk,01/07/2020
Antwerpen,Louis,Mannelijk,01/01/2020
Zottegem,Nancy,Vrouwelijk,12/12/2019
Dinant,Vincent,Mannelijk,12/18/2019
Hoei,Francis,Mannelijk,12/16/2019
Binche,Raoul,Mannelijk,12/19/2019
Nijvel,Mariette,Vrouwelijk,12/10/2019
Leuven,Ana,Vrouwelijk,12/17/2019
Pelt,Mandy,Vrouwelijk,12/14/2019
Moeskroen,Jonathan,Mannelijk,12/14/2019
Gent,Maria,Vrouwelijk,12/27/2019
Antwerpen,Jozef,Mannelijk,12/26/2019
Dinant,Hélène,Vrouwelijk,01/07/2020
Verviers,Maude,Vrouwelijk,12/16/2019
Brecht,Stijn,Mannelijk,12/16/2019
Zaventem,Sophie,Vrouwelijk,12/21/2019
Antwerpen,Bozena,Vrouwelijk,12/19/2019
Leuven,Robbe,Mannelijk,12/20/2019
Pelt,Marc,Mannelijk,12/29/2019
Tienen,Willem,Mannelijk,12/12/2019
Alken,Anna,Vrouwelijk,12/12/2019
Antwerpen,Leopold,Mannelijk,01/17/2020
Destelbergen,André,Mannelijk,12/22/2019
Kortenaken,Monique,Vrouwelijk,12/16/2019
Mortsel,Gerd,Mannelijk,12/10/2019
Houthalen-Helchteren,Lewis,Mannelijk,12/30/2019
Sint-Joost-ten-Node,Souleymane,Mannelijk,12/14/2019
Zaventem,Isabelle,Vrouwelijk,01/11/2020
Waasmunster,Nathalie,Vrouwelijk,12/16/2019
Luik,Robin,Mannelijk,12/29/2019
Charleroi,Betty,Vrouwelijk,12/16/2019
Lanaken,Christina,Vrouwelijk,12/21/2019
Maasmechelen,Germaine,Vrouwelijk,12/18/2019
Sint-Jans-Molenbeek,Leila,Vrouwelijk,12/25/2019
Verviers,Angélique,Vrouwelijk,12/21/2019
Antwerpen,Marouan,Mannelijk,12/23/2019
Malmedy,Marie,Vrouwelijk,01/09/2020
Gerpinnes,Aurélien,Mannelijk,12/26/2019
Zwalm,Annie,Vrouwelijk,01/12/2020
Bilzen,Rachid,Mannelijk,12/22/2019
Brugge,Brigitte,Vrouwelijk,12/21/2019
Beringen,Anna,Vrouwelijk,12/25/2019
Nieuwerkerken (Hasselt),André,Mannelijk,12/16/2019
Sint-Niklaas (Sint-Niklaas),Christina,Vrouwelijk,12/17/2019
Brecht,Liam,Mannelijk,12/29/2019
Namen,Jérôme,Mannelijk,01/14/2020
Sint-Truiden,Fabienne,Vrouwelijk,12/23/2019
Deinze,Martine,Vrouwelijk,12/11/2019
Temse,Wim,Mannelijk,12/18/2019
Kasteelbrakel,Fabien,Mannelijk,12/13/2019
Morlanwelz,Ronald,Mannelijk,12/17/2019
Hamme (Dendermonde),Jan,Mannelijk,12/25/2019
Wortegem-Petegem,Lore,Vrouwelijk,12/27/2019
Harelbeke,Pedro,Mannelijk,12/22/2019
Koksijde,Arlette,Vrouwelijk,12/18/2019
Leuven,Louis,Mannelijk,12/18/2019
Leuven,Kevin,Mannelijk,12/09/2019
Beerse,Cindy,Vrouwelijk,12/20/2019
Oudenaarde,Stephan,Mannelijk,12/16/2019
Lommel,Jan,Mannelijk,12/16/2019
Heist-op-den-Berg,Nicole,Vrouwelijk,12/15/2019
Sint-Lambrechts-Woluwe,Fiona,Vrouwelijk,12/16/2019
Lievegem,Luc,Mannelijk,12/13/2019
Couvin,Mireille,Vrouwelijk,12/10/2019
Lokeren,Sandy,Vrouwelijk,12/16/2019
Lebbeke,Margareta,Vrouwelijk,12/25/2019
Sint-Jans-Molenbeek,Mireille,Vrouwelijk,12/28/2019
Antwerpen,Odette,Vrouwelijk,02/08/2020
Namen,Damien,Mannelijk,12/16/2019
Antwerpen,Havva,Vrouwelijk,12/28/2019
Overijse,Gabriel,Mannelijk,12/09/2019
Brecht,Karl,Mannelijk,12/26/2019
Gesves,Véronique,Vrouwelijk,12/29/2019
Villers-Le-Bouillet,David,Mannelijk,12/19/2019
Seraing,Alicia,Vrouwelijk,12/25/2019
Zonhoven,Paula,Vrouwelijk,12/15/2019
Gent,Ronny,Mannelijk,12/18/2019
Bastenaken,Jeanne,Vrouwelijk,12/09/2019
Knokke-Heist,Geoffrey,Mannelijk,12/29/2019
Menen,Lore,Vrouwelijk,12/09/2019
Oosterzele,Leen,Vrouwelijk,12/19/2019
Luik,Yousra,Vrouwelijk,12/23/2019
Sint-Niklaas (Sint-Niklaas),Patrick,Mannelijk,12/28/2019
Linter,Hilda,Vrouwelijk,01/10/2020
Lokeren,Kathleen,Vrouwelijk,12/16/2019
Erpe-Mere,Kenneth,Mannelijk,12/24/2019
Lebbeke,Hans,Mannelijk,12/15/2019
Namen,Raymonde,Vrouwelijk,12/12/2019
Ham,Danny,Mannelijk,12/30/2019
Leuven,Christel,Vrouwelijk,12/14/2019
Destelbergen,Kurt,Mannelijk,12/10/2019
Aalter,An,Vrouwelijk,12/17/2019
Aarschot,Kris,Mannelijk,12/17/2019
Donceel,Valérie,Vrouwelijk,12/24/2019
Jalhay,Clara,Vrouwelijk,12/28/2019
Beaumont,Michel,Mannelijk,12/18/2019
Jette,Peter,Mannelijk,12/21/2019
Puurs-Sint-Amands,Frederik,Mannelijk,12/19/2019
Gooik,Ines,Vrouwelijk,12/26/2019
Gent,Claire,Vrouwelijk,12/12/2019
Anderlecht,Daniel,Mannelijk,12/21/2019
Sint-Gillis,Wojciech,Mannelijk,12/21/2019
Ukkel,Bernard,Mannelijk,12/29/2019
Antwerpen,Nico,Mannelijk,12/17/2019
Wommelgem,Diana,Vrouwelijk,12/28/2019
Antwerpen,Mohamed,Mannelijk,01/11/2020
Vorselaar,Sofie,Vrouwelijk,01/12/2020
Menen,Serge,Mannelijk,01/07/2020
Evere,Mourad,Mannelijk,01/19/2020
Izegem,Philip,Mannelijk,12/10/2019
Farciennes,Gönül,Vrouwelijk,12/13/2019
Halen,Nadine,Vrouwelijk,01/02/2020
Sint-Jans-Molenbeek,Gérard,Mannelijk,12/17/2019
Beveren (Sint-Niklaas),Ann,Vrouwelijk,12/12/2019
Luik,Anna,Vrouwelijk,12/30/2019
Oudenburg,Marcel,Mannelijk,12/25/2019
Antwerpen,Geert,Mannelijk,12/16/2019
Bilzen,Anne,Vrouwelijk,12/20/2019
Borsbeek,Yannick,Mannelijk,12/26/2019
Yvoir,Chantal,Vrouwelijk,01/02/2020
Leuven,Isabel,Vrouwelijk,12/22/2019
Knokke-Heist,Martine,Vrouwelijk,12/27/2019
Fléron,Michel,Mannelijk,12/09/2019
Brussel,Sara,Vrouwelijk,12/23/2019
Gent,Elke,Vrouwelijk,12/16/2019
Harelbeke,Leen,Vrouwelijk,12/21/2019
Brugge,Michel,Mannelijk,12/09/2019
Ham,Kris,Mannelijk,12/13/2019
Deinze,Chris,Mannelijk,12/10/2019
Tubeke,Leila,Vrouwelijk,12/16/2019
Ravels,Marina,Vrouwelijk,12/21/2019
Ottignies-Louvain-la-Neuve,Rafael,Mannelijk,12/19/2019
Torhout,Rafaël,Mannelijk,12/15/2019
Hamme (Dendermonde),Anneleen,Vrouwelijk,12/22/2019
Lier,Sam,Mannelijk,01/10/2020
Antwerpen,Ilir,Mannelijk,12/19/2019
Sint-Niklaas (Sint-Niklaas),Bert,Mannelijk,12/27/2019
Sint-Truiden,Jacqueline,Vrouwelijk,12/19/2019
Berlaar,Daniël,Mannelijk,12/15/2019
Tessenderlo,Stefan,Mannelijk,12/14/2019
Wommelgem,Johan,Mannelijk,12/27/2019
Antwerpen,Marleen,Vrouwelijk,12/17/2019
Gent,Patrycja,Vrouwelijk,01/11/2020
Herentals,Lucienne,Vrouwelijk,12/14/2019
Le Roeulx,Stéphanie,Vrouwelijk,12/27/2019
Brussel,Jean,Mannelijk,12/13/2019
Hamont-Achel,Christel,Vrouwelijk,12/09/2019
Wevelgem,Philip,Mannelijk,12/14/2019
Aalst (Aalst),Lore,Vrouwelijk,12/19/2019
Maasmechelen,Giuseppe,Mannelijk,12/24/2019
Antwerpen,Ludwig,Mannelijk,01/07/2020
Schaarbeek,Elizabeth,Vrouwelijk,01/08/2020
Kapellen (Antwerpen),Marcus,Mannelijk,12/27/2019
Saint-Ghislain,Bérengère,Vrouwelijk,12/22/2019
’s Gravenbrakel,Philippe,Mannelijk,12/25/2019
Oostende,Johnny,Mannelijk,12/17/2019
Stabroek,Kobe,Mannelijk,12/25/2019
Schaarbeek,Fadila,Vrouwelijk,12/16/2019
Aalst (Aalst),Pieter-Jan,Mannelijk,12/10/2019
Brugge,Dimitri,Mannelijk,12/12/2019
Brugge,Godelieve,Vrouwelijk,12/13/2019
Antwerpen,Salma,Vrouwelijk,12/12/2019
Wevelgem,Robin,Mannelijk,12/23/2019
Staden,Filip,Mannelijk,12/28/2019
Bütgenbach,Maxime,Mannelijk,12/23/2019
Rumst,Amélie,Vrouwelijk,12/13/2019
Namen,Jason,Mannelijk,12/14/2019
Dilbeek,Willy,Mannelijk,12/11/2019
’s Gravenbrakel,Benoît,Mannelijk,12/18/2019
Hemiksem,Emily,Vrouwelijk,12/19/2019
Bergen,Hélène,Vrouwelijk,01/01/2020
Lokeren,Elise,Vrouwelijk,12/17/2019
Sint-Pieters-Leeuw,Cécile,Vrouwelijk,12/24/2019
Mechelen,Said,Mannelijk,12/26/2019
Antwerpen,Renaud,Mannelijk,12/25/2019
Charleroi,Tomy,Mannelijk,12/17/2019
Sint-Agatha-Berchem,Joëlle,Vrouwelijk,12/14/2019
Essen,Laura,Vrouwelijk,12/24/2019
Eigenbrakel,Gérald,Mannelijk,12/16/2019
Welkenraedt,Benoit,Mannelijk,12/26/2019
Mont-Saint-Guibert,Xavier,Mannelijk,12/13/2019
Hoegaarden,Luc,Mannelijk,12/22/2019
Lens,Francine,Vrouwelijk,12/22/2019
Charleroi,Mariette,Vrouwelijk,12/22/2019
Malmedy,Sabine,Vrouwelijk,12/11/2019
Sint-Niklaas (Sint-Niklaas),Filip,Mannelijk,12/19/2019
Vorst (Brussel-Hoofdstad),Marian,Mannelijk,12/16/2019
Heuvelland,Jeroen,Mannelijk,12/16/2019
Genepiën,Maryse,Vrouwelijk,12/22/2019
Wetteren,Johan,Mannelijk,12/21/2019
Seraing,Noah,Mannelijk,12/17/2019
Schaarbeek,Diego,Mannelijk,12/22/2019
Aat,Rudy,Mannelijk,01/04/2020
Brugge,Paul,Mannelijk,01/03/2020
Antwerpen,Marina,Vrouwelijk,12/23/2019
Moorslede,Marieke,Vrouwelijk,12/23/2019
Destelbergen,Oona,Vrouwelijk,12/15/2019
Pont-à-Celles,Alain,Mannelijk,12/11/2019
Saint-Hubert,Arnaud,Mannelijk,01/07/2020
La Louvière,René,Mannelijk,12/11/2019
Luik,Camille,Vrouwelijk,12/13/2019
Halle (Halle-Vilvoorde),Marc,Mannelijk,12/15/2019
Zonhoven,Steven,Mannelijk,12/19/2019
Aalst (Aalst),Katelijne,Vrouwelijk,12/12/2019
Brugge,Nina,Vrouwelijk,12/17/2019
Huldenberg,Simonne,Vrouwelijk,12/16/2019
Chaudfontaine,Madeleine,Vrouwelijk,12/12/2019
Edingen,Patrick,Mannelijk,12/24/2019
Staden,Christiane,Vrouwelijk,01/26/2020
Ottignies-Louvain-la-Neuve,Hélène,Vrouwelijk,12/17/2019
Sambreville,Daniel,Mannelijk,12/16/2019
Herstal,Jason,Mannelijk,12/18/2019
Bornem,Frank,Mannelijk,12/17/2019
Heers,Sonja,Vrouwelijk,12/28/2019
Wemmel,Bernadette,Vrouwelijk,12/29/2019
Verviers,Viviane,Vrouwelijk,12/13/2019
Herent,Jules,Mannelijk,12/15/2019
Quaregnon,Marylène,Vrouwelijk,01/05/2020
Schaarbeek,Yanis,Mannelijk,12/16/2019
Antwerpen,Hubert,Mannelijk,01/07/2020
Oostrozebeke,Stef,Mannelijk,12/15/2019
Anderlues,Adeline,Vrouwelijk,12/13/2019
Ukkel,Sasha,Mannelijk,12/17/2019
Keerbergen,Bruno,Mannelijk,12/22/2019
Zonhoven,Robin,Mannelijk,12/25/2019
Aalter,Leen,Vrouwelijk,12/19/2019
