gemeente,naam,geslacht,verwachte datum
Binche,Jean-Christophe,Mannelijk,05/13/2019
Grâce-Hollogne,Eric,Mannelijk,04/26/2019
Geel,Ilse,Vrouwelijk,04/15/2019
Ninove,Geertrui,Vrouwelijk,04/16/2019
Heusden-Zolder,Niels,Mannelijk,04/19/2019
Kortemark,Shanna,Vrouwelijk,04/18/2019
Roeselare,Febe,Vrouwelijk,04/21/2019
Gesves,Mathieu,Mannelijk,04/21/2019
Schaarbeek,Said,Mannelijk,04/24/2019
Antwerpen,Eddy,Mannelijk,04/24/2019
Landen,Dirk,Mannelijk,04/24/2019
Anzegem,Annie,Vrouwelijk,04/20/2019
Deinze,Marie,Vrouwelijk,04/17/2019
Seraing,Véronique,Vrouwelijk,05/01/2019
Beveren (Sint-Niklaas),Vanessa,Vrouwelijk,04/20/2019
Machelen (Halle-Vilvoorde),Elke,Vrouwelijk,05/02/2019
Estaimpuis,Manon,Vrouwelijk,04/23/2019
Anderlecht,Katarzyna,Vrouwelijk,04/21/2019
Kortemark,Monica,Vrouwelijk,04/27/2019
Schaarbeek,Ceylan,Mannelijk,04/13/2019
Asse,Nina,Vrouwelijk,04/22/2019
Aarlen,Melissa,Vrouwelijk,04/23/2019
Anderlecht,Mounir,Mannelijk,04/16/2019
Welkenraedt,Jacques,Mannelijk,04/15/2019
La Louvière,Youssef,Mannelijk,05/02/2019
Roeselare,Luciaan,Mannelijk,05/14/2019
Namen,Serge,Mannelijk,05/04/2019
Sambreville,Josiane,Vrouwelijk,04/26/2019
Ciney,Claudine,Vrouwelijk,04/18/2019
Anzegem,Diego,Mannelijk,04/26/2019
Antwerpen,Nabil,Mannelijk,04/22/2019
Mortsel,Henriette,Vrouwelijk,04/20/2019
Willebroek,Annick,Vrouwelijk,05/04/2019
Rijkevorsel,Jozef,Mannelijk,05/14/2019
Messancy,Guillaume,Mannelijk,05/01/2019
Antwerpen,Selma,Vrouwelijk,05/13/2019
Kelmis,Christine,Vrouwelijk,05/09/2019
Heist-op-den-Berg,Filip,Mannelijk,04/25/2019
Lommel,Guido,Mannelijk,04/18/2019
Antwerpen,Azra,Vrouwelijk,06/13/2019
Tervuren,Michel,Mannelijk,04/17/2019
Houthalen-Helchteren,Lode,Mannelijk,04/15/2019
Poperinge,Cédric,Mannelijk,04/22/2019
Vorst (Brussel-Hoofdstad),Marta,Vrouwelijk,04/23/2019
Saint-Ghislain,Jacqueline,Vrouwelijk,04/22/2019
Andenne,Roger,Mannelijk,05/10/2019
Antwerpen,Jean,Mannelijk,04/21/2019
Terhulpen,Katia,Vrouwelijk,04/16/2019
Tubeke,Nicole,Vrouwelijk,04/27/2019
Luik,Manuella,Vrouwelijk,04/20/2019
Tubeke,Laura,Vrouwelijk,04/17/2019
Quiévrain,Alicia,Vrouwelijk,04/24/2019
Dilbeek,Thomas,Mannelijk,04/19/2019
Doornik,David,Mannelijk,04/25/2019
Bevekom,Agnès,Vrouwelijk,04/20/2019
Namen,Anne-Lise,Vrouwelijk,04/20/2019
Frasnes-lez-Anvaing,Dominique,Mannelijk,04/21/2019
Schelle,Hans,Mannelijk,04/20/2019
Heist-op-den-Berg,Vera,Vrouwelijk,04/27/2019
Brussel,Yasmine,Vrouwelijk,05/01/2019
De Haan,Bart,Mannelijk,04/25/2019
Ans,Jean,Mannelijk,04/26/2019
Lede,Stijn,Mannelijk,04/23/2019
Incourt,Véronique,Vrouwelijk,04/16/2019
Verviers,Jules,Mannelijk,05/10/2019
Mol,Anna,Vrouwelijk,05/05/2019
Seraing,Michaël,Mannelijk,05/06/2019
Zwijndrecht,Luc,Mannelijk,04/22/2019
Middelkerke,Shirley,Vrouwelijk,05/16/2019
Brasschaat,Peter,Mannelijk,04/29/2019
Oud-Heverlee,Suzanne,Vrouwelijk,05/23/2019
Balen,Johan,Mannelijk,04/18/2019
Sint-Pieters-Leeuw,Augusta,Vrouwelijk,05/14/2019
Staden,Isolde,Vrouwelijk,04/17/2019
Sint-Lambrechts-Woluwe,Nikola,Mannelijk,04/29/2019
Hasselt,Marcel,Mannelijk,04/21/2019
Opwijk,Didier,Mannelijk,04/15/2019
Ternat,Paul,Mannelijk,05/10/2019
Florennes,Jean,Mannelijk,04/16/2019
Vloesberg,Céline,Vrouwelijk,04/13/2019
Brecht,Sven,Mannelijk,04/20/2019
Charleroi,Nadia,Vrouwelijk,04/23/2019
Aalst (Aalst),Hailey,Vrouwelijk,04/23/2019
Brugge,Shanna,Vrouwelijk,04/13/2019
Sint-Agatha-Berchem,Yvonne,Vrouwelijk,05/16/2019
Ieper,Juliette,Vrouwelijk,04/26/2019
Alken,Marcel,Mannelijk,04/24/2019
Dilbeek,Brigitte,Vrouwelijk,04/22/2019
Namen,Julie,Vrouwelijk,05/01/2019
Flémalle,Léa,Vrouwelijk,04/24/2019
Ganshoren,Samuel,Mannelijk,04/18/2019
Chastre,Jean,Mannelijk,04/20/2019
Luik,Martine,Vrouwelijk,05/11/2019
Roeselare,Georgiana,Vrouwelijk,04/24/2019
Sint-Jans-Molenbeek,Vasile,Mannelijk,06/05/2019
Denderleeuw,Erna,Vrouwelijk,05/02/2019
Brugge,Joachim,Mannelijk,05/20/2019
Schaarbeek,Iman,Vrouwelijk,04/29/2019
Rotselaar,Ronald,Mannelijk,04/23/2019
Mol,Luc,Mannelijk,05/03/2019
Beloeil,Martine,Vrouwelijk,04/17/2019
Charleroi,Peyton,Vrouwelijk,05/01/2019
Charleroi,Fabian,Mannelijk,04/19/2019
Blankenberge,Maria,Vrouwelijk,04/30/2019
Zottegem,Yvonne,Vrouwelijk,04/26/2019
Antwerpen,Gert,Mannelijk,04/26/2019
Tielt-Winge,Anne,Vrouwelijk,05/15/2019
Roeselare,Anita,Vrouwelijk,04/15/2019
Bergen,Eric,Mannelijk,04/28/2019
Hamme (Dendermonde),Paul,Mannelijk,05/06/2019
Luik,Fabienne,Vrouwelijk,05/28/2019
Montigny-le-Tilleul,Jean-Christophe,Mannelijk,04/16/2019
Celles (Doornik),Jeanne,Vrouwelijk,04/23/2019
Hoogstraten,Sebastiaan,Mannelijk,04/27/2019
Herk-de-Stad,Wouter,Mannelijk,04/28/2019
Charleroi,Nabil,Mannelijk,04/25/2019
Brussel,Eric,Mannelijk,05/06/2019
Mortsel,Noah,Mannelijk,06/01/2019
Geraardsbergen,Phaedra,Vrouwelijk,04/18/2019
Schaarbeek,Jamila,Vrouwelijk,04/24/2019
Roeselare,Ibe,Mannelijk,04/29/2019
Willebroek,Carola,Vrouwelijk,05/03/2019
Anzegem,Marleen,Vrouwelijk,04/15/2019
Lochristi,Nathalie,Vrouwelijk,04/21/2019
Kortrijk,Emilia,Vrouwelijk,05/02/2019
Herent,Gert,Mannelijk,04/24/2019
Halen,Febe,Vrouwelijk,04/22/2019
Charleroi,Françoise,Vrouwelijk,05/01/2019
Hamois,Félix,Mannelijk,04/24/2019
Antwerpen,Una,Vrouwelijk,04/24/2019
Châtelet,Céline,Vrouwelijk,04/29/2019
Brussel,Nicolaos,Mannelijk,04/24/2019
Aalter,Antoine,Mannelijk,04/25/2019
Sint-Niklaas (Sint-Niklaas),Estée,Vrouwelijk,04/30/2019
Etterbeek,Jose,Mannelijk,05/08/2019
Begijnendijk,Roel,Mannelijk,04/24/2019
Beringen,Maria,Vrouwelijk,04/16/2019
Ottignies-Louvain-la-Neuve,Julie,Vrouwelijk,05/07/2019
Antwerpen,Evi,Vrouwelijk,04/13/2019
Anderlecht,Abderrahim,Mannelijk,05/31/2019
Morlanwelz,Thomas,Mannelijk,04/28/2019
Antwerpen,Els,Vrouwelijk,05/09/2019
Gent,Anne-Marie,Vrouwelijk,05/02/2019
Antwerpen,Ingrid,Vrouwelijk,05/07/2019
Zandhoven,Jozef,Mannelijk,04/15/2019
Ukkel,Lucienne,Vrouwelijk,04/26/2019
Florenville,Jean-Luc,Mannelijk,04/20/2019
Puurs-Sint-Amands,Robin,Mannelijk,04/20/2019
Deinze,Matthias,Mannelijk,04/21/2019
Vorst (Brussel-Hoofdstad),Vincent,Mannelijk,04/14/2019
Aalst (Aalst),Regina,Vrouwelijk,04/18/2019
Bornem,Kathleen,Vrouwelijk,05/02/2019
Sint-Gillis,Eva,Vrouwelijk,04/24/2019
Antoing,Francine,Vrouwelijk,04/13/2019
Luik,Anthony,Mannelijk,04/24/2019
Halle (Halle-Vilvoorde),Koenraad,Mannelijk,04/21/2019
Hasselt,Daniël,Mannelijk,04/27/2019
Turnhout,Christiaan,Mannelijk,04/20/2019
Antwerpen,Guy,Mannelijk,04/15/2019
Keerbergen,Maria,Vrouwelijk,05/13/2019
Chaudfontaine,Dominique,Mannelijk,06/03/2019
Aalter,Eddy,Mannelijk,05/08/2019
Charleroi,Estéban,Mannelijk,04/23/2019
Luik,Mounir,Mannelijk,05/01/2019
Oupeye,Stéphane,Mannelijk,04/29/2019
Blegny,Pierre,Mannelijk,05/07/2019
Moeskroen,Annick,Vrouwelijk,04/29/2019
Kortrijk,Ginette,Vrouwelijk,05/03/2019
Antwerpen,Marina,Vrouwelijk,04/22/2019
Saint-Nicolas (Luik),Rita,Vrouwelijk,04/27/2019
Antwerpen,Robert,Mannelijk,04/13/2019
Theux,Robert,Mannelijk,04/21/2019
Temse,Marc,Mannelijk,04/30/2019
Aalst (Aalst),Kristien,Vrouwelijk,05/13/2019
’s Gravenbrakel,Emeline,Vrouwelijk,05/02/2019
Sint-Agatha-Berchem,Saida,Vrouwelijk,04/21/2019
Doornik,Didier,Mannelijk,04/21/2019
Charleroi,Angélique,Vrouwelijk,04/29/2019
Colfontaine,Stéphane,Mannelijk,04/21/2019
Gedinne,Clara,Vrouwelijk,04/30/2019
Bergen,Sofia,Vrouwelijk,04/23/2019
Leuven,Nele,Vrouwelijk,04/26/2019
Blankenberge,Elias,Mannelijk,04/30/2019
Zoersel,Jules,Mannelijk,04/25/2019
Chaumont-Gistoux,Muriel,Vrouwelijk,04/21/2019
Damme,Louise,Vrouwelijk,04/26/2019
Geel,Paula,Vrouwelijk,04/27/2019
Haacht,Yvonne,Vrouwelijk,05/11/2019
Sivry-Rance,Philippe,Mannelijk,04/23/2019
Mont-Saint-Guibert,Rudy,Mannelijk,06/02/2019
Geel,Emiel,Mannelijk,04/20/2019
Duffel,Kaat,Vrouwelijk,05/04/2019
Tienen,Georges,Mannelijk,04/13/2019
Eigenbrakel,Michèle,Vrouwelijk,04/24/2019
Lessen,Isabelle,Vrouwelijk,04/23/2019
Oud-Heverlee,Anna,Vrouwelijk,04/30/2019
Gent,Maxim,Mannelijk,05/10/2019
Antwerpen,Amira,Vrouwelijk,04/21/2019
Oostende,Dolma,Vrouwelijk,05/01/2019
Schelle,Freddy,Mannelijk,05/08/2019
Elsene,Léa,Vrouwelijk,04/24/2019
Zottegem,Cecile,Vrouwelijk,04/30/2019
Namen,Marina,Vrouwelijk,04/30/2019
Sint-Truiden,Jordy,Mannelijk,04/24/2019
Tienen,Wannes,Mannelijk,04/28/2019
Sint-Katelijne-Waver,Maria,Vrouwelijk,04/13/2019
Beveren (Sint-Niklaas),Debby,Vrouwelijk,04/19/2019
Lokeren,Céline,Vrouwelijk,04/14/2019
Grimbergen,Pierre,Mannelijk,05/01/2019
Hélécine,Isabelle,Vrouwelijk,05/14/2019
Kluisbergen,Elise,Vrouwelijk,05/02/2019
Lommel,Mark,Mannelijk,04/21/2019
Diest,Patricia,Vrouwelijk,04/14/2019
Andenne,Marine,Vrouwelijk,04/16/2019
Beveren (Sint-Niklaas),Nadine,Vrouwelijk,05/03/2019
Charleroi,Fabrice,Mannelijk,04/20/2019
Anderlecht,Gérard,Mannelijk,05/11/2019
Remicourt,Nathalie,Vrouwelijk,05/04/2019
Brugge,Martine,Vrouwelijk,05/20/2019
Rochefort,Bénédicte,Vrouwelijk,04/24/2019
Antwerpen,Mohamed,Mannelijk,05/02/2019
Amay,Marc,Mannelijk,04/28/2019
Opzullik,Nicolas,Mannelijk,04/21/2019
Kortrijk,Laura,Vrouwelijk,04/23/2019
Rotselaar,Lutgarde,Vrouwelijk,05/07/2019
Zottegem,René,Mannelijk,04/29/2019
Wezet,Daniel,Mannelijk,04/24/2019
Heist-op-den-Berg,Jessie,Vrouwelijk,04/30/2019
Oud-Heverlee,Philippe,Mannelijk,04/17/2019
Elsene,Marianne,Vrouwelijk,04/25/2019
Ieper,Didier,Mannelijk,04/22/2019
Braives,Julie,Vrouwelijk,04/22/2019
Antwerpen,Semir,Mannelijk,05/15/2019
Sint-Gillis-Waas,Gilles,Mannelijk,05/01/2019
Stekene,Marie,Vrouwelijk,04/24/2019
Schilde,Eric,Mannelijk,04/27/2019
Gent,William,Mannelijk,05/17/2019
Aalst (Aalst),Klaas,Mannelijk,04/20/2019
Diksmuide,Stan,Mannelijk,05/13/2019
Eupen,Petra,Vrouwelijk,04/18/2019
Herentals,Maria,Vrouwelijk,04/23/2019
Fernelmont,Madeleine,Vrouwelijk,05/13/2019
Antwerpen,Jannes,Mannelijk,05/01/2019
Schaarbeek,Nursel,Vrouwelijk,05/03/2019
Elsene,Jan,Mannelijk,04/24/2019
Jemeppe-sur-Sambre,Alain,Mannelijk,04/17/2019
Welkenraedt,Lucas,Mannelijk,04/13/2019
Hasselt,Jan,Mannelijk,04/21/2019
Brecht,Bart,Mannelijk,05/07/2019
Temse,Rita,Vrouwelijk,04/20/2019
Antwerpen,Loretta,Vrouwelijk,04/22/2019
Pepingen,Kevin,Mannelijk,05/01/2019
Landen,Kobe,Mannelijk,04/24/2019
Opwijk,David,Mannelijk,04/23/2019
Beringen,Malika,Vrouwelijk,04/20/2019
Maldegem,Mariette,Vrouwelijk,04/30/2019
Destelbergen,Marnix,Mannelijk,04/24/2019
Gent,Muharrem,Mannelijk,04/16/2019
Walcourt,Louise,Vrouwelijk,04/18/2019
Halle (Halle-Vilvoorde),Peter,Mannelijk,04/23/2019
Poperinge,Lien,Vrouwelijk,04/23/2019
Gent,Herman,Mannelijk,04/28/2019
Bornem,Geert,Mannelijk,04/29/2019
Linkebeek,Emilie,Vrouwelijk,04/14/2019
Diksmuide,Simonne,Vrouwelijk,05/05/2019
Maldegem,Jacqueline,Vrouwelijk,04/19/2019
Antwerpen,Edgard,Mannelijk,04/18/2019
Herstal,Amandine,Vrouwelijk,05/14/2019
Herne,Daan,Mannelijk,04/14/2019
Quaregnon,Fabio,Mannelijk,04/26/2019
Lier,Fiona,Vrouwelijk,04/16/2019
Lier,Nikki,Vrouwelijk,04/18/2019
Saint-Hubert,Nathalie,Vrouwelijk,04/22/2019
Brussel,Mohamed,Mannelijk,04/21/2019
Luik,Elisa,Vrouwelijk,05/06/2019
Anzegem,Monique,Vrouwelijk,05/06/2019
Lokeren,Jean,Mannelijk,05/12/2019
Kruisem,Anneke,Vrouwelijk,04/24/2019
Koksijde,Liliane,Vrouwelijk,04/24/2019
Sint-Niklaas (Sint-Niklaas),Ramazan,Mannelijk,06/11/2019
Bernissart,Benoit,Mannelijk,04/19/2019
Courcelles,Emilienne,Vrouwelijk,05/03/2019
Houthulst,Christine,Vrouwelijk,04/18/2019
Charleroi,Aaron,Mannelijk,04/25/2019
Wetteren,Caroline,Vrouwelijk,05/02/2019
Kruibeke,Hugo,Mannelijk,05/03/2019
Menen,Steve,Mannelijk,04/17/2019
Bevekom,Gilles,Mannelijk,04/30/2019
Aalter,Tom,Mannelijk,05/01/2019
Anderlues,Murielle,Vrouwelijk,05/09/2019
Eghezée,Lily,Vrouwelijk,04/21/2019
Brugge,Marleen,Vrouwelijk,04/18/2019
Sint-Jans-Molenbeek,Céline,Vrouwelijk,04/25/2019
Antwerpen,Miguel,Mannelijk,04/22/2019
Anderlecht,Mouad,Mannelijk,04/30/2019
Holsbeek,Emma,Vrouwelijk,04/28/2019
Herstal,Marie,Vrouwelijk,04/25/2019
Assenede,Anny,Vrouwelijk,04/16/2019
Mechelen,Anass,Mannelijk,04/22/2019
Opwijk,Guy,Mannelijk,05/02/2019
Antwerpen,Ayman,Mannelijk,04/20/2019
Ganshoren,Zohra,Vrouwelijk,04/23/2019
Heusden-Zolder,Maria,Vrouwelijk,04/29/2019
Hasselt,Beatrice,Vrouwelijk,04/17/2019
Evergem,Sven,Mannelijk,04/27/2019
Sint-Pieters-Woluwe,Achille,Mannelijk,05/17/2019
Brugge,Tommy,Mannelijk,05/07/2019
Ottignies-Louvain-la-Neuve,Carine,Vrouwelijk,04/28/2019
Oostende,Guy,Mannelijk,04/25/2019
Bièvre,Christian,Mannelijk,05/04/2019
Antwerpen,Magdalena,Vrouwelijk,04/28/2019
Beveren (Sint-Niklaas),Lore,Vrouwelijk,04/16/2019
Aalter,Axelle,Vrouwelijk,04/16/2019
Rixensart,Christine,Vrouwelijk,04/21/2019
Maldegem,Mila,Vrouwelijk,04/26/2019
Lille,Elza,Vrouwelijk,04/26/2019
Vorselaar,Vanessa,Vrouwelijk,04/21/2019
Lichtervelde,Marleen,Vrouwelijk,04/30/2019
Zele,Gaston,Mannelijk,04/21/2019
Luik,Florent,Mannelijk,04/17/2019
