gemeente,naam,geslacht,verwachte datum
Deinze,Carine,Vrouwelijk,06/01/2019
Hamme (Dendermonde),Jan,Mannelijk,06/02/2019
Beloeil,Nicolas,Mannelijk,05/28/2019
Oostende,Dieter,Mannelijk,06/05/2019
Grimbergen,Sylvain,Mannelijk,05/23/2019
Moeskroen,Noah,Mannelijk,05/30/2019
Brussel,René,Mannelijk,06/03/2019
Dilbeek,Anita,Vrouwelijk,06/04/2019
Mettet,Gilbert,Mannelijk,06/15/2019
Antwerpen,Steffi,Vrouwelijk,06/02/2019
Beauraing,Pascal,Mannelijk,05/27/2019
Hannuit,Luc,Mannelijk,06/01/2019
Pelt,Ella,Vrouwelijk,05/31/2019
Balen,Luc,Mannelijk,06/08/2019
Halle (Halle-Vilvoorde),Arthur,Mannelijk,06/06/2019
Halen,Lucien,Mannelijk,06/06/2019
Sint-Truiden,Lola,Vrouwelijk,05/30/2019
Huldenberg,Willem,Mannelijk,05/31/2019
Maaseik,Lindsey,Vrouwelijk,06/21/2019
Oudergem,Stéphanie,Vrouwelijk,06/20/2019
Schaarbeek,Naima,Vrouwelijk,05/25/2019
Diest,Rita,Vrouwelijk,05/24/2019
Tervuren,Stéphanie,Vrouwelijk,06/05/2019
Schaarbeek,Yilmaz,Mannelijk,06/12/2019
Herve,Rachel,Vrouwelijk,06/02/2019
Welkenraedt,Marie-Paule,Vrouwelijk,06/07/2019
Edegem,Nathalie,Vrouwelijk,06/06/2019
Schoten,Nick,Mannelijk,05/31/2019
Verviers,Milana,Vrouwelijk,05/30/2019
Gent,Marc,Mannelijk,05/30/2019
Ingelmunster,Elias,Mannelijk,05/22/2019
Schaarbeek,Mustapha,Mannelijk,05/31/2019
Colfontaine,Elise,Vrouwelijk,06/15/2019
Leuven,Leslie,Mannelijk,05/22/2019
Tongeren,Kristel,Vrouwelijk,05/30/2019
Nieuwpoort,Simonne,Vrouwelijk,05/29/2019
Soumagne,Giuseppe,Mannelijk,05/26/2019
Lummen,Jeanine,Vrouwelijk,06/09/2019
Knokke-Heist,Roel,Mannelijk,06/02/2019
Izegem,Nathalie,Vrouwelijk,06/05/2019
Buggenhout,Margot,Vrouwelijk,06/08/2019
Vilvoorde,Thierry,Mannelijk,06/04/2019
Schaarbeek,Walid,Mannelijk,06/08/2019
Gent,Lisa,Vrouwelijk,06/18/2019
Ukkel,Pascal,Mannelijk,06/03/2019
Hasselt,Martha,Vrouwelijk,06/01/2019
Gent,Stephanie,Vrouwelijk,06/03/2019
Saint-Ghislain,Marie,Vrouwelijk,06/13/2019
Aarschot,Anne,Vrouwelijk,07/03/2019
Jette,Jeremy,Mannelijk,05/22/2019
Saint-Ghislain,Théo,Mannelijk,06/22/2019
Bierbeek,Laurent,Mannelijk,06/04/2019
Oudenaarde,Lieselot,Vrouwelijk,06/03/2019
Blankenberge,Ella,Vrouwelijk,06/11/2019
Izegem,Fernand,Mannelijk,05/31/2019
Maasmechelen,Maria,Vrouwelijk,05/22/2019
Ieper,Godelieva,Vrouwelijk,05/28/2019
Namen,Christine,Vrouwelijk,06/18/2019
Charleroi,Salvatore,Mannelijk,06/03/2019
Ottignies-Louvain-la-Neuve,Assia,Vrouwelijk,06/20/2019
Kortrijk,Michel,Mannelijk,05/30/2019
Nassogne,Dominique,Mannelijk,05/27/2019
Brussel,Zohra,Vrouwelijk,05/28/2019
Anderlecht,Ilham,Vrouwelijk,05/22/2019
Ruiselede,Kim,Vrouwelijk,05/29/2019
Watermaal-Bosvoorde,Eva,Vrouwelijk,06/10/2019
Brussel,Faysal,Mannelijk,05/29/2019
Lokeren,Lien,Vrouwelijk,06/06/2019
Boussu,Anthony,Mannelijk,06/03/2019
Antwerpen,Johan,Mannelijk,06/02/2019
Libin,Jean-Luc,Mannelijk,06/01/2019
Kortrijk,Joris,Mannelijk,06/11/2019
Leuven,Paulien,Vrouwelijk,05/30/2019
Quaregnon,Jason,Mannelijk,05/25/2019
Sint-Agatha-Berchem,Sonia,Vrouwelijk,05/25/2019
Marchin,Benoît,Mannelijk,06/08/2019
Peer,Franne,Vrouwelijk,05/26/2019
Moeskroen,Roland,Mannelijk,06/05/2019
Londerzeel,Rachid,Mannelijk,05/22/2019
Luik,Michèle,Vrouwelijk,06/08/2019
Charleroi,Noëlla,Vrouwelijk,05/30/2019
Leuven,Johan,Mannelijk,06/10/2019
Sint-Lambrechts-Woluwe,Emma,Vrouwelijk,06/06/2019
Roeselare,Elena,Vrouwelijk,06/02/2019
Oostkamp,Stephan,Mannelijk,05/30/2019
Charleroi,Rachida,Vrouwelijk,06/08/2019
Roeselare,Jean-Pierre,Mannelijk,05/25/2019
Saint-Georges-sur-Meuse,Sébastien,Mannelijk,06/04/2019
Jette,Maxime,Mannelijk,06/06/2019
Halen,Francis,Mannelijk,05/29/2019
Zoersel,Monique,Vrouwelijk,06/09/2019
Antwerpen,Senne,Mannelijk,06/24/2019
Diepenbeek,Erwin,Mannelijk,06/08/2019
Houthulst,Chris,Mannelijk,06/12/2019
Erquelinnes,Océane,Vrouwelijk,05/23/2019
Roeselare,Hilde,Vrouwelijk,06/03/2019
Lievegem,Tineke,Vrouwelijk,06/15/2019
Sambreville,Logan,Mannelijk,06/24/2019
Leuze-en-Hainaut,Frédéric,Mannelijk,05/23/2019
Zedelgem,Carlo,Mannelijk,05/24/2019
Chaudfontaine,Marie,Vrouwelijk,06/09/2019
Lanaken,Sofie,Vrouwelijk,05/27/2019
Sint-Lambrechts-Woluwe,Philippe,Mannelijk,05/26/2019
Scherpenheuvel-Zichem,Willy,Mannelijk,05/23/2019
Namen,Véronique,Vrouwelijk,06/25/2019
Antwerpen,Sofie,Vrouwelijk,06/01/2019
Antwerpen,Sabine,Vrouwelijk,06/04/2019
Sint-Niklaas (Sint-Niklaas),Ive,Mannelijk,06/02/2019
Seraing,Yannis,Mannelijk,06/03/2019
Andenne,Steven,Mannelijk,06/03/2019
Hasselt,Ingrid,Vrouwelijk,05/27/2019
Antwerpen,Ricardo,Mannelijk,05/27/2019
Bree,Veerle,Vrouwelijk,05/31/2019
Aat,Ghislaine,Vrouwelijk,06/10/2019
Edingen,Nicolas,Mannelijk,05/23/2019
Schaarbeek,Hugo,Mannelijk,05/31/2019
Mechelen,Kirsten,Vrouwelijk,05/29/2019
Herstal,Benjamin,Mannelijk,06/14/2019
Waregem,Nico,Mannelijk,06/06/2019
Sint-Niklaas (Sint-Niklaas),Paul,Mannelijk,06/24/2019
Gent,Gustave,Mannelijk,05/29/2019
Herentals,Roger,Mannelijk,06/03/2019
Sint-Jans-Molenbeek,Anastasia,Vrouwelijk,06/01/2019
Schaarbeek,Laurent,Mannelijk,06/11/2019
Houffalize,Donovan,Mannelijk,06/11/2019
Anderlecht,Lobsang,Mannelijk,06/10/2019
Oudergem,Richard,Mannelijk,05/30/2019
Soumagne,Marie,Vrouwelijk,06/08/2019
Oostende,Rita,Vrouwelijk,05/25/2019
Gent,Alia,Vrouwelijk,06/08/2019
Wielsbeke,Julie,Vrouwelijk,06/02/2019
Andenne,Jérémy,Mannelijk,06/13/2019
Charleroi,Timothy,Mannelijk,06/11/2019
Elsene,Katharina,Vrouwelijk,06/04/2019
Sint-Jans-Molenbeek,Julia,Vrouwelijk,06/06/2019
Ruiselede,Davy,Mannelijk,06/02/2019
Lummen,André,Mannelijk,05/24/2019
Brussel,Yasemin,Vrouwelijk,06/10/2019
La Louvière,Claude,Mannelijk,05/23/2019
Charleroi,Lalla,Vrouwelijk,06/01/2019
Ravels,Maria,Vrouwelijk,07/15/2019
Aalst (Aalst),Maria,Vrouwelijk,06/17/2019
Charleroi,Christian,Mannelijk,06/05/2019
Walcourt,Isabelle,Vrouwelijk,06/02/2019
Ukkel,François,Mannelijk,06/03/2019
’s Gravenbrakel,Frédéric,Mannelijk,05/29/2019
Ichtegem,Maria,Vrouwelijk,05/31/2019
Sint-Lambrechts-Woluwe,Francis,Mannelijk,06/07/2019
Essen,Willem,Mannelijk,06/02/2019
Zwevegem,Anneleen,Vrouwelijk,05/31/2019
Jette,Zineb,Vrouwelijk,05/22/2019
Brussel,Arkadiusz,Mannelijk,05/27/2019
Lier,Ben,Mannelijk,06/07/2019
Hotton,André,Mannelijk,05/26/2019
Peer,Bart,Mannelijk,05/31/2019
Bertem,Roger,Mannelijk,06/03/2019
Halle (Halle-Vilvoorde),Irène,Vrouwelijk,05/26/2019
Nijvel,Chiara,Vrouwelijk,06/02/2019
Lessen,Cécile,Vrouwelijk,06/09/2019
Wevelgem,Carine,Vrouwelijk,06/02/2019
Tubeke,Frédéric,Mannelijk,05/31/2019
Kortrijk,Christine,Vrouwelijk,06/11/2019
Buggenhout,Emiel,Mannelijk,05/24/2019
Deinze,Els,Vrouwelijk,05/30/2019
Maaseik,Ties,Mannelijk,06/14/2019
Scherpenheuvel-Zichem,Ella,Vrouwelijk,06/11/2019
De Haan,Petra,Vrouwelijk,05/27/2019
Hasselt,Ahmed,Mannelijk,05/26/2019
Beveren (Sint-Niklaas),Milan,Mannelijk,06/03/2019
Herselt,Franciscus,Mannelijk,06/05/2019
Charleroi,Bruno,Mannelijk,06/06/2019
Zaventem,Delphine,Vrouwelijk,05/31/2019
Meise,Nancy,Vrouwelijk,06/05/2019
Pont-à-Celles,Lydie,Vrouwelijk,06/09/2019
Pont-à-Celles,Carinne,Vrouwelijk,06/06/2019
Estaimpuis,Vincent,Mannelijk,06/03/2019
Scherpenheuvel-Zichem,Anna,Vrouwelijk,07/21/2019
Koksijde,Raymond,Mannelijk,06/02/2019
Sint-Lambrechts-Woluwe,Martine,Vrouwelijk,05/23/2019
Knokke-Heist,Kenny,Mannelijk,05/31/2019
Antwerpen,Rosalie,Vrouwelijk,06/07/2019
Jurbeke,Philippe,Mannelijk,05/31/2019
Gent,Ellen,Vrouwelijk,06/05/2019
Brussel,Julien,Mannelijk,06/04/2019
Torhout,Johan,Mannelijk,05/31/2019
Koksijde,Irene,Vrouwelijk,06/10/2019
Koekelare,Anna,Vrouwelijk,06/22/2019
Lier,Annelies,Vrouwelijk,05/28/2019
Sint-Niklaas (Sint-Niklaas),Georges,Mannelijk,06/12/2019
Essen,Johan,Mannelijk,05/26/2019
Momignies,Hélène,Vrouwelijk,06/08/2019
Incourt,Gauthier,Mannelijk,06/05/2019
Diepenbeek,Robert,Mannelijk,05/24/2019
Dilbeek,Kenny,Mannelijk,06/04/2019
Boussu,Concetta,Vrouwelijk,06/06/2019
Namen,Nolan,Mannelijk,05/30/2019
Courcelles,Arthur,Mannelijk,06/04/2019
Frameries,Benjamin,Mannelijk,05/25/2019
Ganshoren,Jenny,Vrouwelijk,06/10/2019
Kluisbergen,Kimberly,Vrouwelijk,05/24/2019
Charleroi,Rachid,Mannelijk,05/30/2019
Gent,Carine,Vrouwelijk,05/25/2019
Andenne,Maëlle,Vrouwelijk,05/31/2019
Gent,Piet,Mannelijk,06/02/2019
Hamme (Dendermonde),Annita,Vrouwelijk,05/28/2019
Brasschaat,Ilse,Vrouwelijk,06/13/2019
Mechelen,Marco,Mannelijk,06/02/2019
Waterloo,Nicolas,Mannelijk,05/25/2019
Zulte,Francine,Vrouwelijk,05/24/2019
Begijnendijk,Lisette,Vrouwelijk,05/27/2019
Heist-op-den-Berg,Filip,Mannelijk,06/04/2019
Gent,Alexander,Mannelijk,05/26/2019
Temse,Thomas,Mannelijk,05/29/2019
Mol,Marie,Vrouwelijk,05/25/2019
Elsene,Yasmine,Vrouwelijk,06/11/2019
Ukkel,Marie,Vrouwelijk,05/29/2019
Fontaine-l’Evêque,Georges,Mannelijk,06/12/2019
Lokeren,Roger,Mannelijk,05/27/2019
Herzele,Sophie,Vrouwelijk,05/26/2019
Jette,Yvonne,Vrouwelijk,06/03/2019
Verviers,Aurore,Vrouwelijk,05/23/2019
Boortmeerbeek,Stéphane,Mannelijk,06/02/2019
Puurs-Sint-Amands,Angela,Vrouwelijk,06/10/2019
Fleurus,Nicolas,Mannelijk,06/08/2019
Schoten,Jeffrey,Mannelijk,06/12/2019
Oostende,Arlette,Vrouwelijk,05/24/2019
Aat,Luce,Vrouwelijk,05/29/2019
Antwerpen,Khaled,Mannelijk,06/01/2019
Antwerpen,Soumaya,Vrouwelijk,05/31/2019
Luik,Mohamed,Mannelijk,05/27/2019
Anderlecht,Roxana,Vrouwelijk,06/02/2019
Brussel,Michèle,Vrouwelijk,06/06/2019
Riemst,Hendrik,Mannelijk,06/18/2019
Overijse,Brent,Mannelijk,06/02/2019
Luik,Lenny,Mannelijk,05/29/2019
Sint-Truiden,Elke,Vrouwelijk,06/04/2019
Brussel,Filip,Mannelijk,06/21/2019
Sint-Lambrechts-Woluwe,Mathis,Mannelijk,06/03/2019
Diepenbeek,Ingrid,Vrouwelijk,06/24/2019
Aarschot,Guido,Mannelijk,06/04/2019
Aubel,Myriam,Vrouwelijk,05/30/2019
Mortsel,Eric,Mannelijk,05/27/2019
Gent,Merve,Vrouwelijk,06/10/2019
Kortrijk,Karen,Vrouwelijk,05/31/2019
Hamoir,Virginie,Vrouwelijk,06/05/2019
La Louvière,Mohammed,Mannelijk,05/27/2019
Zulte,Davy,Mannelijk,05/28/2019
Namen,Paula,Vrouwelijk,05/22/2019
Maaseik,Marco,Mannelijk,06/04/2019
Brugge,Justin,Mannelijk,06/01/2019
Zonnebeke,Kristof,Mannelijk,06/03/2019
Chapelle-lez-Herlaimont,Chantal,Vrouwelijk,05/31/2019
Evergem,Luc,Mannelijk,05/30/2019
Bastenaken,Marc,Mannelijk,06/19/2019
Evergem,Andy,Mannelijk,05/26/2019
Gent,Andries,Mannelijk,05/30/2019
Seraing,Michel,Mannelijk,06/05/2019
Merelbeke,Martine,Vrouwelijk,05/24/2019
Verviers,Françoise,Vrouwelijk,05/31/2019
Tremelo,Marcel,Mannelijk,06/11/2019
Deinze,Mieke,Vrouwelijk,06/08/2019
Lebbeke,Wendy,Vrouwelijk,06/09/2019
Zemst,Senne,Mannelijk,05/30/2019
Moeskroen,Carole,Vrouwelijk,06/03/2019
Ans,Elias,Mannelijk,06/01/2019
Geraardsbergen,Sébastien,Mannelijk,06/07/2019
Pont-à-Celles,Christian,Mannelijk,05/28/2019
Brugge,Roel,Mannelijk,05/31/2019
Leuven,Maria,Vrouwelijk,06/24/2019
Zottegem,Herman,Mannelijk,05/30/2019
Awans,Axelle,Vrouwelijk,05/22/2019
Sint-Jans-Molenbeek,Abdelaziz,Mannelijk,06/01/2019
Lokeren,Tessa,Vrouwelijk,05/27/2019
Elsene,Syrine,Vrouwelijk,06/03/2019
Limburg,Axel,Mannelijk,06/10/2019
La Louvière,Mélanie,Vrouwelijk,06/06/2019
Kortenaken,Marc,Mannelijk,06/07/2019
Dilbeek,Peter,Mannelijk,06/06/2019
Châtelet,Nicola,Mannelijk,05/29/2019
Vilvoorde,Sabri,Mannelijk,05/25/2019
Sint-Joost-ten-Node,Liliane,Vrouwelijk,05/26/2019
Gesves,Alexandre,Mannelijk,05/29/2019
Oudsbergen,Lars,Mannelijk,06/02/2019
Steenokkerzeel,Dylan,Mannelijk,06/04/2019
Tongeren,Fabienne,Vrouwelijk,06/10/2019
Brunehaut,John,Mannelijk,06/04/2019
Vilvoorde,Ibrahim,Mannelijk,05/22/2019
Kuurne,Sabine,Vrouwelijk,05/29/2019
Sint-Gillis,Frédéric,Mannelijk,05/23/2019
Paliseul,Liliane,Vrouwelijk,05/30/2019
Duffel,Ann,Vrouwelijk,06/07/2019
Leuze-en-Hainaut,Liam,Mannelijk,05/31/2019
Gent,Vera,Vrouwelijk,05/30/2019
Houthalen-Helchteren,Els,Vrouwelijk,06/23/2019
Zwijndrecht,Diane,Vrouwelijk,05/24/2019
Gent,Nicole,Vrouwelijk,06/17/2019
Herbeumont,Marie,Vrouwelijk,06/08/2019
Namen,Sara,Vrouwelijk,05/24/2019
La Louvière,Tiana,Vrouwelijk,06/22/2019
Tubeke,Daniela,Vrouwelijk,05/26/2019
Péruwelz,Josiane,Vrouwelijk,06/28/2019
Lasne,Nancy,Vrouwelijk,06/10/2019
Arendonk,Kim,Vrouwelijk,05/31/2019
Sambreville,Lucia,Vrouwelijk,06/04/2019
Aubange,Sara,Vrouwelijk,06/12/2019
Anderlecht,Murat,Mannelijk,06/03/2019
Luik,Mattia,Vrouwelijk,05/26/2019
Berlare,Nicole,Vrouwelijk,06/06/2019
Nijlen,Simonne,Vrouwelijk,05/29/2019
Lierde,Glenn,Mannelijk,05/22/2019
Verviers,André,Mannelijk,06/02/2019
Bergen,Lina,Vrouwelijk,06/13/2019
Courcelles,Aliya,Vrouwelijk,06/20/2019
Schaarbeek,Ramazan,Mannelijk,06/11/2019
Beveren (Sint-Niklaas),Gerrit,Mannelijk,06/05/2019
Maldegem,Wesley,Mannelijk,05/31/2019
Opzullik,Sandy,Vrouwelijk,06/14/2019
