gemeente,naam,geslacht,verwachte datum
Tintigny,David,Mannelijk,12/11/2019
Antwerpen,Sarah,Vrouwelijk,12/30/2019
Namen,Marc,Mannelijk,12/18/2019
Antwerpen,Mesud,Mannelijk,12/23/2019
Antwerpen,Alfons,Mannelijk,12/23/2019
Linkebeek,Myriam,Vrouwelijk,12/15/2019
Boussu,Anita,Vrouwelijk,12/12/2019
Luik,Julian,Mannelijk,12/12/2019
Maldegem,Jozef,Mannelijk,12/24/2019
Oosterzele,Anneleen,Vrouwelijk,12/21/2019
Tongeren,Miranda,Vrouwelijk,12/11/2019
Brecht,Lydia,Vrouwelijk,12/15/2019
Zaventem,Nelly,Vrouwelijk,12/18/2019
Aarschot,Patrick,Mannelijk,12/12/2019
La Louvière,Lolita,Vrouwelijk,12/06/2019
Tielt (Tielt),Mathijs,Mannelijk,12/21/2019
Beveren (Sint-Niklaas),Jaak,Mannelijk,12/14/2019
Bevekom,Chloé,Vrouwelijk,12/16/2019
Destelbergen,Patricia,Vrouwelijk,12/15/2019
Theux,Romane,Vrouwelijk,12/17/2019
Kortrijk,Rudi,Mannelijk,12/24/2019
Geraardsbergen,Tristan,Mannelijk,12/15/2019
Waregem,Henriette,Vrouwelijk,12/22/2019
Tessenderlo,Alfons,Mannelijk,01/04/2020
Antwerpen,Thierry,Mannelijk,12/06/2019
Charleroi,Mélissa,Vrouwelijk,12/05/2019
Aubange,Anita,Vrouwelijk,12/23/2019
Gent,Geert,Mannelijk,12/15/2019
Namen,Marie,Vrouwelijk,12/12/2019
Pelt,Heidi,Vrouwelijk,12/07/2019
Destelbergen,Christoph,Mannelijk,12/18/2019
Wellen,Paula,Vrouwelijk,12/09/2019
Kontich,Alfons,Mannelijk,12/16/2019
Oupeye,Véronique,Vrouwelijk,12/28/2019
Namen,Jacques,Mannelijk,12/22/2019
Wommelgem,Maria,Vrouwelijk,12/10/2019
Nieuwpoort,Frederik,Mannelijk,12/11/2019
Flémalle,Jean-Christophe,Mannelijk,12/14/2019
Rijkevorsel,Nicole,Vrouwelijk,12/14/2019
Bergen,Léandro,Mannelijk,12/21/2019
Theux,Fabienne,Vrouwelijk,12/24/2019
Ravels,Jeroen,Mannelijk,12/15/2019
Nijlen,Els,Vrouwelijk,12/05/2019
Gent,Aymen,Mannelijk,12/15/2019
Hasselt,Maryse,Vrouwelijk,12/25/2019
Brugge,Suzanne,Vrouwelijk,12/11/2019
Lokeren,Christina,Vrouwelijk,12/12/2019
Brecht,Michel,Mannelijk,12/21/2019
Antwerpen,Martine,Vrouwelijk,12/13/2019
Peer,Tim,Mannelijk,12/13/2019
Genepiën,Viviane,Vrouwelijk,12/04/2019
Wachtebeke,Jurgen,Mannelijk,12/20/2019
Ans,David,Mannelijk,12/15/2019
Mechelen,Mohamed,Mannelijk,12/21/2019
Kasteelbrakel,Juliette,Vrouwelijk,12/18/2019
Dendermonde,Gino,Mannelijk,12/07/2019
Jette,Kamel,Mannelijk,12/12/2019
Antwerpen,Lucie,Vrouwelijk,01/06/2020
Beernem,Bo,Vrouwelijk,12/08/2019
Wevelgem,Eddy,Mannelijk,12/22/2019
Sint-Niklaas (Sint-Niklaas),Sabrina,Vrouwelijk,12/17/2019
Vilvoorde,Nancy,Vrouwelijk,12/25/2019
Leuven,Dimitri,Mannelijk,12/08/2019
Zandhoven,Rudi,Mannelijk,12/20/2019
Sint-Pieters-Leeuw,Steven,Mannelijk,12/19/2019
Maasmechelen,Carine,Vrouwelijk,12/22/2019
Blankenberge,Georges,Mannelijk,12/14/2019
Elsene,Corentin,Mannelijk,12/08/2019
Middelkerke,Liliane,Vrouwelijk,12/07/2019
Charleroi,Grégory,Mannelijk,12/12/2019
Hoogstraten,Elizabeth,Vrouwelijk,12/11/2019
Sint-Jans-Molenbeek,Ali,Mannelijk,12/23/2019
Beloeil,Ludovic,Mannelijk,12/06/2019
Lubbeek,Alexander,Mannelijk,12/18/2019
Luik,Gilbert,Mannelijk,12/27/2019
Sint-Jans-Molenbeek,Tugba,Vrouwelijk,12/06/2019
Herentals,Sonja,Vrouwelijk,12/13/2019
Mettet,Ghislaine,Vrouwelijk,12/24/2019
Antwerpen,Halima,Vrouwelijk,12/15/2019
Bergen,Mireille,Vrouwelijk,12/16/2019
Brecht,Jonas,Mannelijk,12/13/2019
Mol,Chris,Vrouwelijk,12/29/2019
Gent,Ines,Vrouwelijk,12/11/2019
Gent,Kelly,Vrouwelijk,12/23/2019
Jemeppe-sur-Sambre,Dominique,Mannelijk,12/11/2019
Schaarbeek,Adelina,Vrouwelijk,01/03/2020
Luik,Jonathan,Mannelijk,12/12/2019
Puurs-Sint-Amands,Willy,Mannelijk,12/13/2019
Balen,Nele,Vrouwelijk,12/24/2019
Oostende,Lou,Mannelijk,12/19/2019
Bernissart,Michaël,Mannelijk,12/10/2019
Le Roeulx,Jacqueline,Vrouwelijk,12/19/2019
Marche-en-Famenne,Victor,Mannelijk,12/10/2019
Beernem,Benny,Mannelijk,12/14/2019
Brecht,Daniel,Mannelijk,12/16/2019
Oudenburg,Jessica,Vrouwelijk,12/21/2019
Haacht,Rudi,Mannelijk,12/07/2019
Doornik,Greta,Vrouwelijk,12/06/2019
Antwerpen,Hassan,Mannelijk,12/10/2019
Balen,Maria,Vrouwelijk,12/06/2019
Schaarbeek,Bahriye,Vrouwelijk,02/06/2020
Laakdal,Eric,Mannelijk,12/22/2019
Gent,Rosita,Vrouwelijk,12/24/2019
Bree,Lieve,Vrouwelijk,12/31/2019
La Louvière,Carolina,Vrouwelijk,12/16/2019
Charleroi,Véronique,Vrouwelijk,12/11/2019
Zwijndrecht,Paul,Mannelijk,01/06/2020
Lede,Koen,Mannelijk,12/18/2019
Eghezée,David,Mannelijk,12/11/2019
Vorst (Brussel-Hoofdstad),Alexandre,Mannelijk,12/30/2019
Malle,Mathilda,Vrouwelijk,12/16/2019
Lille,Sarah,Vrouwelijk,12/04/2019
Gent,Alexander,Mannelijk,12/08/2019
Lommel,Tim,Mannelijk,12/15/2019
Brussel,Kevin,Mannelijk,12/10/2019
Sint-Katelijne-Waver,Lauren,Vrouwelijk,12/14/2019
Neupré,Nicolas,Mannelijk,12/21/2019
Balen,Toon,Mannelijk,12/14/2019
Ranst,Christiane,Vrouwelijk,12/22/2019
Boutersem,Irène,Vrouwelijk,12/13/2019
Evere,Nuri,Mannelijk,12/24/2019
Doornik,Fabien,Mannelijk,12/13/2019
Brugge,Marleen,Vrouwelijk,12/23/2019
Maasmechelen,Michiel,Mannelijk,12/11/2019
Oostkamp,Georgette,Vrouwelijk,12/07/2019
Antwerpen,Katja,Vrouwelijk,01/03/2020
Zemst,Nina,Vrouwelijk,12/07/2019
Fontaine-l’Evêque,Jérémy,Mannelijk,12/17/2019
Aalter,Bram,Mannelijk,12/14/2019
Olne,Jessica,Vrouwelijk,12/23/2019
Waregem,Celine,Vrouwelijk,12/23/2019
Arendonk,Patrick,Mannelijk,12/15/2019
Kalmthout,Anita,Vrouwelijk,12/23/2019
Waterloo,Georges,Mannelijk,12/13/2019
Brecht,Karen,Vrouwelijk,12/10/2019
Namen,Bernadette,Vrouwelijk,12/11/2019
Kuurne,José,Mannelijk,12/04/2019
Liedekerke,Josephine,Vrouwelijk,12/31/2019
Deinze,Eric,Mannelijk,12/16/2019
Bergen,Jeanine,Vrouwelijk,12/21/2019
Geel,Jan,Mannelijk,12/11/2019
Geer,Sébastien,Mannelijk,12/11/2019
Frasnes-lez-Anvaing,Christiane,Vrouwelijk,12/23/2019
Gent,Jan,Mannelijk,12/25/2019
Dilbeek,Jacques,Mannelijk,12/16/2019
Charleroi,Hugo,Mannelijk,12/10/2019
Watermaal-Bosvoorde,Christian,Mannelijk,12/08/2019
Sint-Niklaas (Sint-Niklaas),Johan,Mannelijk,12/16/2019
Nijvel,Marie-Christine,Vrouwelijk,12/05/2019
Beernem,Paul,Mannelijk,12/15/2019
Balen,Ivan,Mannelijk,12/04/2019
Jabbeke,Roger,Mannelijk,12/15/2019
Herstal,Olivia,Vrouwelijk,12/17/2019
Waver,Noah,Mannelijk,01/03/2020
Zonnebeke,Nancy,Vrouwelijk,01/02/2020
Anderlecht,Fatima,Vrouwelijk,12/20/2019
Courcelles,Martine,Vrouwelijk,12/14/2019
Wevelgem,François,Mannelijk,12/05/2019
Gent,Lisbeth,Vrouwelijk,12/15/2019
Kinrooi,Luc,Mannelijk,12/23/2019
Sint-Niklaas (Sint-Niklaas),Tilly,Vrouwelijk,12/14/2019
Kasteelbrakel,Laurence,Vrouwelijk,12/24/2019
Maaseik,Albert,Mannelijk,12/12/2019
Kortrijk,Lydia,Vrouwelijk,12/14/2019
Izegem,Christ,Mannelijk,12/10/2019
Moorslede,Frieda,Vrouwelijk,12/25/2019
Koksijde,Guy,Mannelijk,01/05/2020
Sint-Gillis,Antonia,Vrouwelijk,12/18/2019
Sint-Truiden,Brigitte,Vrouwelijk,12/28/2019
Sint-Laureins,Pascal,Mannelijk,12/27/2019
Luik,Aurore,Vrouwelijk,12/12/2019
Heist-op-den-Berg,Geert,Mannelijk,12/17/2019
Fléron,Myriam,Vrouwelijk,01/06/2020
Tongeren,Marie,Vrouwelijk,12/04/2019
Haacht,Natalie,Vrouwelijk,12/16/2019
Watermaal-Bosvoorde,Valérie,Vrouwelijk,12/21/2019
De Panne,Robert,Mannelijk,01/01/2020
Chaudfontaine,Huguette,Vrouwelijk,01/01/2020
Le Roeulx,Mathis,Mannelijk,12/21/2019
Bergen,Giacoma,Vrouwelijk,12/24/2019
Anderlecht,Abdou,Mannelijk,12/22/2019
Kontich,Rudy,Mannelijk,12/17/2019
Frasnes-lez-Anvaing,Benoit,Mannelijk,12/06/2019
Wevelgem,Claudine,Vrouwelijk,12/12/2019
Hoogstraten,Stefan,Mannelijk,12/21/2019
Rijkevorsel,Jef,Mannelijk,12/17/2019
Colfontaine,Nadia,Vrouwelijk,12/05/2019
Etterbeek,Katarina,Vrouwelijk,12/24/2019
Aubange,João,Mannelijk,12/10/2019
Bergen,Rosario,Mannelijk,12/16/2019
Antwerpen,Beata,Vrouwelijk,12/23/2019
Zinnik,Alain,Mannelijk,12/11/2019
Diepenbeek,Maxim,Mannelijk,12/15/2019
Vorst (Brussel-Hoofdstad),Tiago,Mannelijk,12/12/2019
Mechelen,Samira,Vrouwelijk,12/11/2019
Gent,Marc,Mannelijk,12/11/2019
Hasselt,Nele,Vrouwelijk,12/23/2019
Menen,Jean-François,Mannelijk,12/08/2019
Zwijndrecht,Johan,Mannelijk,12/13/2019
Oudenburg,Roland,Mannelijk,12/18/2019
Elsene,Laurie,Vrouwelijk,12/31/2019
Vorst (Brussel-Hoofdstad),Pierre,Mannelijk,01/04/2020
Bierbeek,Anaïs,Vrouwelijk,12/19/2019
Anderlecht,Hasan,Mannelijk,12/07/2019
Binche,Emmanuelle,Vrouwelijk,12/18/2019
Sambreville,Noël,Mannelijk,12/22/2019
Halle (Halle-Vilvoorde),Pascal,Mannelijk,12/17/2019
Brugge,Denise,Vrouwelijk,12/06/2019
Westerlo,Gitte,Vrouwelijk,12/11/2019
Sint-Lambrechts-Woluwe,Pierre,Mannelijk,12/05/2019
Antwerpen,Ikram,Vrouwelijk,12/04/2019
Charleroi,Alain,Mannelijk,12/06/2019
Dour,Kévin,Mannelijk,12/15/2019
Rochefort,Thierry,Mannelijk,12/09/2019
Incourt,Marc,Mannelijk,12/12/2019
Bilzen,An,Vrouwelijk,12/10/2019
Fléron,Frédéric,Mannelijk,12/18/2019
Hamme (Dendermonde),Hava,Vrouwelijk,12/06/2019
Meerhout,Ine,Vrouwelijk,12/23/2019
Genepiën,Esther,Vrouwelijk,12/13/2019
Lille,Johan,Mannelijk,12/09/2019
Soumagne,Yvette,Vrouwelijk,01/14/2020
Gent,Orlando,Mannelijk,12/11/2019
Houthalen-Helchteren,Maria,Vrouwelijk,12/19/2019
Elsene,Gisèle,Vrouwelijk,12/22/2019
Ganshoren,Denis,Mannelijk,12/21/2019
Bergen,Morgane,Vrouwelijk,12/28/2019
Ieper,Liam,Mannelijk,12/16/2019
Wasseiges,Charlotte,Vrouwelijk,12/21/2019
Ninove,Sylvain,Mannelijk,12/10/2019
Oostende,Alfons,Mannelijk,12/23/2019
Maldegem,Marc,Mannelijk,12/12/2019
Antwerpen,Gabriel,Mannelijk,12/12/2019
Sint-Genesius-Rode,Kenny,Mannelijk,12/19/2019
Hamme (Dendermonde),Sammy,Mannelijk,12/11/2019
Marchin,Bastien,Mannelijk,12/09/2019
Libramont-Chevigny,Grégory,Mannelijk,12/29/2019
Verviers,Antoine,Mannelijk,12/09/2019
Roeselare,Daniela,Vrouwelijk,12/14/2019
Harelbeke,Yahya,Mannelijk,12/14/2019
Asse,Rosette,Vrouwelijk,12/07/2019
Spa,Clément,Mannelijk,12/14/2019
Waregem,Emiel,Mannelijk,12/15/2019
Kortenberg,François,Mannelijk,12/05/2019
Bastenaken,Cindy,Vrouwelijk,12/04/2019
Bernissart,Eric,Mannelijk,12/16/2019
Lint,Luc,Mannelijk,12/10/2019
Vilvoorde,Luc,Mannelijk,12/23/2019
Doornik,Armelle,Vrouwelijk,12/28/2019
Geldenaken,Daniel,Mannelijk,12/17/2019
Antwerpen,Ahmet,Mannelijk,12/13/2019
Oudenburg,Koen,Mannelijk,12/15/2019
Grimbergen,Mohamed,Mannelijk,12/12/2019
Malmedy,Jérémy,Mannelijk,12/14/2019
Damme,Melissa,Vrouwelijk,12/16/2019
Oostrozebeke,Conny,Vrouwelijk,12/18/2019
Zandhoven,Staf,Mannelijk,12/11/2019
Schaarbeek,Henri,Mannelijk,12/12/2019
Holsbeek,Magdalena,Vrouwelijk,01/20/2020
Raeren,Tanja,Vrouwelijk,12/22/2019
Boechout,Sam,Vrouwelijk,12/25/2019
Knokke-Heist,Emma,Vrouwelijk,12/17/2019
Oostkamp,Fien,Vrouwelijk,12/19/2019
Antwerpen,Mohamed,Mannelijk,12/13/2019
Sint-Laureins,Senne,Mannelijk,12/05/2019
Durbuy,Philippe,Mannelijk,12/19/2019
Tubeke,Alain,Mannelijk,12/09/2019
Herstal,Marcel,Mannelijk,12/16/2019
Luik,Manuella,Vrouwelijk,12/11/2019
Kontich,Dries,Mannelijk,12/20/2019
Rochefort,Gaston,Mannelijk,12/16/2019
Houthalen-Helchteren,Eugenie,Vrouwelijk,12/17/2019
Brasschaat,Maria,Vrouwelijk,12/18/2019
Lubbeek,Ilse,Vrouwelijk,12/19/2019
Walcourt,Mathilde,Vrouwelijk,12/17/2019
Gent,Tino,Mannelijk,01/07/2020
Sint-Pieters-Woluwe,Marcus,Mannelijk,01/03/2020
Meerhout,Ann,Vrouwelijk,12/17/2019
Laarne,Georgette,Vrouwelijk,12/17/2019
Antwerpen,René,Mannelijk,12/22/2019
Habay,Camille,Vrouwelijk,12/14/2019
Gent,Daniel,Mannelijk,12/15/2019
Diksmuide,Agnes,Vrouwelijk,01/03/2020
Quaregnon,Rita,Vrouwelijk,12/14/2019
Herselt,Brent,Mannelijk,12/13/2019
Leuven,Karen,Vrouwelijk,12/14/2019
Roeselare,Aya,Vrouwelijk,12/19/2019
Genk,Fatima,Vrouwelijk,12/31/2019
Kapellen (Antwerpen),Kim,Vrouwelijk,12/18/2019
Zedelgem,Samuel,Mannelijk,12/15/2019
Couvin,Olivier,Mannelijk,12/13/2019
Luik,Eric,Mannelijk,12/24/2019
Eupen,Nina,Vrouwelijk,12/17/2019
Sint-Niklaas (Sint-Niklaas),Luc,Mannelijk,12/11/2019
Anderlecht,Tiago,Mannelijk,12/15/2019
Nijlen,Walter,Mannelijk,12/08/2019
Durbuy,Béatrice,Vrouwelijk,12/17/2019
Antwerpen,Erol,Mannelijk,12/16/2019
Luik,Marie-Anne,Vrouwelijk,12/06/2019
Horebeke,Marie,Vrouwelijk,12/04/2019
Essen,Antonia,Vrouwelijk,12/13/2019
Zele,Ronny,Mannelijk,12/13/2019
Aywaille,Oscar,Mannelijk,12/04/2019
Châtelet,Brigitte,Vrouwelijk,12/24/2019
Leuze-en-Hainaut,Marie,Vrouwelijk,12/17/2019
Doornik,Maximilien,Mannelijk,12/07/2019
Andenne,Océane,Vrouwelijk,12/13/2019
Genk,Maria,Vrouwelijk,12/05/2019
Leuven,Khadija,Vrouwelijk,12/29/2019
Hove (Antwerpen),Steven,Mannelijk,12/09/2019
Maldegem,Lore,Vrouwelijk,12/21/2019
Brussel,Gabriela,Vrouwelijk,12/20/2019
Chaumont-Gistoux,Marie,Vrouwelijk,12/24/2019
Antwerpen,Andreas,Mannelijk,01/06/2020
