gemeente,naam,geslacht,verwachte datum
Deinze,Yolande,Vrouwelijk,10/27/2019
Antwerpen,Frieda,Vrouwelijk,10/25/2019
Diepenbeek,Mathieu,Mannelijk,10/23/2019
Charleroi,Delphine,Vrouwelijk,10/14/2019
Frameries,Dorian,Mannelijk,10/15/2019
Heusden-Zolder,Aysegül,Vrouwelijk,10/12/2019
Maarkedal,An,Vrouwelijk,10/17/2019
Messancy,Yannick,Mannelijk,11/09/2019
Elsene,Axel,Mannelijk,10/19/2019
Colfontaine,Maëva,Vrouwelijk,10/23/2019
Koksijde,Mireille,Vrouwelijk,10/22/2019
Nijlen,Ben,Mannelijk,10/23/2019
Binche,Nicole,Vrouwelijk,10/26/2019
Harelbeke,Annie,Vrouwelijk,10/27/2019
Heusden-Zolder,Georgette,Vrouwelijk,10/29/2019
Estaimpuis,Carole,Vrouwelijk,10/27/2019
Geraardsbergen,Theo,Mannelijk,10/11/2019
Lebbeke,Willy,Mannelijk,10/29/2019
Harelbeke,Jessica,Vrouwelijk,11/10/2019
Beveren (Sint-Niklaas),Emma,Vrouwelijk,10/13/2019
Namen,Anne-Françoise,Vrouwelijk,10/23/2019
Brugge,Sonia,Vrouwelijk,10/22/2019
Olen,Fien,Vrouwelijk,10/18/2019
Berlaar,Frans,Mannelijk,10/20/2019
Sint-Katelijne-Waver,Kim,Vrouwelijk,10/18/2019
Rumst,Ronald,Mannelijk,10/18/2019
Ukkel,Camille,Vrouwelijk,10/12/2019
Waasmunster,Yves,Mannelijk,10/30/2019
Ieper,Marijke,Vrouwelijk,10/19/2019
Schelle,Kris,Mannelijk,12/15/2019
Evergem,Gino,Mannelijk,10/11/2019
Kapellen (Antwerpen),Nathan,Mannelijk,10/12/2019
Deinze,Debby,Vrouwelijk,10/25/2019
Antwerpen,Lea,Vrouwelijk,10/14/2019
Héron,Christiane,Vrouwelijk,10/17/2019
Antwerpen,Eric,Mannelijk,10/30/2019
Lier,Dirk,Mannelijk,10/13/2019
Mol,Martha,Vrouwelijk,10/23/2019
Vosselaar,Gust,Mannelijk,11/12/2019
Westerlo,Diane,Vrouwelijk,10/19/2019
Les Bons Villers,Pierre,Mannelijk,10/24/2019
Durbuy,Bernadette,Vrouwelijk,10/24/2019
Luik,Anaïs,Vrouwelijk,10/20/2019
Verviers,Maïssa,Vrouwelijk,10/23/2019
Brugge,Patrycja,Vrouwelijk,10/13/2019
Vosselaar,Marcel,Mannelijk,10/17/2019
Tervuren,Nathalie,Vrouwelijk,10/26/2019
Zaventem,Ahmet,Mannelijk,10/24/2019
La Louvière,Laetitia,Vrouwelijk,10/17/2019
Charleroi,Cécile,Vrouwelijk,10/23/2019
Zinnik,Sasha,Mannelijk,10/27/2019
Alken,Stefan,Mannelijk,11/27/2019
Assenede,Linda,Vrouwelijk,10/14/2019
Sint-Lambrechts-Woluwe,Géraldine,Vrouwelijk,10/21/2019
Watermaal-Bosvoorde,Ahmed,Mannelijk,10/25/2019
Herve,Patrick,Mannelijk,10/10/2019
Kortrijk,Latifa,Vrouwelijk,11/08/2019
Tielt (Tielt),Els,Vrouwelijk,10/18/2019
Lochristi,Marie,Vrouwelijk,10/14/2019
Heuvelland,Lieven,Mannelijk,10/10/2019
Wielsbeke,Mohamed,Mannelijk,11/11/2019
La Louvière,Giuliano,Mannelijk,10/13/2019
Sint-Gillis,Alexandra,Vrouwelijk,10/17/2019
Habay,Martin,Mannelijk,10/21/2019
Brugge,Eric,Mannelijk,10/19/2019
Wetteren,Bart,Mannelijk,10/19/2019
Brasschaat,Erna,Vrouwelijk,10/23/2019
Gingelom,Liliane,Vrouwelijk,10/27/2019
Colfontaine,Micheline,Vrouwelijk,10/10/2019
Kortenberg,Marie-Christine,Vrouwelijk,10/25/2019
Luik,Damien,Mannelijk,10/22/2019
Zedelgem,Tim,Mannelijk,10/21/2019
Nijvel,Aurélie,Vrouwelijk,10/19/2019
Ukkel,José,Mannelijk,10/16/2019
Courcelles,Ibrahim,Mannelijk,10/23/2019
Schaarbeek,Léa,Vrouwelijk,10/22/2019
Hannuit,Romain,Mannelijk,11/04/2019
Anderlecht,Simonne,Vrouwelijk,10/14/2019
Boussu,Loris,Mannelijk,10/23/2019
Geel,Marcellus,Mannelijk,11/08/2019
Orp-Jauche,Jonathan,Mannelijk,10/27/2019
Herent,Guido,Mannelijk,10/14/2019
Antwerpen,Jan,Mannelijk,10/22/2019
Aarschot,Marc,Mannelijk,10/27/2019
Meise,Marie,Vrouwelijk,10/11/2019
Meulebeke,Magda,Vrouwelijk,11/03/2019
Anderlecht,Michel,Mannelijk,10/22/2019
Maaseik,Marc,Mannelijk,10/25/2019
Zelzate,Diana,Vrouwelijk,11/21/2019
Aalst (Aalst),Pierre,Mannelijk,11/10/2019
Vielsalm,Sébastien,Mannelijk,10/23/2019
Fernelmont,Laura,Vrouwelijk,10/15/2019
Tessenderlo,Martine,Vrouwelijk,10/29/2019
Namen,Olivia,Vrouwelijk,10/15/2019
Elsene,Jérémie,Mannelijk,11/01/2019
Sint-Gillis,Zoé,Vrouwelijk,10/13/2019
Vilvoorde,Catherine,Vrouwelijk,10/18/2019
Lendelede,Christine,Vrouwelijk,10/21/2019
Colfontaine,Charles,Mannelijk,10/13/2019
Ichtegem,Pascal,Mannelijk,10/16/2019
Sint-Niklaas (Sint-Niklaas),Louis,Mannelijk,10/18/2019
Linter,José,Mannelijk,10/11/2019
Scherpenheuvel-Zichem,Dries,Mannelijk,10/18/2019
Beveren (Sint-Niklaas),Sonja,Vrouwelijk,10/23/2019
Brakel,Bart,Mannelijk,10/10/2019
Herstal,Salvatore,Mannelijk,11/09/2019
Affligem,Samuel,Mannelijk,10/12/2019
Fosses-la-Ville,Anaïs,Vrouwelijk,10/20/2019
Saint-Nicolas (Luik),Jacqueline,Vrouwelijk,10/20/2019
Deinze,Annie,Vrouwelijk,10/25/2019
Knokke-Heist,Marcel,Mannelijk,10/16/2019
Geel,Bart,Mannelijk,10/28/2019
Eigenbrakel,Clémence,Vrouwelijk,12/04/2019
Bocholt,Maria,Vrouwelijk,10/24/2019
Rebecq,Nathan,Mannelijk,10/25/2019
Hoogstraten,Diane,Vrouwelijk,10/23/2019
Willebroek,Anouar,Mannelijk,10/22/2019
Rebecq,Françoise,Vrouwelijk,10/21/2019
Oupeye,Carmela,Vrouwelijk,10/12/2019
Drogenbos,Ali,Mannelijk,10/20/2019
Rixensart,Fabrice,Mannelijk,10/24/2019
Jette,Veerle,Vrouwelijk,10/22/2019
Lummen,Luc,Mannelijk,10/16/2019
Bergen,Sylvain,Mannelijk,10/20/2019
Langemark-Poelkapelle,Christiane,Vrouwelijk,11/02/2019
Beveren (Sint-Niklaas),Elias,Mannelijk,10/11/2019
Limburg,Valérie,Vrouwelijk,10/13/2019
Aarschot,Joseph,Mannelijk,10/27/2019
Brussel,Imrane,Mannelijk,11/13/2019
Daverdisse,Luc,Mannelijk,10/19/2019
Wevelgem,Mia,Vrouwelijk,10/19/2019
Brecht,Luc,Mannelijk,12/15/2019
Kapellen (Antwerpen),Robin,Mannelijk,10/29/2019
Lochristi,Lea,Vrouwelijk,10/25/2019
Geel,Kevin,Mannelijk,10/17/2019
Antwerpen,Diederik,Mannelijk,10/26/2019
Sint-Jans-Molenbeek,Henriette,Vrouwelijk,10/10/2019
Lommel,Patrick,Mannelijk,10/23/2019
Dilbeek,Anne,Vrouwelijk,10/30/2019
Zottegem,Lotte,Vrouwelijk,10/21/2019
Luik,Isabelle,Vrouwelijk,10/17/2019
Boechout,Herman,Mannelijk,10/13/2019
Sint-Jans-Molenbeek,Michel,Mannelijk,10/21/2019
Seraing,Emilie,Vrouwelijk,11/13/2019
Willebroek,Alfred,Mannelijk,10/20/2019
Zelzate,Mieke,Vrouwelijk,10/21/2019
Lede,Dirk,Mannelijk,10/26/2019
Aarschot,Michaël,Mannelijk,10/13/2019
Elsene,Laurence,Vrouwelijk,10/22/2019
Aalter,Sharon,Vrouwelijk,10/17/2019
Faimes,Jacqueline,Vrouwelijk,10/21/2019
Menen,Eric,Mannelijk,10/27/2019
Nijlen,Toon,Mannelijk,10/18/2019
’s Gravenbrakel,Lydia,Vrouwelijk,11/07/2019
Knokke-Heist,Petra,Vrouwelijk,10/26/2019
Wetteren,Peter,Mannelijk,10/16/2019
Schaarbeek,Martine,Vrouwelijk,10/25/2019
Hasselt,Arnaud,Mannelijk,10/21/2019
Dendermonde,Lucas,Mannelijk,10/16/2019
Luik,Ana,Vrouwelijk,10/22/2019
Deinze,Sylvie,Vrouwelijk,10/21/2019
Ottignies-Louvain-la-Neuve,Diane,Vrouwelijk,10/30/2019
Pepinster,Cindy,Vrouwelijk,11/30/2019
Evergem,Greta,Vrouwelijk,10/22/2019
Antwerpen,Malika,Vrouwelijk,11/12/2019
Aalst (Aalst),Benoni,Mannelijk,10/10/2019
Ranst,Lotte,Vrouwelijk,10/19/2019
Châtelet,Franz,Mannelijk,10/27/2019
Edegem,Monique,Vrouwelijk,12/04/2019
Geel,Mieke,Vrouwelijk,10/17/2019
Kluisbergen,Marie,Vrouwelijk,10/10/2019
Gent,Emilie,Vrouwelijk,10/10/2019
Genepiën,Marc,Mannelijk,10/22/2019
Sint-Gillis,Aziz,Mannelijk,10/10/2019
Anderlecht,Huseyin,Mannelijk,10/30/2019
Erpe-Mere,Sophie,Vrouwelijk,10/17/2019
Tubeke,Maria,Vrouwelijk,11/09/2019
Schaarbeek,Badr,Mannelijk,10/15/2019
Schaarbeek,Michèle,Vrouwelijk,11/06/2019
Marchin,Didier,Mannelijk,10/22/2019
Stavelot,Stephan,Mannelijk,10/12/2019
Gistel,Jana,Vrouwelijk,10/13/2019
Kampenhout,Nicolas,Mannelijk,10/28/2019
Gent,Tom,Mannelijk,10/22/2019
Sint-Lambrechts-Woluwe,Jessica,Vrouwelijk,10/22/2019
Vorst (Brussel-Hoofdstad),Daphné,Vrouwelijk,10/16/2019
Anderlecht,Anas,Mannelijk,10/28/2019
Brussel,Wilson,Mannelijk,10/20/2019
Aat,Adam,Mannelijk,10/22/2019
Seneffe,Arlette,Vrouwelijk,12/15/2019
Châtelet,Alain,Mannelijk,10/22/2019
Schaarbeek,Claire,Vrouwelijk,10/19/2019
Binche,Simonne,Vrouwelijk,10/26/2019
Elsene,Etienne,Mannelijk,11/09/2019
Anhée,Romain,Mannelijk,10/24/2019
Koksijde,Yolande,Vrouwelijk,10/19/2019
Dilbeek,Pascal,Mannelijk,10/17/2019
De Haan,Nathan,Mannelijk,10/24/2019
La Louvière,Giovannina,Vrouwelijk,10/19/2019
Oudenaarde,Hugo,Mannelijk,11/14/2019
Sambreville,Patricia,Vrouwelijk,10/23/2019
Riemst,Angèle,Vrouwelijk,10/22/2019
Heist-op-den-Berg,Els,Vrouwelijk,10/23/2019
Antwerpen,Manar,Vrouwelijk,10/27/2019
Puurs-Sint-Amands,Yoni,Mannelijk,10/20/2019
Sint-Niklaas (Sint-Niklaas),Ives,Mannelijk,10/23/2019
Sint-Truiden,Simona,Vrouwelijk,10/19/2019
Haacht,Tom,Mannelijk,11/11/2019
Dendermonde,Nadine,Vrouwelijk,10/27/2019
Seraing,Daniel,Mannelijk,10/29/2019
Assesse,Raphaël,Mannelijk,10/17/2019
Bergen,Rosine,Vrouwelijk,11/01/2019
Knokke-Heist,Jens,Mannelijk,10/10/2019
Zaventem,Augustin,Mannelijk,10/10/2019
Luik,Olga,Vrouwelijk,10/27/2019
Kuurne,Luc,Mannelijk,10/18/2019
Antwerpen,Christiane,Vrouwelijk,10/23/2019
Herstal,Isabelle,Vrouwelijk,10/30/2019
Lokeren,Hilda,Vrouwelijk,10/10/2019
Charleroi,Jacqueline,Vrouwelijk,10/22/2019
Watermaal-Bosvoorde,Julien,Mannelijk,10/12/2019
Kruibeke,Michiel,Mannelijk,10/10/2019
Brussel,Amadou,Mannelijk,10/22/2019
Knokke-Heist,Gregory,Mannelijk,11/13/2019
Antwerpen,Elly,Vrouwelijk,10/24/2019
Hoei,Jules,Mannelijk,10/27/2019
Wuustwezel,Mark,Mannelijk,10/10/2019
Merchtem,Hugo,Mannelijk,10/18/2019
Willebroek,Eduard,Mannelijk,11/06/2019
Duffel,Leon,Mannelijk,11/09/2019
Waregem,Fatiha,Vrouwelijk,11/02/2019
Charleroi,Claude,Mannelijk,10/22/2019
Maasmechelen,Rosaria,Vrouwelijk,11/10/2019
Bernissart,Philippe,Mannelijk,10/18/2019
Tielt-Winge,Paul,Mannelijk,10/28/2019
Beveren (Sint-Niklaas),Anne,Vrouwelijk,10/28/2019
Waregem,Lindsey,Vrouwelijk,10/12/2019
Melle,Nele,Vrouwelijk,10/16/2019
Vorst (Brussel-Hoofdstad),Katrien,Vrouwelijk,10/22/2019
Hoegaarden,Sofie,Vrouwelijk,10/10/2019
Bergen,Chantal,Vrouwelijk,10/15/2019
Haacht,Peter,Mannelijk,10/10/2019
Hasselt,Marleen,Vrouwelijk,10/13/2019
Peer,Alexander,Mannelijk,10/17/2019
Neupré,Maxence,Mannelijk,10/29/2019
Middelkerke,Inge,Vrouwelijk,10/22/2019
Tintigny,Ghislaine,Vrouwelijk,11/13/2019
Brussel,Dimitri,Mannelijk,10/12/2019
Antwerpen,Virginie,Vrouwelijk,10/22/2019
Sambreville,Benjamin,Mannelijk,10/22/2019
Kontich,Bruno,Mannelijk,10/15/2019
Gent,Nurhan,Vrouwelijk,12/01/2019
Wuustwezel,Antonius,Mannelijk,11/03/2019
Ichtegem,Mieke,Vrouwelijk,10/26/2019
Sint-Pieters-Woluwe,Francis,Mannelijk,10/17/2019
Wortegem-Petegem,Stefaan,Mannelijk,10/20/2019
Herk-de-Stad,Viviane,Vrouwelijk,10/25/2019
Diest,André,Mannelijk,10/21/2019
Sint-Jans-Molenbeek,Nordine,Mannelijk,10/22/2019
Oudsbergen,Luc,Mannelijk,10/23/2019
Charleroi,Melissa,Vrouwelijk,10/30/2019
Chaumont-Gistoux,Maria,Vrouwelijk,10/15/2019
Antwerpen,Fatima,Vrouwelijk,10/17/2019
Gerpinnes,Philippe,Mannelijk,10/11/2019
Lanaken,Hilde,Vrouwelijk,10/22/2019
Gent,Sam,Mannelijk,10/19/2019
Charleroi,Aminata,Vrouwelijk,12/14/2019
Zemst,Maxim,Mannelijk,10/21/2019
Beauraing,Thierry,Mannelijk,12/01/2019
Viroinval,Sylvie,Vrouwelijk,11/02/2019
Antwerpen,Julien,Mannelijk,10/10/2019
Luik,Charline,Vrouwelijk,10/19/2019
Aartselaar,Elisabeth,Vrouwelijk,10/26/2019
Nijvel,Pascal,Mannelijk,11/16/2019
Waterloo,Jonathan,Mannelijk,10/14/2019
Erpe-Mere,Stijn,Mannelijk,12/03/2019
Oudergem,Myriam,Vrouwelijk,10/21/2019
Charleroi,Christelle,Vrouwelijk,10/30/2019
Herve,Mathis,Mannelijk,10/16/2019
Mechelen,Sara,Vrouwelijk,10/21/2019
Doornik,Lucas,Mannelijk,10/22/2019
Meix-devant-Virton,Myriam,Vrouwelijk,10/12/2019
Merelbeke,Kristof,Mannelijk,10/21/2019
Elsene,David,Mannelijk,10/30/2019
Halle (Halle-Vilvoorde),Emily,Vrouwelijk,10/24/2019
Jalhay,Caroline,Vrouwelijk,10/20/2019
Sint-Jans-Molenbeek,Younes,Mannelijk,10/30/2019
Mettet,Fabian,Mannelijk,10/27/2019
Charleroi,Edmond,Mannelijk,12/06/2019
Hoogstraten,Mieke,Vrouwelijk,10/21/2019
Gent,Germana,Vrouwelijk,10/22/2019
Nazareth,Bram,Mannelijk,10/24/2019
Anderlecht,Kelly,Vrouwelijk,10/22/2019
Ieper,Emilie,Vrouwelijk,10/28/2019
Knokke-Heist,Monique,Vrouwelijk,10/24/2019
Aalst (Aalst),Dominique,Mannelijk,10/12/2019
Gent,Carlos,Mannelijk,10/13/2019
Lanaken,Lizette,Vrouwelijk,10/23/2019
Sint-Pieters-Leeuw,Diane,Vrouwelijk,10/28/2019
Geraardsbergen,Irene,Vrouwelijk,10/14/2019
Kalmthout,Charlotte,Vrouwelijk,10/27/2019
Vilvoorde,Philippe,Mannelijk,10/23/2019
Gent,Hilde,Vrouwelijk,10/21/2019
Waregem,Eline,Vrouwelijk,10/24/2019
Ham-sur-Heure-Nalinnes,Laure,Vrouwelijk,10/18/2019
