gemeente,naam,geslacht,verwachte datum
Hulshout,Anna,Vrouwelijk,09/22/2019
Roeselare,Rogier,Mannelijk,09/29/2019
Tienen,Sandra,Vrouwelijk,09/29/2019
Gent,Marnix,Mannelijk,10/02/2019
Farciennes,Christian,Mannelijk,10/05/2019
Heusden-Zolder,Albert,Mannelijk,10/01/2019
Aat,Didier,Mannelijk,09/26/2019
Nijvel,Jules,Mannelijk,09/23/2019
Geraardsbergen,Yves,Mannelijk,10/03/2019
Brunehaut,Myriam,Vrouwelijk,10/03/2019
Fléron,Lola,Vrouwelijk,10/01/2019
Herentals,Hannelore,Vrouwelijk,10/15/2019
Kasterlee,Paula,Vrouwelijk,10/13/2019
Elsene,David,Mannelijk,10/06/2019
Sint-Agatha-Berchem,Luc,Mannelijk,09/29/2019
Aalst (Aalst),Chris,Mannelijk,10/07/2019
Putte,Georges,Mannelijk,10/06/2019
Gent,Christian,Mannelijk,09/22/2019
Seraing,Jean-Claude,Mannelijk,10/05/2019
Charleroi,Alain,Mannelijk,09/29/2019
Gent,Nurten,Vrouwelijk,10/14/2019
Destelbergen,Peter,Mannelijk,10/16/2019
Peer,Monique,Vrouwelijk,10/04/2019
Schaarbeek,Vincent,Mannelijk,10/17/2019
Dendermonde,Ann,Vrouwelijk,09/28/2019
Diest,Paul,Mannelijk,10/03/2019
Kortemark,Albert,Mannelijk,10/08/2019
Ternat,Frederik,Mannelijk,10/10/2019
Brussel,Anita,Vrouwelijk,09/21/2019
Kortenaken,Linda,Vrouwelijk,09/28/2019
Sint-Jans-Molenbeek,Samir,Mannelijk,10/14/2019
Maldegem,Marc,Mannelijk,10/01/2019
Genk,Sofie,Vrouwelijk,10/05/2019
Essen,Franciscus,Mannelijk,09/25/2019
Geraardsbergen,Guy,Mannelijk,09/22/2019
Merchtem,Jean,Mannelijk,09/24/2019
Habay,Tiffany,Vrouwelijk,10/22/2019
Saint-Ghislain,David,Mannelijk,09/29/2019
Kelmis,Joachim,Mannelijk,10/24/2019
Zandhoven,Jozef,Mannelijk,10/01/2019
Torhout,Isolde,Vrouwelijk,10/06/2019
Beyne-Heusay,Guy,Mannelijk,09/28/2019
Diksmuide,Femke,Vrouwelijk,09/23/2019
Dison,Marie,Vrouwelijk,10/01/2019
Antwerpen,Denise,Vrouwelijk,10/14/2019
Gent,Fatmir,Mannelijk,09/24/2019
Denderleeuw,Frans,Mannelijk,09/29/2019
Bergen,Corinne,Vrouwelijk,10/03/2019
Maaseik,Mirthe,Vrouwelijk,10/01/2019
Doornik,Nancy,Vrouwelijk,10/11/2019
Lebbeke,Patrick,Mannelijk,10/09/2019
Sint-Truiden,Jules,Mannelijk,09/26/2019
Dilsen-Stokkem,Maria,Vrouwelijk,10/01/2019
Oudergem,Sandra,Vrouwelijk,09/26/2019
Antwerpen,Marie,Vrouwelijk,10/06/2019
Grimbergen,Arnaud,Mannelijk,10/02/2019
Lievegem,Marc,Mannelijk,10/06/2019
Antwerpen,Leopold,Mannelijk,10/01/2019
Turnhout,Lea,Vrouwelijk,09/29/2019
La Bruyère,Marcel,Mannelijk,10/04/2019
Oud-Heverlee,Jan,Mannelijk,09/29/2019
Villers-la-Ville,Eliane,Vrouwelijk,11/15/2019
Anderlecht,Jean-Louis,Mannelijk,10/04/2019
Merksplas,Anna,Vrouwelijk,10/04/2019
Genk,Dimitra,Vrouwelijk,10/21/2019
Knokke-Heist,Françine,Vrouwelijk,10/05/2019
Amel,Gary,Mannelijk,09/28/2019
Jette,Pascale,Vrouwelijk,10/11/2019
Evergem,Johan,Mannelijk,09/25/2019
Kuurne,Christine,Vrouwelijk,10/07/2019
Lievegem,Nadine,Vrouwelijk,10/06/2019
Schaarbeek,Jean,Mannelijk,10/07/2019
Diksmuide,Cecilia,Vrouwelijk,09/25/2019
Genk,Josephina,Vrouwelijk,09/21/2019
Liedekerke,Rita,Vrouwelijk,10/08/2019
Gembloux,Delphine,Vrouwelijk,09/30/2019
Saint-Ghislain,Claudine,Vrouwelijk,10/04/2019
Hasselt,Anouk,Vrouwelijk,09/22/2019
Ukkel,Andrea,Mannelijk,09/29/2019
Lievegem,Pascal,Mannelijk,10/01/2019
Halle (Halle-Vilvoorde),Maria,Vrouwelijk,09/28/2019
Schelle,Monique,Vrouwelijk,10/08/2019
Seraing,Patrizia,Vrouwelijk,10/02/2019
Schoten,Peter,Mannelijk,10/07/2019
Beveren (Sint-Niklaas),Paul,Mannelijk,10/03/2019
Ciney,Olivier,Mannelijk,10/24/2019
Tienen,Vicky,Vrouwelijk,09/26/2019
Sint-Jans-Molenbeek,Aya,Vrouwelijk,09/21/2019
Antwerpen,Jocelyne,Vrouwelijk,10/16/2019
Scherpenheuvel-Zichem,André,Mannelijk,10/11/2019
Sint-Joost-ten-Node,Adam,Mannelijk,10/10/2019
Aiseau-Presles,Jean-Pierre,Mannelijk,10/03/2019
Houthalen-Helchteren,Steven,Mannelijk,10/10/2019
Anderlecht,Florence,Vrouwelijk,10/07/2019
Ronse,Lucas,Mannelijk,10/02/2019
Scherpenheuvel-Zichem,Jasper,Mannelijk,10/06/2019
Ninove,Stephanie,Vrouwelijk,10/19/2019
Zwijndrecht,Ruben,Mannelijk,10/19/2019
Turnhout,Martina,Vrouwelijk,09/30/2019
Vilvoorde,Steve,Mannelijk,10/17/2019
Peer,Maria,Vrouwelijk,09/30/2019
Londerzeel,Cindy,Vrouwelijk,10/06/2019
Chiny,Laurent,Mannelijk,09/30/2019
Charleroi,Sandro,Mannelijk,09/21/2019
Brugge,Roland,Mannelijk,09/25/2019
Moeskroen,Meryem,Vrouwelijk,09/26/2019
Waterloo,Mike,Mannelijk,10/06/2019
Zwalm,Martine,Vrouwelijk,10/03/2019
Brasschaat,Olivier,Mannelijk,09/26/2019
Brussel,Albert,Mannelijk,09/24/2019
Lommel,Lars,Mannelijk,10/01/2019
Evere,Zoubida,Vrouwelijk,10/05/2019
Sprimont,Manuela,Vrouwelijk,10/10/2019
Quiévrain,Bruno,Mannelijk,10/05/2019
Fléron,Raymond,Mannelijk,10/16/2019
Poperinge,Julie,Vrouwelijk,10/04/2019
Antwerpen,Paul,Mannelijk,09/30/2019
Deinze,Pierre,Mannelijk,10/05/2019
Boussu,Isabelle,Vrouwelijk,09/27/2019
Brussel,Denis,Mannelijk,10/09/2019
Brussel,Lamya,Vrouwelijk,10/08/2019
Riemst,Anna,Vrouwelijk,11/14/2019
Aubange,Amandine,Vrouwelijk,10/09/2019
Antwerpen,Fiona,Vrouwelijk,10/10/2019
Oupeye,Emelyne,Vrouwelijk,10/02/2019
Scherpenheuvel-Zichem,Jan,Mannelijk,09/29/2019
Limburg,Sonia,Vrouwelijk,10/17/2019
Orp-Jauche,Henri,Mannelijk,10/02/2019
Charleroi,Filippa,Vrouwelijk,10/19/2019
Charleroi,Jonathan,Mannelijk,10/12/2019
Ninove,Martine,Vrouwelijk,09/29/2019
Herve,Jean-Claude,Mannelijk,10/05/2019
Zwijndrecht,Eduard,Mannelijk,10/10/2019
Luik,Petru,Mannelijk,09/30/2019
’s Gravenbrakel,Lydie,Vrouwelijk,09/23/2019
Lede,Michel,Mannelijk,10/02/2019
Gavere,Anne,Vrouwelijk,09/21/2019
Waver,Bernard,Mannelijk,09/22/2019
Evere,Gilberte,Vrouwelijk,09/28/2019
Eigenbrakel,David,Mannelijk,09/24/2019
Mechelen,Malika,Vrouwelijk,10/04/2019
Gent,Deyvid,Mannelijk,09/24/2019
Ans,Lisa,Vrouwelijk,09/26/2019
Doornik,Arnaud,Mannelijk,09/29/2019
Tielt-Winge,Pieter,Mannelijk,10/03/2019
Brussel,Zsolt,Mannelijk,10/01/2019
Eigenbrakel,Florence,Vrouwelijk,10/04/2019
Eigenbrakel,Jacqueline,Vrouwelijk,10/06/2019
Kasterlee,Annelies,Vrouwelijk,10/01/2019
Brecht,Francine,Vrouwelijk,09/29/2019
Gent,Micheline,Vrouwelijk,09/30/2019
Leuven,Wendy,Vrouwelijk,09/29/2019
Châtelet,Dario,Mannelijk,10/04/2019
Erquelinnes,Aline,Vrouwelijk,11/01/2019
Moeskroen,Aude,Vrouwelijk,09/27/2019
Lanaken,Peter,Mannelijk,10/06/2019
Aalter,Amélie,Vrouwelijk,10/06/2019
Harelbeke,Dariusz,Mannelijk,10/04/2019
Pont-à-Celles,Michel,Mannelijk,09/30/2019
Roosdaal,Joris,Mannelijk,10/01/2019
Waver,Cathy,Vrouwelijk,10/10/2019
Poperinge,Dirk,Mannelijk,09/24/2019
Oostende,Jürgen,Mannelijk,10/03/2019
Boortmeerbeek,Lisa,Vrouwelijk,10/02/2019
Wetteren,Nancy,Vrouwelijk,09/30/2019
Heusden-Zolder,Shana,Vrouwelijk,09/21/2019
Aarlen,Michel,Mannelijk,09/29/2019
Rotselaar,Peggy,Vrouwelijk,10/03/2019
Bekkevoort,Arthur,Mannelijk,10/02/2019
Marche-en-Famenne,Simon,Mannelijk,11/13/2019
Florennes,Alain,Mannelijk,10/01/2019
Jette,Cheikh,Mannelijk,11/22/2019
Dilbeek,Febe,Vrouwelijk,09/28/2019
Antwerpen,Willem,Mannelijk,09/27/2019
Antwerpen,Muna,Vrouwelijk,10/13/2019
Schoten,Luc,Mannelijk,09/29/2019
Mortsel,Josephus,Mannelijk,11/18/2019
Hove (Antwerpen),Gustaaf,Mannelijk,11/02/2019
Seraing,Jacqueline,Vrouwelijk,10/04/2019
Anzegem,Stefaan,Mannelijk,10/24/2019
Hasselt,Rachel,Vrouwelijk,10/09/2019
Herve,Frédéric,Mannelijk,10/10/2019
Evergem,Peter,Mannelijk,10/02/2019
Lint,Maria,Vrouwelijk,09/27/2019
Brussel,Mathieu,Mannelijk,09/30/2019
Beersel,Marcel,Mannelijk,10/03/2019
Oudsbergen,Theodore,Mannelijk,10/07/2019
Charleroi,Fatima,Vrouwelijk,09/29/2019
Anhée,Yanis,Mannelijk,10/11/2019
Oudenaarde,Aron,Mannelijk,09/22/2019
Zonhoven,Peter,Mannelijk,09/22/2019
Ham,Monique,Vrouwelijk,09/28/2019
Haaltert,Thomas,Mannelijk,10/02/2019
Seneffe,Dimitri,Mannelijk,10/03/2019
Gembloux,Jacques,Mannelijk,10/10/2019
Anderlecht,Safae,Vrouwelijk,10/01/2019
Châtelet,Chantal,Vrouwelijk,10/12/2019
Ukkel,Simon,Mannelijk,10/04/2019
Verviers,Françoise,Vrouwelijk,09/30/2019
Schilde,Hannah,Vrouwelijk,09/28/2019
Wommelgem,Philippe,Mannelijk,09/21/2019
Antwerpen,Flavio,Mannelijk,10/09/2019
Aalst (Aalst),Carine,Vrouwelijk,09/29/2019
Grobbendonk,Jurgen,Mannelijk,10/02/2019
Zonnebeke,Henri,Mannelijk,10/01/2019
Gent,Denis,Mannelijk,10/03/2019
Tessenderlo,Ilse,Vrouwelijk,09/25/2019
Hoei,Béatrice,Vrouwelijk,10/03/2019
Roeselare,Chris,Mannelijk,10/03/2019
Charleroi,Murielle,Vrouwelijk,09/29/2019
La Louvière,Salvatore,Mannelijk,10/07/2019
Seraing,Paolo,Mannelijk,10/25/2019
Jette,Marina,Vrouwelijk,09/23/2019
Gooik,Bruno,Mannelijk,10/03/2019
Herselt,Michel,Mannelijk,10/06/2019
Zinnik,Frédéric,Mannelijk,10/08/2019
Deinze,Ariane,Vrouwelijk,09/26/2019
Genk,Mira,Vrouwelijk,10/08/2019
Fexhe-le-Haut-Clocher,Daniel,Mannelijk,09/28/2019
Profondeville,Pascale,Vrouwelijk,09/21/2019
Balen,Jurgen,Mannelijk,09/30/2019
Beveren (Sint-Niklaas),Amber,Vrouwelijk,09/26/2019
Wemmel,Julie,Vrouwelijk,10/01/2019
Diksmuide,Charline,Vrouwelijk,10/01/2019
Luik,Thierry,Mannelijk,10/24/2019
Kraainem,Ivan,Mannelijk,10/09/2019
Hamme (Dendermonde),Mehmet,Mannelijk,10/03/2019
Chapelle-lez-Herlaimont,Marie,Vrouwelijk,10/22/2019
Lebbeke,Roger,Mannelijk,09/30/2019
Aartselaar,Julia,Vrouwelijk,09/25/2019
Zaventem,Etienne,Mannelijk,09/29/2019
Schaarbeek,Jaroslaw,Mannelijk,09/26/2019
Engis,Julien,Mannelijk,09/28/2019
Gent,Celine,Vrouwelijk,10/05/2019
Sint-Jans-Molenbeek,Anna,Vrouwelijk,10/06/2019
Sint-Gillis-Waas,Berlinde,Vrouwelijk,09/21/2019
Schaarbeek,Mustafa,Mannelijk,10/06/2019
’s Gravenbrakel,Arlette,Vrouwelijk,10/07/2019
Antwerpen,Kelly,Vrouwelijk,09/27/2019
Wezet,Malika,Vrouwelijk,09/24/2019
Gent,Tulay,Vrouwelijk,10/23/2019
Châtelet,Françoise,Vrouwelijk,09/25/2019
Leopoldsburg,Jimmy,Mannelijk,10/05/2019
Luik,André,Mannelijk,10/11/2019
Sint-Truiden,Jarne,Mannelijk,10/05/2019
Dilbeek,Nicolas,Mannelijk,09/26/2019
Sambreville,Benjamin,Mannelijk,10/09/2019
Oostkamp,Wendy,Vrouwelijk,10/09/2019
Ukkel,Gilles,Mannelijk,09/28/2019
Gent,Thibo,Mannelijk,10/10/2019
Zemst,Noah,Mannelijk,11/15/2019
Halle (Halle-Vilvoorde),Martine,Vrouwelijk,10/01/2019
Hoogstraten,Michel,Mannelijk,10/12/2019
La Bruyère,Bénédicte,Vrouwelijk,10/04/2019
Zaventem,Florence,Vrouwelijk,10/29/2019
Hove (Antwerpen),Christiane,Vrouwelijk,09/26/2019
Beyne-Heusay,Bruno,Mannelijk,09/22/2019
Hasselt,Paul,Mannelijk,09/29/2019
Vilvoorde,Havva,Vrouwelijk,10/15/2019
Waver,Josiane,Vrouwelijk,09/28/2019
Bree,Lucia,Vrouwelijk,09/30/2019
Charleroi,Julie,Vrouwelijk,10/05/2019
Namen,David,Mannelijk,09/23/2019
Herent,Maria,Vrouwelijk,10/03/2019
Doornik,Salvatore,Mannelijk,10/20/2019
Grobbendonk,Christiaan,Mannelijk,10/01/2019
Antwerpen,Kristof,Mannelijk,10/07/2019
Eigenbrakel,Jean,Mannelijk,10/11/2019
Antwerpen,Ludovicus,Mannelijk,10/20/2019
Dilbeek,Marco,Mannelijk,10/04/2019
Brugge,Conny,Vrouwelijk,10/06/2019
Sint-Gillis,Pedro,Mannelijk,10/06/2019
Herentals,Diane,Vrouwelijk,09/30/2019
Halle (Halle-Vilvoorde),Mark,Mannelijk,09/26/2019
Charleroi,Leeroy,Mannelijk,09/29/2019
Farciennes,Andrée,Vrouwelijk,09/29/2019
Lokeren,Ellen,Vrouwelijk,10/03/2019
Saint-Nicolas (Luik),Patricia,Vrouwelijk,09/30/2019
Schaarbeek,Jenny,Vrouwelijk,09/29/2019
Maasmechelen,Paola,Vrouwelijk,10/18/2019
Houthalen-Helchteren,Nicky,Mannelijk,09/27/2019
Zaventem,Virginie,Vrouwelijk,10/08/2019
Ingelmunster,Annelies,Vrouwelijk,10/01/2019
Middelkerke,Margaux,Vrouwelijk,09/29/2019
Luik,Anas,Mannelijk,10/06/2019
Aalter,Luc,Mannelijk,09/28/2019
Chastre,Jean,Mannelijk,09/27/2019
Antwerpen,Evelyne,Vrouwelijk,10/08/2019
Antwerpen,Joost,Mannelijk,09/27/2019
Zoersel,Peter,Mannelijk,09/29/2019
Antwerpen,Soulia,Vrouwelijk,10/19/2019
Sint-Katelijne-Waver,Herman,Mannelijk,09/26/2019
Sint-Gillis,Mamadou,Mannelijk,10/02/2019
Pont-à-Celles,Jean-Pierre,Mannelijk,10/17/2019
Jette,Corine,Vrouwelijk,09/21/2019
Lier,Thomas,Mannelijk,09/28/2019
Court-Saint-Etienne,Frédéric,Mannelijk,10/18/2019
Kortrijk,Martine,Vrouwelijk,10/04/2019
Charleroi,Alessia,Vrouwelijk,10/31/2019
Anderlecht,Amira,Vrouwelijk,10/12/2019
Tintigny,Maxime,Mannelijk,10/12/2019
Lichtervelde,Stijn,Mannelijk,10/07/2019
Zwevegem,Gilles,Mannelijk,09/29/2019
Tessenderlo,Laurens,Mannelijk,10/11/2019
Willebroek,Paul,Mannelijk,10/04/2019
Scherpenheuvel-Zichem,Carine,Vrouwelijk,10/02/2019
Haaltert,Tania,Vrouwelijk,10/11/2019
Anderlues,Alessandro,Mannelijk,09/29/2019
Brussel,Caroline,Vrouwelijk,10/12/2019
Genk,John,Mannelijk,09/29/2019
Ukkel,Fabienne,Vrouwelijk,09/29/2019
Sint-Katelijne-Waver,Gunter,Mannelijk,10/07/2019
Peer,Eddy,Mannelijk,09/24/2019
Pelt,Godelieve,Vrouwelijk,10/04/2019
Ukkel,Jordan,Mannelijk,09/21/2019
Graven,Marie,Vrouwelijk,09/25/2019
Antoing,Michel,Mannelijk,10/29/2019
Antwerpen,Anta,Vrouwelijk,10/21/2019
Lievegem,Rosina,Vrouwelijk,09/29/2019
Kapelle-op-den-Bos,Thomas,Mannelijk,09/27/2019
