gemeente,naam,geslacht,verwachte datum
Schilde,Maria,Vrouwelijk,02/04/2019
Menen,Fien,Vrouwelijk,01/27/2019
Luik,Sandrine,Vrouwelijk,01/13/2019
Antwerpen,Hafsa,Vrouwelijk,01/18/2019
Mechelen,Griet,Vrouwelijk,01/13/2019
Geel,Nico,Mannelijk,01/13/2019
Moeskroen,Denise,Vrouwelijk,01/25/2019
Seneffe,Philippe,Mannelijk,02/08/2019
Luik,Maxence,Mannelijk,01/16/2019
Brecht,Peter,Mannelijk,01/06/2019
Geel,Johan,Mannelijk,01/14/2019
Hasselt,Louis,Mannelijk,01/18/2019
Aalter,Briek,Mannelijk,01/16/2019
Schoten,Sophie,Vrouwelijk,01/25/2019
Etterbeek,Sandrine,Vrouwelijk,01/13/2019
Nieuwpoort,Olivier,Mannelijk,01/06/2019
Charleroi,Franca,Vrouwelijk,01/23/2019
Bastenaken,Christophe,Mannelijk,01/14/2019
Charleroi,Philippe,Mannelijk,01/16/2019
Fontaine-l’Evêque,Christiane,Vrouwelijk,01/16/2019
Gent,Mathieu,Mannelijk,02/03/2019
Vorselaar,Mats,Mannelijk,01/12/2019
Antwerpen,Marguerite,Vrouwelijk,01/05/2019
Beauraing,Nicolas,Mannelijk,01/29/2019
Waver,Alex,Mannelijk,01/18/2019
Houthalen-Helchteren,Stefanie,Vrouwelijk,01/13/2019
Zemst,Jean,Mannelijk,01/07/2019
Sint-Jans-Molenbeek,Jenny,Vrouwelijk,01/14/2019
Lontzen,Sascha,Mannelijk,01/15/2019
Anderlecht,Joanna,Vrouwelijk,01/14/2019
Evere,Marianne,Vrouwelijk,01/22/2019
Beringen,Sükran,Vrouwelijk,01/25/2019
Waterloo,Bernard,Mannelijk,01/06/2019
Brussel,Kevin,Mannelijk,01/18/2019
Antwerpen,Zion,Mannelijk,01/23/2019
Antwerpen,Rosette,Vrouwelijk,01/20/2019
Oudenaarde,Peter,Mannelijk,02/04/2019
Kortrijk,Diana,Vrouwelijk,01/24/2019
La Louvière,Paulette,Vrouwelijk,01/22/2019
Waver,Gaëtane,Vrouwelijk,01/13/2019
Anderlecht,Alexis,Mannelijk,01/13/2019
Leuven,Veerle,Vrouwelijk,01/16/2019
Anderlecht,Paul,Mannelijk,01/09/2019
Brussel,Arielle,Vrouwelijk,01/24/2019
Kruisem,Thomas,Mannelijk,01/13/2019
Morlanwelz,Chantal,Vrouwelijk,02/05/2019
Beerse,Denise,Vrouwelijk,01/12/2019
Hulshout,Christiaan,Mannelijk,01/12/2019
Opwijk,Louisa,Vrouwelijk,01/17/2019
Koekelare,Nina,Vrouwelijk,01/17/2019
Aarschot,Rudy,Mannelijk,01/07/2019
Anderlecht,Ghizlane,Vrouwelijk,01/14/2019
Walcourt,Daniel,Mannelijk,01/21/2019
Sprimont,Gaëlle,Vrouwelijk,01/05/2019
Namen,Megane,Vrouwelijk,02/07/2019
Aalter,Tim,Mannelijk,01/11/2019
Gent,Gaëlle,Vrouwelijk,01/05/2019
Lochristi,Liselotte,Vrouwelijk,01/09/2019
Halen,Michel,Mannelijk,02/04/2019
Antwerpen,Rosa,Vrouwelijk,01/05/2019
Gent,Özlem,Vrouwelijk,01/25/2019
Gent,Ana,Vrouwelijk,01/16/2019
Londerzeel,Francina,Vrouwelijk,01/21/2019
Assenede,Liliane,Vrouwelijk,01/22/2019
Morlanwelz,Mathys,Mannelijk,01/22/2019
Gent,Féline,Vrouwelijk,01/16/2019
Antwerpen,Mohammed,Mannelijk,01/15/2019
Doornik,Boris,Mannelijk,01/25/2019
Hasselt,Gisèle,Vrouwelijk,03/01/2019
Hulshout,Mathis,Mannelijk,01/26/2019
Kontich,Joke,Vrouwelijk,01/09/2019
Herk-de-Stad,Gerry,Mannelijk,02/07/2019
Knokke-Heist,Davy,Mannelijk,01/18/2019
Wevelgem,Dominique,Mannelijk,01/08/2019
Péruwelz,Tom,Mannelijk,02/05/2019
Beersel,Laura,Vrouwelijk,01/19/2019
Antwerpen,Dirk,Mannelijk,01/15/2019
Bilzen,Herman,Mannelijk,01/21/2019
Durbuy,Clémentine,Vrouwelijk,02/10/2019
Juprelle,Séverine,Vrouwelijk,01/13/2019
Blankenberge,Kathy,Vrouwelijk,01/10/2019
Zwevegem,Griet,Vrouwelijk,01/19/2019
Sint-Niklaas (Sint-Niklaas),Francine,Vrouwelijk,01/24/2019
Evere,Thibault,Mannelijk,01/16/2019
Oostende,Tenzin,Mannelijk,01/07/2019
Namen,Sophie,Vrouwelijk,01/19/2019
Aarschot,Jacques,Mannelijk,01/07/2019
Frameries,Maria,Vrouwelijk,01/19/2019
Ham-sur-Heure-Nalinnes,Nadège,Vrouwelijk,01/16/2019
Gent,Denislav,Mannelijk,01/17/2019
Grimbergen,Sam,Mannelijk,01/22/2019
Hasselt,Ingrid,Vrouwelijk,03/03/2019
Braives,Nathalie,Vrouwelijk,01/06/2019
Genk,Muhammed,Mannelijk,02/03/2019
Antwerpen,Anja,Vrouwelijk,01/14/2019
Estaimpuis,Isabelle,Vrouwelijk,01/05/2019
Brussel,Raul,Mannelijk,01/22/2019
Zaventem,Viviane,Vrouwelijk,01/15/2019
Nijvel,Claudine,Vrouwelijk,01/08/2019
Berlaar,Ann,Vrouwelijk,01/21/2019
Halen,Mathijs,Mannelijk,01/15/2019
Evergem,Sofie,Vrouwelijk,03/01/2019
Tessenderlo,Nicole,Vrouwelijk,02/06/2019
Bergen,Loïc,Mannelijk,01/06/2019
Eupen,Alexandra,Vrouwelijk,01/22/2019
Diksmuide,Werner,Mannelijk,01/20/2019
Mortsel,Hajar,Vrouwelijk,01/15/2019
Oud-Turnhout,Joël,Mannelijk,01/22/2019
Bree,Jacques,Mannelijk,02/06/2019
Bièvre,Grégory,Mannelijk,01/17/2019
Aarschot,Cynthia,Vrouwelijk,01/14/2019
Ham-sur-Heure-Nalinnes,Maxime,Mannelijk,01/18/2019
Châtelet,Victoria,Vrouwelijk,02/04/2019
Maaseik,Raoul,Mannelijk,01/09/2019
Kapelle-op-den-Bos,Rudi,Mannelijk,01/14/2019
Gent,Ecrin,Vrouwelijk,01/09/2019
Middelkerke,Carine,Vrouwelijk,01/25/2019
Elsene,Victoria,Vrouwelijk,01/11/2019
Genk,Anass,Mannelijk,01/12/2019
Ukkel,Rayan,Mannelijk,01/07/2019
Harelbeke,Filip,Mannelijk,01/17/2019
Zoersel,Nadine,Vrouwelijk,01/15/2019
Wuustwezel,Frans,Mannelijk,01/24/2019
Luik,Jeanne,Vrouwelijk,01/24/2019
Courcelles,Anne,Vrouwelijk,01/13/2019
Oostrozebeke,Mattis,Mannelijk,01/13/2019
Soumagne,Joseph,Mannelijk,01/14/2019
Moorslede,Elias,Mannelijk,01/23/2019
Anderlecht,Lara,Vrouwelijk,03/09/2019
Luik,Géraldine,Vrouwelijk,01/22/2019
Faimes,Tom,Mannelijk,01/28/2019
Colfontaine,Nancy,Vrouwelijk,01/25/2019
Aalst (Aalst),Marie-Claire,Vrouwelijk,01/13/2019
Flémalle,Thierry,Mannelijk,02/04/2019
Gent,Peter,Mannelijk,01/15/2019
Vorst (Brussel-Hoofdstad),Christiane,Vrouwelijk,01/12/2019
Chapelle-lez-Herlaimont,Olivier,Mannelijk,01/30/2019
Eupen,Verena,Vrouwelijk,01/06/2019
Sint-Jans-Molenbeek,Romayssa,Vrouwelijk,01/14/2019
Retie,Noor,Vrouwelijk,01/15/2019
Sint-Lambrechts-Woluwe,Anita,Vrouwelijk,01/17/2019
Gent,Filiz,Vrouwelijk,01/12/2019
Ninove,Laure,Vrouwelijk,01/14/2019
Aubange,Bernadette,Vrouwelijk,01/06/2019
Charleroi,Benoit,Mannelijk,01/11/2019
Kontich,Sarah,Vrouwelijk,01/19/2019
Namen,Bénédicte,Vrouwelijk,01/15/2019
Duffel,Sofie,Vrouwelijk,01/12/2019
Antwerpen,Redouan,Mannelijk,01/14/2019
Watermaal-Bosvoorde,Sandra,Vrouwelijk,01/24/2019
Oudsbergen,Sigrid,Vrouwelijk,01/12/2019
Geraardsbergen,Frieda,Vrouwelijk,02/09/2019
Geel,Evy,Vrouwelijk,01/17/2019
Nijvel,Laura,Vrouwelijk,02/01/2019
La Louvière,Marie-Louise,Vrouwelijk,01/12/2019
Elsene,Michail,Mannelijk,01/13/2019
Rixensart,Léon,Mannelijk,01/06/2019
Geraardsbergen,Lise,Vrouwelijk,01/13/2019
Boutersem,Monique,Vrouwelijk,01/17/2019
Cerfontaine,Pierre,Mannelijk,01/14/2019
Schaarbeek,Athina,Vrouwelijk,01/24/2019
Glabbeek,Pieter,Mannelijk,01/18/2019
Destelbergen,Victoria,Vrouwelijk,01/17/2019
Sint-Pieters-Leeuw,Etienne,Mannelijk,02/10/2019
Tremelo,Jimmy,Mannelijk,01/10/2019
Libramont-Chevigny,Jean-Pol,Mannelijk,01/16/2019
Oostkamp,Mathias,Mannelijk,01/17/2019
Leuven,Nick,Mannelijk,01/17/2019
Veurne,Georges,Mannelijk,01/18/2019
Gent,Stefaan,Mannelijk,01/15/2019
La Louvière,Danielle,Vrouwelijk,01/13/2019
Ans,Valérie,Vrouwelijk,01/14/2019
Zoersel,Luna,Vrouwelijk,01/18/2019
Bornem,Monique,Vrouwelijk,01/20/2019
Gent,Wannes,Mannelijk,01/13/2019
Antwerpen,Jean,Mannelijk,01/20/2019
Bonheiden,Luc,Mannelijk,01/15/2019
Jabbeke,Hans,Mannelijk,01/25/2019
Nassogne,Michaël,Mannelijk,01/22/2019
Herve,Bénédicte,Vrouwelijk,01/10/2019
Luik,Souad,Vrouwelijk,01/13/2019
Overijse,Monique,Vrouwelijk,01/18/2019
Antwerpen,Kim,Mannelijk,01/29/2019
Antwerpen,Narges,Vrouwelijk,01/14/2019
Rixensart,Gérard,Mannelijk,01/20/2019
Antwerpen,Lars,Mannelijk,01/16/2019
Destelbergen,Anja,Vrouwelijk,01/21/2019
Begijnendijk,Helena,Vrouwelijk,01/16/2019
Pelt,Geert,Mannelijk,01/11/2019
Seneffe,Michelle,Vrouwelijk,01/06/2019
Kruisem,Gaston,Mannelijk,01/20/2019
Chapelle-lez-Herlaimont,Jean-Luc,Mannelijk,01/17/2019
Bergen,Nazario,Mannelijk,01/18/2019
Sint-Lambrechts-Woluwe,Jonathan,Mannelijk,01/08/2019
Oudergem,Frédéric,Mannelijk,01/24/2019
Antwerpen,Marcel,Mannelijk,01/17/2019
Pont-à-Celles,Célia,Vrouwelijk,01/22/2019
Pelt,Catharina,Vrouwelijk,01/24/2019
Antwerpen,Sana,Vrouwelijk,01/23/2019
Hasselt,Mohamed,Mannelijk,01/24/2019
Wellen,Helena,Vrouwelijk,01/25/2019
Zaventem,Steven,Mannelijk,02/04/2019
Gent,Nicole,Vrouwelijk,01/13/2019
Sint-Jans-Molenbeek,Khadija,Vrouwelijk,01/22/2019
Kapellen (Antwerpen),Tommy,Mannelijk,01/16/2019
Chapelle-lez-Herlaimont,Thierry,Mannelijk,01/29/2019
Hasselt,Luc,Mannelijk,01/22/2019
Lokeren,Ashley,Vrouwelijk,01/08/2019
Moeskroen,Charlotte,Vrouwelijk,01/10/2019
Dison,Anne,Vrouwelijk,01/16/2019
Antwerpen,Simone,Vrouwelijk,01/12/2019
Leuven,Claire,Vrouwelijk,01/08/2019
Kruisem,Niels,Mannelijk,01/20/2019
Weismes,Vinciane,Vrouwelijk,01/19/2019
Bernissart,Antoine,Mannelijk,01/11/2019
Buggenhout,Hanne,Vrouwelijk,01/14/2019
Bever,Robin,Mannelijk,01/15/2019
Frameries,Emilia,Vrouwelijk,01/10/2019
Antwerpen,David,Mannelijk,01/16/2019
Rumst,Bart,Mannelijk,01/14/2019
Gent,Enes,Mannelijk,01/28/2019
Balen,Thijs,Mannelijk,02/09/2019
Erquelinnes,Thomas,Mannelijk,01/23/2019
Luik,Benoît,Mannelijk,01/17/2019
Elsene,Marc,Mannelijk,01/15/2019
Comblain-au-Pont,Patricia,Vrouwelijk,02/08/2019
Ukkel,Viviane,Vrouwelijk,01/15/2019
Antwerpen,Annemie,Vrouwelijk,01/15/2019
Sint-Niklaas (Sint-Niklaas),Cindy,Vrouwelijk,01/16/2019
Welkenraedt,Cédric,Mannelijk,01/21/2019
Boom,Abdellah,Mannelijk,02/04/2019
Lede,Mattis,Mannelijk,01/14/2019
Geel,Els,Vrouwelijk,01/07/2019
Héron,Françoise,Vrouwelijk,01/08/2019
Tervuren,Katrijn,Vrouwelijk,01/13/2019
Antwerpen,Françoise,Vrouwelijk,01/25/2019
Luik,Stéphanie,Vrouwelijk,01/14/2019
Roeselare,Veerle,Vrouwelijk,01/09/2019
Stabroek,Christel,Vrouwelijk,01/14/2019
Genk,Hilda,Vrouwelijk,01/08/2019
Chaudfontaine,Michèle,Vrouwelijk,01/13/2019
Aalst (Aalst),Rob,Mannelijk,01/13/2019
Mettet,Daniel,Mannelijk,01/23/2019
Brugge,Bart,Mannelijk,01/05/2019
Merchtem,Yolande,Vrouwelijk,01/16/2019
Temse,Alain,Mannelijk,01/06/2019
Turnhout,Ilse,Vrouwelijk,01/28/2019
Mol,Robbe,Mannelijk,01/15/2019
Sint-Joost-ten-Node,Monica,Vrouwelijk,01/05/2019
Grimbergen,Leopold,Mannelijk,01/21/2019
Liedekerke,Jeannine,Vrouwelijk,01/15/2019
Borgloon,Elisabeth,Vrouwelijk,01/21/2019
Beernem,Bert,Mannelijk,01/08/2019
Heusden-Zolder,Paulien,Vrouwelijk,01/12/2019
Kortrijk,Ilse,Vrouwelijk,01/15/2019
Chaudfontaine,Alfred,Mannelijk,01/23/2019
Seraing,Michèle,Vrouwelijk,01/25/2019
Lummen,Kurt,Mannelijk,01/14/2019
Moeskroen,Sylvain,Mannelijk,01/23/2019
Dendermonde,Seppe,Mannelijk,01/21/2019
Fléron,Dominique,Vrouwelijk,01/16/2019
Charleroi,Lucie,Vrouwelijk,01/09/2019
Hasselt,Lieve,Vrouwelijk,01/12/2019
Ingelmunster,Laura,Vrouwelijk,01/17/2019
Ukkel,Jérôme,Mannelijk,01/25/2019
Maaseik,Luc,Mannelijk,01/21/2019
Menen,Nancy,Vrouwelijk,01/16/2019
Ronse,Jeroen,Mannelijk,01/11/2019
Amay,Samuel,Mannelijk,01/18/2019
Lontzen,Josephine,Vrouwelijk,01/07/2019
Ranst,Liam,Mannelijk,01/14/2019
Zele,Karel,Mannelijk,01/13/2019
Vorst (Brussel-Hoofdstad),Jamila,Vrouwelijk,01/18/2019
Sint-Pieters-Woluwe,Michel,Mannelijk,01/15/2019
Antwerpen,Dolkar,Vrouwelijk,01/31/2019
Namen,Christophe,Mannelijk,01/17/2019
Ukkel,Berthe,Vrouwelijk,01/16/2019
Tervuren,Alfons,Mannelijk,01/12/2019
Gent,Guy,Mannelijk,03/04/2019
Poperinge,Suzanne,Vrouwelijk,01/21/2019
Antwerpen,Sarah,Vrouwelijk,01/16/2019
Maldegem,Stephanie,Vrouwelijk,01/06/2019
Diest,Sandra,Vrouwelijk,01/08/2019
Hastière,Simon,Mannelijk,01/14/2019
Deinze,Zoë,Vrouwelijk,01/16/2019
Ganshoren,Julia,Vrouwelijk,01/09/2019
La Louvière,David,Mannelijk,01/16/2019
Oostende,Jessy,Vrouwelijk,01/09/2019
Antwerpen,Sonja,Vrouwelijk,01/31/2019
Luik,Mathilda,Vrouwelijk,01/17/2019
Sankt Vith,Noé,Mannelijk,01/05/2019
Bever,Ghislain,Mannelijk,01/16/2019
Chaumont-Gistoux,Isabelle,Vrouwelijk,01/18/2019
Philippeville,Eric,Mannelijk,01/18/2019
Charleroi,Christian,Mannelijk,01/18/2019
Hoeselt,Senne,Mannelijk,01/06/2019
Antwerpen,Clementine,Vrouwelijk,01/13/2019
Fontaine-l’Evêque,Noël,Mannelijk,01/07/2019
Sankt Vith,Rainer,Mannelijk,02/07/2019
Antwerpen,Anouk,Vrouwelijk,01/16/2019
Mechelen,Imelda,Vrouwelijk,01/25/2019
Aalst (Aalst),Ronny,Mannelijk,01/05/2019
Gent,Irfan,Mannelijk,01/18/2019
Middelkerke,Nicholas,Mannelijk,01/23/2019
Bergen,Bernard,Mannelijk,01/07/2019
Turnhout,Steven,Mannelijk,01/14/2019
Boortmeerbeek,Diane,Vrouwelijk,01/13/2019
Charleroi,Fabian,Mannelijk,01/14/2019
Aalst (Aalst),Annick,Vrouwelijk,01/17/2019
