gemeente,naam,geslacht,verwachte datum
Charleroi,Laurent,Mannelijk,12/03/2019
Sambreville,Régine,Vrouwelijk,12/04/2019
Watermaal-Bosvoorde,Karin,Vrouwelijk,11/08/2019
Sint-Niklaas (Sint-Niklaas),Samuel,Mannelijk,11/14/2019
Anzegem,Stefaan,Mannelijk,11/05/2019
Grâce-Hollogne,Viviane,Vrouwelijk,11/04/2019
Tervuren,Sandrine,Vrouwelijk,11/06/2019
Antwerpen,Frank,Mannelijk,11/07/2019
Antwerpen,Chaim,Mannelijk,11/17/2019
Dison,Christelle,Vrouwelijk,11/21/2019
Herselt,Helena,Vrouwelijk,12/16/2019
Elsene,Daniel,Mannelijk,11/04/2019
Oudenaarde,Oona,Vrouwelijk,11/19/2019
Oupeye,Jean,Mannelijk,11/17/2019
Oostrozebeke,Marleen,Vrouwelijk,11/15/2019
Luik,Fabienne,Vrouwelijk,11/20/2019
Brussel,Veronique,Vrouwelijk,11/15/2019
Luik,Davina,Vrouwelijk,11/21/2019
Hamois,Nicole,Vrouwelijk,11/01/2019
Chaudfontaine,André,Mannelijk,11/08/2019
Beersel,Sophie,Vrouwelijk,11/09/2019
Nandrin,Xavier,Mannelijk,11/10/2019
Antwerpen,Christiane,Vrouwelijk,11/12/2019
Oudenburg,Jan,Mannelijk,11/10/2019
Brasschaat,Bart,Mannelijk,11/16/2019
Koekelberg,Sofiane,Mannelijk,11/05/2019
Knokke-Heist,Liliane,Vrouwelijk,11/22/2019
Orp-Jauche,Anne-Sophie,Vrouwelijk,11/09/2019
Courcelles,Jacques,Mannelijk,11/20/2019
Borgworm,Simonne,Vrouwelijk,11/13/2019
Denderleeuw,Rita,Vrouwelijk,11/11/2019
Zottegem,Raphaël,Mannelijk,11/29/2019
Grimbergen,Hilda,Vrouwelijk,11/09/2019
Schaarbeek,Farid,Mannelijk,11/09/2019
Châtelet,Philippe,Mannelijk,11/14/2019
Rixensart,André,Mannelijk,11/03/2019
Ukkel,Paul,Mannelijk,11/22/2019
Mechelen,Ann,Vrouwelijk,11/16/2019
Charleroi,Nour,Mannelijk,12/03/2019
Luik,Saïd,Mannelijk,11/11/2019
Ohey,Danielle,Vrouwelijk,11/10/2019
Dinant,Bernadette,Vrouwelijk,11/18/2019
Kasteelbrakel,Kelly,Vrouwelijk,11/04/2019
Ronse,Christopher,Mannelijk,11/15/2019
Kortrijk,Emmy,Vrouwelijk,11/10/2019
Gent,Rita,Vrouwelijk,11/05/2019
Houthalen-Helchteren,Jozef,Mannelijk,11/09/2019
Mol,Steffi,Vrouwelijk,11/15/2019
Oud-Heverlee,Marijke,Vrouwelijk,11/01/2019
Puurs-Sint-Amands,Kristof,Mannelijk,11/20/2019
Dendermonde,Robert,Mannelijk,12/23/2019
Dendermonde,Jasper,Mannelijk,11/26/2019
Herentals,Els,Vrouwelijk,11/19/2019
Mettet,Colette,Vrouwelijk,11/04/2019
Houthalen-Helchteren,Godelieve,Vrouwelijk,11/25/2019
Luik,Eric,Mannelijk,11/11/2019
Brussel,Aziza,Vrouwelijk,11/09/2019
Wezet,Alison,Vrouwelijk,11/09/2019
Tienen,Kenneth,Mannelijk,12/05/2019
Ecaussinnes,Kimberley,Vrouwelijk,11/02/2019
Watermaal-Bosvoorde,Louis,Mannelijk,11/17/2019
Kapellen (Antwerpen),Cornelia,Vrouwelijk,11/11/2019
Schaarbeek,Antoine,Mannelijk,11/17/2019
Virton,Paul,Mannelijk,11/15/2019
Seraing,Marina,Vrouwelijk,11/14/2019
Kortrijk,Mohammad,Mannelijk,11/17/2019
Wachtebeke,Marina,Vrouwelijk,11/04/2019
Sint-Pieters-Woluwe,Ignacio,Mannelijk,11/07/2019
Quévy,André,Mannelijk,11/07/2019
Jabbeke,Annick,Vrouwelijk,11/08/2019
Schaarbeek,Ediz,Mannelijk,11/17/2019
Wommelgem,Agnes,Vrouwelijk,11/11/2019
Kortrijk,Karolina,Vrouwelijk,11/14/2019
Jalhay,Laurence,Vrouwelijk,11/28/2019
Tielt-Winge,August,Mannelijk,11/13/2019
Leuven,Erik,Mannelijk,11/08/2019
Anderlecht,Mohamed,Mannelijk,11/13/2019
Sint-Gillis-Waas,Leonza,Vrouwelijk,11/14/2019
Morlanwelz,Alexandre,Mannelijk,11/14/2019
Wezembeek-Oppem,Lisette,Vrouwelijk,11/07/2019
Flémalle,Maria,Vrouwelijk,11/01/2019
Oudergem,Robin,Mannelijk,11/08/2019
Ruiselede,Yves,Mannelijk,11/16/2019
Heist-op-den-Berg,Willem,Mannelijk,11/14/2019
Galmaarden,Monique,Vrouwelijk,11/25/2019
Lanaken,Eric,Mannelijk,11/18/2019
Diksmuide,Guido,Mannelijk,11/02/2019
Diest,Annie,Vrouwelijk,11/13/2019
Estaimpuis,Sébastien,Mannelijk,12/03/2019
Oostende,Liliane,Vrouwelijk,11/13/2019
Maasmechelen,Ilona,Vrouwelijk,11/20/2019
Lanaken,Alexander,Mannelijk,11/14/2019
Sint-Pieters-Leeuw,Tom,Mannelijk,11/08/2019
Dilbeek,Léopold,Mannelijk,11/17/2019
Zoersel,Seppe,Mannelijk,11/06/2019
Doornik,Aurélien,Mannelijk,12/01/2019
Schilde,Benny,Mannelijk,11/01/2019
Kortrijk,Veerle,Vrouwelijk,11/02/2019
Sint-Jans-Molenbeek,Hajar,Vrouwelijk,12/02/2019
Eigenbrakel,Anne,Vrouwelijk,11/22/2019
Anderlecht,Khadija,Vrouwelijk,11/03/2019
Mortsel,Marieke,Vrouwelijk,11/15/2019
Pelt,Nick,Mannelijk,11/11/2019
Edegem,Anny,Vrouwelijk,11/13/2019
Dendermonde,Marianne,Vrouwelijk,11/12/2019
Zaventem,Matteo,Mannelijk,11/29/2019
Houthalen-Helchteren,René,Mannelijk,11/19/2019
Arendonk,Geert,Mannelijk,11/08/2019
Brussel,Nora,Vrouwelijk,11/14/2019
Bergen,Irina,Vrouwelijk,11/02/2019
Luik,Lucrèce,Vrouwelijk,11/12/2019
Ans,Martine,Vrouwelijk,11/12/2019
Kortemark,Bryan,Mannelijk,11/28/2019
Linkebeek,Christophe,Mannelijk,11/11/2019
Gent,Tim,Mannelijk,11/11/2019
Antwerpen,Veerle,Vrouwelijk,11/12/2019
Sankt Vith,Sacha,Mannelijk,11/16/2019
Namen,Aurélie,Vrouwelijk,11/09/2019
Sint-Truiden,Joseph,Mannelijk,11/19/2019
Berlare,Diana,Vrouwelijk,11/07/2019
Vorst (Brussel-Hoofdstad),Naïma,Vrouwelijk,11/17/2019
Remicourt,Audrey,Vrouwelijk,11/15/2019
Maasmechelen,Myrjam,Vrouwelijk,11/08/2019
Sint-Jans-Molenbeek,Maher,Mannelijk,11/15/2019
Sint-Niklaas (Sint-Niklaas),Christiana,Vrouwelijk,11/10/2019
Staden,Dieter,Mannelijk,11/29/2019
Maaseik,Mathieu,Mannelijk,11/20/2019
Aarlen,Yannick,Mannelijk,12/28/2019
Diest,Ludo,Mannelijk,11/11/2019
Hotton,Véronique,Vrouwelijk,11/16/2019
Ukkel,Marta,Vrouwelijk,11/11/2019
Charleroi,Despina,Vrouwelijk,12/05/2019
Beringen,Christos,Mannelijk,11/30/2019
Antwerpen,Wendy,Vrouwelijk,11/04/2019
Putte,Cindy,Vrouwelijk,11/12/2019
Jalhay,Pierre,Mannelijk,12/02/2019
Sint-Niklaas (Sint-Niklaas),Frédien,Mannelijk,11/03/2019
Geel,Marie,Vrouwelijk,12/04/2019
Dendermonde,Myriam,Vrouwelijk,11/20/2019
Vaux-sur-Sûre,Emilie,Vrouwelijk,11/10/2019
Anderlecht,Reda,Mannelijk,11/13/2019
Brasschaat,Nadine,Vrouwelijk,11/17/2019
Chapelle-lez-Herlaimont,Chantal,Vrouwelijk,11/01/2019
Antwerpen,Joseph,Mannelijk,11/12/2019
Leuven,Yasmine,Vrouwelijk,11/12/2019
Essen,Milan,Mannelijk,11/13/2019
Antwerpen,Yavuz,Mannelijk,12/07/2019
Moeskroen,Marie-Jeanne,Vrouwelijk,11/15/2019
Bergen,Juan,Mannelijk,11/14/2019
Menen,Tatiana,Vrouwelijk,11/01/2019
Sint-Katelijne-Waver,Toon,Mannelijk,11/13/2019
Sint-Gillis-Waas,Bo,Vrouwelijk,11/04/2019
Gent,Werner,Mannelijk,11/09/2019
Assenede,Peter,Mannelijk,11/08/2019
Kruisem,Marijke,Vrouwelijk,11/09/2019
Bonheiden,Kurt,Mannelijk,11/20/2019
Antwerpen,Noura,Vrouwelijk,11/07/2019
Herentals,Elena,Vrouwelijk,11/12/2019
Hannuit,Fabienne,Vrouwelijk,11/18/2019
Vilvoorde,Koen,Mannelijk,11/21/2019
Beringen,Greetje,Vrouwelijk,11/21/2019
Sint-Jans-Molenbeek,Anne,Vrouwelijk,11/14/2019
Herzele,Dirk,Mannelijk,11/10/2019
Koksijde,Christine,Vrouwelijk,11/21/2019
Ronse,Sven,Mannelijk,01/05/2020
Grâce-Hollogne,Simonne,Vrouwelijk,11/19/2019
Gent,Ivy,Vrouwelijk,11/18/2019
Antwerpen,Maurits,Mannelijk,11/24/2019
Antwerpen,Noor,Vrouwelijk,11/18/2019
Antwerpen,Sandy,Vrouwelijk,11/12/2019
Gent,Luc,Mannelijk,11/23/2019
Zemst,Nancy,Vrouwelijk,11/05/2019
Waregem,Eddy,Mannelijk,11/16/2019
Wellen,Marcella,Vrouwelijk,11/17/2019
Charleroi,Elise,Vrouwelijk,11/13/2019
Hoogstraten,Klaas,Mannelijk,11/25/2019
Watermaal-Bosvoorde,Luca,Mannelijk,11/01/2019
Aywaille,Séverine,Vrouwelijk,11/17/2019
Châtelet,Mélissa,Vrouwelijk,11/10/2019
Wevelgem,Manon,Vrouwelijk,11/10/2019
Wichelen,Danny,Mannelijk,11/13/2019
Vosselaar,Hilde,Vrouwelijk,11/15/2019
Dentergem,Axelle,Vrouwelijk,11/11/2019
Chapelle-lez-Herlaimont,Christelle,Vrouwelijk,11/13/2019
Binche,Jocelyne,Vrouwelijk,11/17/2019
Genk,Kenan,Mannelijk,11/29/2019
Schaarbeek,Angela,Vrouwelijk,11/08/2019
Schaarbeek,Asma,Vrouwelijk,11/21/2019
Stavelot,Didier,Mannelijk,11/16/2019
Itter,Patrick,Mannelijk,11/20/2019
Laarne,Ellen,Vrouwelijk,11/13/2019
Turnhout,Herman,Mannelijk,11/03/2019
Esneux,Ingrid,Vrouwelijk,11/08/2019
Châtelet,Clara,Vrouwelijk,11/09/2019
Leuven,Martyna,Vrouwelijk,11/08/2019
Puurs-Sint-Amands,Leon,Mannelijk,11/09/2019
Meix-devant-Virton,Alexandre,Mannelijk,11/15/2019
Binche,Théo,Mannelijk,11/20/2019
Temse,Lars,Mannelijk,11/17/2019
Leopoldsburg,Dirk,Mannelijk,11/10/2019
Namen,Sandra,Vrouwelijk,11/19/2019
Seneffe,Chantal,Vrouwelijk,11/16/2019
Sint-Katelijne-Waver,Steven,Mannelijk,11/11/2019
Herve,Nicole,Vrouwelijk,11/16/2019
Geetbets,Karine,Vrouwelijk,11/10/2019
Antwerpen,Tamara,Vrouwelijk,12/04/2019
Ciney,Alexandra,Vrouwelijk,11/11/2019
Leuven,Tijl,Mannelijk,11/03/2019
Ninove,Tamara,Vrouwelijk,11/14/2019
Merelbeke,Stef,Mannelijk,11/11/2019
Ichtegem,Dylan,Mannelijk,11/01/2019
Geel,Daniel,Mannelijk,11/30/2019
Aalst (Aalst),An,Vrouwelijk,11/13/2019
Vaux-sur-Sûre,Nathan,Mannelijk,11/12/2019
Anderlecht,Ali,Mannelijk,11/11/2019
Antwerpen,Edda,Vrouwelijk,11/21/2019
Antwerpen,Nasrin,Vrouwelijk,11/19/2019
Retie,Tom,Mannelijk,11/10/2019
Gembloux,Anne,Vrouwelijk,11/26/2019
Ukkel,Clémence,Vrouwelijk,11/08/2019
Antwerpen,Jacob,Mannelijk,11/17/2019
Linkebeek,Juan,Mannelijk,11/18/2019
Schaarbeek,Ömer,Mannelijk,11/13/2019
Berlare,Johan,Mannelijk,11/20/2019
Walcourt,Pascal,Mannelijk,11/14/2019
Charleroi,Lucas,Mannelijk,11/12/2019
Ukkel,Patrick,Mannelijk,11/19/2019
Sombreffe,Katty,Vrouwelijk,11/02/2019
Aarlen,Marie,Vrouwelijk,11/14/2019
Beerse,Liese,Vrouwelijk,11/20/2019
Grâce-Hollogne,Arnold,Mannelijk,11/16/2019
Houthalen-Helchteren,Mathilda,Vrouwelijk,11/03/2019
Brecht,Lander,Mannelijk,11/11/2019
Koksijde,Luc,Mannelijk,11/11/2019
Opwijk,Ludovic,Mannelijk,11/09/2019
Peer,Alice,Vrouwelijk,11/21/2019
Lommel,Anne,Vrouwelijk,11/14/2019
Balen,Luc,Mannelijk,11/15/2019
Essen,Bo,Vrouwelijk,11/06/2019
Montigny-le-Tilleul,Bernard,Mannelijk,11/13/2019
Beringen,Feride,Vrouwelijk,11/06/2019
Tremelo,Karen,Vrouwelijk,12/02/2019
Mechelen,Luc,Mannelijk,11/15/2019
Courcelles,Valérie,Vrouwelijk,11/13/2019
Charleroi,Alicia,Vrouwelijk,11/22/2019
Gent,François,Mannelijk,11/17/2019
Manhay,Florence,Vrouwelijk,12/04/2019
Lille,Sarah,Vrouwelijk,11/11/2019
Saint-Ghislain,Salvatore,Mannelijk,11/17/2019
Leuze-en-Hainaut,Joachim,Mannelijk,11/14/2019
Kapelle-op-den-Bos,Greet,Vrouwelijk,11/13/2019
Zinnik,Ophélie,Vrouwelijk,11/09/2019
Courcelles,Matthew,Mannelijk,11/11/2019
Aat,Laura,Vrouwelijk,11/17/2019
Herent,Sofie,Vrouwelijk,11/24/2019
Ans,Anthony,Mannelijk,11/02/2019
Mechelen,Jozef,Mannelijk,11/20/2019
Vorst (Brussel-Hoofdstad),Jessica,Vrouwelijk,12/24/2019
Etalle,Marie-Christine,Vrouwelijk,11/14/2019
Maldegem,Vivianne,Vrouwelijk,11/30/2019
Colfontaine,Célia,Vrouwelijk,11/20/2019
Luik,Stephen,Mannelijk,11/19/2019
Antwerpen,Amber,Vrouwelijk,11/13/2019
Veurne,Fien,Vrouwelijk,11/14/2019
Lille,Jozef,Mannelijk,11/08/2019
Wellen,Tony,Mannelijk,11/10/2019
Sint-Gillis,Hakima,Vrouwelijk,11/15/2019
Houthalen-Helchteren,Peter,Mannelijk,11/01/2019
Beersel,Anna,Vrouwelijk,11/09/2019
Brugge,Robby,Mannelijk,11/01/2019
Brussel,Gaëlle,Vrouwelijk,11/07/2019
Chièvres,Jeannine,Vrouwelijk,11/08/2019
Ramillies,Virginie,Vrouwelijk,11/21/2019
Middelkerke,Lisette,Vrouwelijk,11/18/2019
Luik,Emilien,Mannelijk,11/10/2019
Brussel,An,Vrouwelijk,12/05/2019
Messancy,Michèle,Vrouwelijk,11/20/2019
Antwerpen,Céline,Vrouwelijk,11/08/2019
Luik,Jean-Claude,Mannelijk,11/15/2019
Trooz,Fabien,Mannelijk,11/12/2019
Brussel,Daria,Vrouwelijk,12/03/2019
Oostende,Sabrina,Vrouwelijk,11/18/2019
Bevekom,Mélanie,Vrouwelijk,11/03/2019
Vorselaar,Valerie,Vrouwelijk,11/20/2019
Beersel,Linda,Vrouwelijk,11/21/2019
Sint-Niklaas (Sint-Niklaas),Asiya,Vrouwelijk,11/08/2019
Meerhout,Nicole,Vrouwelijk,11/08/2019
Paliseul,Sarah,Vrouwelijk,11/22/2019
Bertogne,Maria,Vrouwelijk,11/12/2019
Scherpenheuvel-Zichem,Anne,Vrouwelijk,11/13/2019
Arendonk,Daniëlla,Vrouwelijk,12/10/2019
Luik,Olivia,Vrouwelijk,11/11/2019
Brunehaut,Alain,Mannelijk,11/11/2019
Peer,Laura,Vrouwelijk,11/11/2019
Kasteelbrakel,Diego,Mannelijk,11/13/2019
Zulte,Jade,Vrouwelijk,12/05/2019
Oud-Turnhout,Tim,Mannelijk,11/20/2019
Brugge,Rony,Mannelijk,11/12/2019
Oud-Turnhout,Monique,Vrouwelijk,11/08/2019
Gesves,Anthony,Mannelijk,11/04/2019
Moorslede,Carine,Vrouwelijk,11/07/2019
Sint-Truiden,Emile,Mannelijk,11/10/2019
Sint-Lievens-Houtem,Saskia,Vrouwelijk,12/18/2019
Fosses-la-Ville,Georges,Mannelijk,12/01/2019
Gent,Johan,Mannelijk,11/16/2019
Lommel,Marleen,Vrouwelijk,11/11/2019
Brussel,Raymond,Mannelijk,11/02/2019
Edingen,Barbara,Vrouwelijk,11/09/2019
