gemeente,naam,geslacht,verwachte datum
Le Roeulx,Chantal,Vrouwelijk,08/16/2019
Koekelberg,Sana,Vrouwelijk,08/20/2019
Geel,Maria,Vrouwelijk,08/25/2019
Tintigny,Valérie,Vrouwelijk,08/29/2019
Kruisem,Kevin,Mannelijk,08/22/2019
Ledegem,Gerard,Mannelijk,08/20/2019
Brugge,Sarah,Vrouwelijk,08/13/2019
Namen,Michelle,Vrouwelijk,08/20/2019
Poperinge,Nelly,Vrouwelijk,08/26/2019
Blankenberge,Nicole,Vrouwelijk,08/27/2019
Charleroi,Coralie,Vrouwelijk,08/22/2019
Marche-en-Famenne,Fanny,Vrouwelijk,08/23/2019
Zoersel,Anouk,Vrouwelijk,08/28/2019
Scherpenheuvel-Zichem,Dries,Mannelijk,08/22/2019
Frasnes-lez-Anvaing,Kevin,Mannelijk,08/28/2019
Edegem,Ann,Vrouwelijk,08/15/2019
Bilzen,Marijke,Vrouwelijk,08/20/2019
Moeskroen,Olivier,Mannelijk,08/17/2019
Oostende,Monique,Vrouwelijk,09/10/2019
Binche,Laetitia,Vrouwelijk,09/07/2019
Lobbes,Jean,Mannelijk,08/29/2019
Court-Saint-Etienne,Andrée,Vrouwelijk,08/29/2019
Antwerpen,Roel,Mannelijk,08/20/2019
Beloeil,Florentin,Mannelijk,08/14/2019
Wijnegem,Thomas,Mannelijk,08/26/2019
Ravels,Jurgen,Mannelijk,08/25/2019
Antwerpen,Rachid,Mannelijk,08/23/2019
Dilbeek,Chloé,Vrouwelijk,08/28/2019
Schoten,Dave,Mannelijk,09/02/2019
Bilzen,Michiel,Mannelijk,08/17/2019
Verviers,Didier,Mannelijk,08/15/2019
Sint-Lambrechts-Woluwe,Philippe,Mannelijk,08/18/2019
Hoegaarden,Wim,Mannelijk,08/17/2019
Pepinster,Natacha,Vrouwelijk,08/26/2019
Assenede,Deborah,Vrouwelijk,09/02/2019
Zele,Kurt,Mannelijk,08/20/2019
Gent,Hamid,Mannelijk,09/02/2019
Comblain-au-Pont,Jean,Mannelijk,08/28/2019
Waver,Patricia,Vrouwelijk,08/27/2019
Ottignies-Louvain-la-Neuve,Téo,Mannelijk,09/11/2019
Verviers,Geneviève,Vrouwelijk,08/17/2019
Wevelgem,Lindsey,Vrouwelijk,08/23/2019
Antwerpen,René,Mannelijk,08/29/2019
Sint-Gillis,Johnny,Mannelijk,08/23/2019
Frameries,Damien,Mannelijk,08/26/2019
Herzele,Sylvia,Vrouwelijk,08/22/2019
Borgworm,Maëlle,Vrouwelijk,08/14/2019
Kortrijk,Shauny,Vrouwelijk,08/24/2019
Genepiën,Danielle,Vrouwelijk,09/01/2019
Elsene,Ibrahim,Mannelijk,08/24/2019
Leuven,Simone,Vrouwelijk,08/20/2019
Lobbes,Claude,Mannelijk,08/14/2019
Ukkel,Kenzo,Mannelijk,08/19/2019
Chièvres,Delphine,Vrouwelijk,08/23/2019
Luik,Lorik,Mannelijk,08/26/2019
La Roche-en-Ardenne,Vanessa,Vrouwelijk,08/22/2019
Halle (Halle-Vilvoorde),Lisa,Vrouwelijk,08/22/2019
Kortrijk,Erik,Mannelijk,08/16/2019
Anderlecht,Marianne,Vrouwelijk,08/25/2019
Hoei,Juliette,Vrouwelijk,08/15/2019
Pont-à-Celles,Damien,Mannelijk,08/27/2019
Charleroi,Rocco,Mannelijk,08/31/2019
Schoten,Luca,Mannelijk,08/29/2019
Herk-de-Stad,Kristel,Vrouwelijk,08/24/2019
Jette,Luca,Mannelijk,08/22/2019
Brugge,Claude,Mannelijk,08/14/2019
Kaprijke,Fleur,Vrouwelijk,08/18/2019
Dison,Stéphanie,Vrouwelijk,08/28/2019
Lubbeek,Veerle,Vrouwelijk,08/24/2019
Heusden-Zolder,Stephan,Mannelijk,08/26/2019
Geel,Piotr,Mannelijk,08/17/2019
Izegem,Johan,Mannelijk,08/14/2019
Seraing,Teresa,Vrouwelijk,08/22/2019
Lede,Jonathan,Mannelijk,08/19/2019
Kortrijk,Filip,Mannelijk,08/17/2019
Lier,Eric,Mannelijk,09/02/2019
De Haan,Antoon,Mannelijk,08/25/2019
Brugge,Werner,Mannelijk,08/21/2019
Zelzate,Marnix,Mannelijk,08/27/2019
Heusden-Zolder,Steffi,Vrouwelijk,09/01/2019
Namen,Jean-Pierre,Mannelijk,08/22/2019
Heist-op-den-Berg,Monica,Vrouwelijk,08/20/2019
Heusden-Zolder,Stijn,Mannelijk,09/08/2019
Namen,Joséphine,Vrouwelijk,08/20/2019
Bree,Anna,Vrouwelijk,09/01/2019
Flémalle,Myriam,Vrouwelijk,08/15/2019
Sint-Jans-Molenbeek,Yamina,Vrouwelijk,08/27/2019
Namen,Catherine,Vrouwelijk,09/02/2019
Chaumont-Gistoux,Guy,Mannelijk,08/23/2019
Doornik,Françoise,Vrouwelijk,08/24/2019
Hoeilaart,Christian,Mannelijk,08/18/2019
Herzele,Ann,Vrouwelijk,08/16/2019
Bornem,Stijn,Mannelijk,08/16/2019
Steenokkerzeel,Monique,Vrouwelijk,08/30/2019
Binche,Chloé,Vrouwelijk,08/25/2019
Seraing,Laetitia,Vrouwelijk,08/19/2019
La Louvière,Monique,Vrouwelijk,09/11/2019
Bonheiden,Britt,Vrouwelijk,08/17/2019
Sint-Pieters-Woluwe,Dominique,Vrouwelijk,08/24/2019
Raeren,Ute,Vrouwelijk,08/25/2019
Zaventem,Elisa,Vrouwelijk,09/04/2019
Hoei,Michel,Mannelijk,08/28/2019
Roeselare,Katarzyna,Vrouwelijk,08/22/2019
De Panne,Georges,Mannelijk,08/25/2019
Nijvel,Aya,Vrouwelijk,08/17/2019
Gembloux,Nicole,Vrouwelijk,08/20/2019
Schoten,Gustaaf,Mannelijk,08/25/2019
’s Gravenbrakel,Guillaume,Mannelijk,08/23/2019
Esneux,Carine,Vrouwelijk,09/07/2019
Zinnik,Raphaël,Mannelijk,08/14/2019
Dendermonde,Dieter,Mannelijk,09/02/2019
Mol,Gino,Mannelijk,08/29/2019
Antwerpen,Jacqueline,Vrouwelijk,08/21/2019
Sint-Truiden,Milan,Mannelijk,08/22/2019
Zedelgem,Victor,Mannelijk,08/30/2019
Mol,An,Vrouwelijk,08/26/2019
Knokke-Heist,Saskia,Vrouwelijk,08/31/2019
La Bruyère,Emilien,Mannelijk,08/13/2019
Oudsbergen,Rita,Vrouwelijk,08/21/2019
Zaventem,Johny,Mannelijk,08/24/2019
Erpe-Mere,Vincent,Mannelijk,08/23/2019
Charleroi,Thomas,Mannelijk,08/26/2019
Verviers,Josiane,Vrouwelijk,08/31/2019
Saint-Ghislain,Pierre,Mannelijk,08/31/2019
Doornik,Elise,Vrouwelijk,08/18/2019
Estaimpuis,Fabien,Mannelijk,08/25/2019
Bocholt,Alice,Vrouwelijk,08/25/2019
Chaumont-Gistoux,Evelyne,Vrouwelijk,08/26/2019
Tongeren,Lambert,Mannelijk,08/24/2019
Essen,Irena,Vrouwelijk,09/13/2019
Zoersel,Bart,Mannelijk,08/24/2019
Luik,Alain,Mannelijk,08/26/2019
Genk,Thomas,Mannelijk,08/16/2019
Hooglede,Geert,Mannelijk,08/24/2019
Ledegem,Maurice,Mannelijk,09/08/2019
Nijvel,Olivier,Mannelijk,08/15/2019
Mol,Dirk,Mannelijk,08/23/2019
Zele,Cedric,Mannelijk,09/02/2019
Leuven,Steve,Mannelijk,08/26/2019
Le Roeulx,Céline,Vrouwelijk,08/23/2019
Zoersel,Agnes,Vrouwelijk,09/04/2019
Anzegem,Jacqueline,Vrouwelijk,08/16/2019
Sint-Jans-Molenbeek,Imane,Vrouwelijk,08/15/2019
De Panne,Marina,Vrouwelijk,08/30/2019
Verviers,Georges,Mannelijk,08/15/2019
Ninove,Michiel,Mannelijk,08/18/2019
Gent,Marcin,Mannelijk,08/14/2019
Geraardsbergen,Marie,Vrouwelijk,08/23/2019
Sint-Genesius-Rode,Danièle,Vrouwelijk,09/22/2019
Sint-Niklaas (Sint-Niklaas),Leen,Vrouwelijk,08/15/2019
Deinze,Simon,Mannelijk,08/22/2019
Roeselare,Kimberly,Vrouwelijk,08/30/2019
Graven,Sophie,Vrouwelijk,08/24/2019
Evere,Clara,Vrouwelijk,08/25/2019
Deinze,Femke,Vrouwelijk,08/27/2019
Brecht,Jozef,Mannelijk,08/27/2019
De Pinte,André,Mannelijk,08/25/2019
Oupeye,Anne,Vrouwelijk,08/31/2019
Sint-Agatha-Berchem,Jacques,Mannelijk,08/25/2019
Essen,Dylan,Mannelijk,08/30/2019
Schaarbeek,Jean-Christophe,Mannelijk,09/10/2019
Oostende,Eric,Mannelijk,08/14/2019
Verviers,Bernard,Mannelijk,08/23/2019
Manage,Lucienne,Vrouwelijk,08/30/2019
Schaarbeek,Soner,Mannelijk,08/16/2019
Waver,Claude,Mannelijk,08/26/2019
Anderlecht,Marleen,Vrouwelijk,09/12/2019
Antwerpen,Dimitri,Mannelijk,10/13/2019
Arendonk,Liesbeth,Vrouwelijk,08/31/2019
Wanze,Philippe,Mannelijk,08/29/2019
Brecht,Diederik,Mannelijk,08/25/2019
Doornik,Olivier,Mannelijk,08/20/2019
Evere,Nicola,Mannelijk,08/15/2019
Machelen (Halle-Vilvoorde),André,Mannelijk,08/22/2019
Jemeppe-sur-Sambre,Alberte,Vrouwelijk,08/20/2019
Sint-Gillis,Jorge,Mannelijk,08/26/2019
Komen-Waasten,Nadine,Vrouwelijk,08/17/2019
Maldegem,Eddy,Mannelijk,08/26/2019
Elsene,Raphaël,Mannelijk,09/02/2019
Gent,Ogulcan,Mannelijk,09/02/2019
Leuze-en-Hainaut,Thierry,Mannelijk,08/30/2019
Nijvel,Pierre,Mannelijk,08/26/2019
Maaseik,Joanna,Vrouwelijk,08/21/2019
Waver,Marc,Mannelijk,09/03/2019
Hasselt,Rita,Vrouwelijk,08/23/2019
Le Roeulx,Claudine,Vrouwelijk,08/23/2019
Ottignies-Louvain-la-Neuve,Stéphane,Mannelijk,08/22/2019
Châtelet,Mohammed,Mannelijk,08/23/2019
Tielt-Winge,Jan,Mannelijk,09/01/2019
Antwerpen,Jeroen,Mannelijk,08/19/2019
Soumagne,Alain,Mannelijk,09/03/2019
Luik,Colin,Mannelijk,08/14/2019
Linter,Lieve,Vrouwelijk,09/02/2019
Antwerpen,Mordechai,Mannelijk,08/14/2019
Elsene,Mohammad,Mannelijk,10/17/2019
Binche,Hugo,Mannelijk,09/09/2019
Antwerpen,Mimount,Vrouwelijk,09/15/2019
Virton,Patrick,Mannelijk,08/13/2019
Edegem,Elke,Vrouwelijk,08/15/2019
Dendermonde,Patrick,Mannelijk,09/01/2019
Ciney,Carine,Vrouwelijk,10/01/2019
Ans,Véronique,Vrouwelijk,08/28/2019
La Louvière,Antonio,Mannelijk,09/13/2019
Kortrijk,Carlos,Mannelijk,08/23/2019
Arendonk,Lisa,Vrouwelijk,08/26/2019
Brussel,Mehdi,Mannelijk,08/26/2019
Habay,Isabelle,Vrouwelijk,08/22/2019
Colfontaine,Christiane,Vrouwelijk,08/30/2019
Anderlecht,Pierre,Mannelijk,08/22/2019
La Louvière,Jean-Pascal,Mannelijk,08/26/2019
Leuven,Tuur,Mannelijk,09/12/2019
Oudergem,Oscar,Mannelijk,08/28/2019
Beersel,Emiel,Mannelijk,08/29/2019
Ronse,Isabelle,Vrouwelijk,08/15/2019
Walcourt,Louis,Mannelijk,08/13/2019
Couvin,Joël,Mannelijk,09/05/2019
Hulshout,Annie,Vrouwelijk,08/14/2019
Antwerpen,Beni,Mannelijk,10/16/2019
Jette,Ilse,Vrouwelijk,08/30/2019
Menen,Marie,Vrouwelijk,08/24/2019
Asse,Jeanne,Vrouwelijk,09/01/2019
Temse,Etienne,Mannelijk,08/25/2019
Torhout,Cindy,Vrouwelijk,08/25/2019
Bonheiden,Annelies,Vrouwelijk,08/29/2019
Bevekom,Mathias,Mannelijk,08/26/2019
Bergen,Paloma,Vrouwelijk,08/30/2019
La Louvière,Damien,Mannelijk,08/13/2019
Antwerpen,Omar,Mannelijk,08/25/2019
Vosselaar,Jan,Mannelijk,08/24/2019
Ecaussinnes,Véronique,Vrouwelijk,08/27/2019
Leuven,Johan,Mannelijk,08/27/2019
Nijvel,Julien,Mannelijk,08/21/2019
Sint-Niklaas (Sint-Niklaas),Céleste,Vrouwelijk,08/19/2019
Manage,Julia,Vrouwelijk,08/24/2019
Zandhoven,François,Mannelijk,08/26/2019
Bocholt,Eric,Mannelijk,09/01/2019
Namen,Ivan,Mannelijk,08/19/2019
Berlare,Amber,Vrouwelijk,08/30/2019
La Bruyère,Amélie,Vrouwelijk,09/01/2019
Tielt-Winge,Karen,Vrouwelijk,08/18/2019
Kasterlee,Kurt,Mannelijk,09/10/2019
Dilsen-Stokkem,Murat,Mannelijk,08/16/2019
Schaarbeek,Tommy,Mannelijk,08/20/2019
Ganshoren,Loïc,Mannelijk,08/25/2019
Etterbeek,Mélanie,Vrouwelijk,08/18/2019
Antwerpen,Rosita,Vrouwelijk,08/25/2019
Ieper,Ivette,Vrouwelijk,08/17/2019
Waregem,Christianna,Vrouwelijk,08/29/2019
Asse,Lou,Vrouwelijk,08/22/2019
Duffel,Hendrik,Mannelijk,08/21/2019
Borsbeek,Ronald,Mannelijk,10/13/2019
Antwerpen,Tarik,Mannelijk,09/01/2019
Ingelmunster,Jelle,Mannelijk,08/15/2019
Namen,Livia,Vrouwelijk,08/15/2019
Saint-Hubert,Didier,Mannelijk,08/25/2019
Gent,Habib,Mannelijk,08/30/2019
Aarschot,Silke,Vrouwelijk,08/22/2019
Kortessem,Romain,Mannelijk,08/21/2019
Quaregnon,Eric,Mannelijk,09/03/2019
Ninove,Maria,Vrouwelijk,08/22/2019
Kalmthout,Agnes,Vrouwelijk,08/20/2019
Blankenberge,Andy,Mannelijk,09/02/2019
Brugge,Dries,Mannelijk,08/23/2019
Maasmechelen,Philomena,Vrouwelijk,08/29/2019
Kontich,Anouck,Vrouwelijk,08/27/2019
Flémalle,Jean,Mannelijk,08/30/2019
Marche-en-Famenne,Laurent,Mannelijk,09/14/2019
Destelbergen,Nadine,Vrouwelijk,08/24/2019
Luik,Céline,Vrouwelijk,08/23/2019
Seraing,Fatiha,Vrouwelijk,08/21/2019
Gouvy,Marie,Vrouwelijk,08/19/2019
Graven,André,Mannelijk,09/01/2019
Beernem,Emmanuel,Mannelijk,08/30/2019
Bornem,Arthur,Mannelijk,08/24/2019
Harelbeke,Jean,Mannelijk,08/16/2019
Peer,Maria,Vrouwelijk,08/21/2019
Antwerpen,Hilda,Vrouwelijk,09/03/2019
Heist-op-den-Berg,Nathalie,Vrouwelijk,08/22/2019
Binche,Nadia,Vrouwelijk,08/22/2019
Evere,Solange,Vrouwelijk,08/13/2019
Wezembeek-Oppem,Etienne,Mannelijk,08/21/2019
Beernem,Thomas,Mannelijk,09/27/2019
Rijkevorsel,Kurt,Mannelijk,09/02/2019
Zwevegem,Sabrina,Vrouwelijk,08/25/2019
Maldegem,Godelieve,Vrouwelijk,08/24/2019
Elsene,Sienna,Vrouwelijk,08/24/2019
Hasselt,André,Mannelijk,09/15/2019
Doornik,Nathalie,Vrouwelijk,08/26/2019
Putte,Conny,Vrouwelijk,08/25/2019
Willebroek,Sam,Mannelijk,09/18/2019
Orp-Jauche,Christiane,Vrouwelijk,08/19/2019
Zelzate,Mariette,Vrouwelijk,08/18/2019
Boechout,Cedric,Mannelijk,08/22/2019
Anderlecht,Gabriel,Mannelijk,08/21/2019
Brussel,Chantal,Vrouwelijk,08/27/2019
Vorst (Brussel-Hoofdstad),Thierry,Mannelijk,08/19/2019
Opzullik,Thérèse,Vrouwelijk,08/26/2019
Marchin,Françoise,Vrouwelijk,08/25/2019
Koekelberg,Delphine,Vrouwelijk,09/06/2019
Péruwelz,Pierre,Mannelijk,08/29/2019
Diepenbeek,Linda,Vrouwelijk,08/22/2019
Pelt,Elisabeth,Vrouwelijk,08/28/2019
Ieper,Dominique,Mannelijk,08/22/2019
Lochristi,Kobe,Mannelijk,09/07/2019
Zwijndrecht,Tom,Mannelijk,08/23/2019
’s Gravenbrakel,Françoise,Vrouwelijk,08/23/2019
Geel,Marc,Mannelijk,08/13/2019
Hoeselt,Febe,Vrouwelijk,08/20/2019
Kortrijk,Sonia,Vrouwelijk,08/29/2019
Brugge,Simon,Mannelijk,09/02/2019
La Louvière,Manuel,Mannelijk,08/27/2019
Asse,Yvonne,Vrouwelijk,08/23/2019
Schaarbeek,Amélie,Vrouwelijk,08/25/2019
Maaseik,Omar,Mannelijk,08/21/2019
Gistel,Cindy,Vrouwelijk,08/23/2019
