gemeente,naam,geslacht,verwachte datum
Antwerpen,Muhammed,Mannelijk,03/22/2019
Sint-Niklaas (Sint-Niklaas),Robin,Mannelijk,03/17/2019
Court-Saint-Etienne,Capucine,Vrouwelijk,03/13/2019
Brugge,Sara,Vrouwelijk,04/12/2019
Puurs-Sint-Amands,Zeno,Mannelijk,03/28/2019
Zele,Rita,Vrouwelijk,03/16/2019
Antwerpen,An,Vrouwelijk,03/25/2019
Antwerpen,Achraf,Mannelijk,03/16/2019
Seneffe,Nathan,Mannelijk,03/26/2019
Edegem,Jean,Mannelijk,03/23/2019
Brecht,Marc,Mannelijk,03/25/2019
Plombières,Ludovic,Mannelijk,03/18/2019
Momignies,Amandine,Vrouwelijk,04/12/2019
Antwerpen,Marguerite,Vrouwelijk,03/22/2019
Neupré,Thierry,Mannelijk,03/21/2019
Balen,Susanna,Vrouwelijk,03/14/2019
Denderleeuw,Jennifer,Vrouwelijk,04/14/2019
Lier,Patricia,Vrouwelijk,03/22/2019
Lint,Bart,Mannelijk,03/20/2019
Voeren,François,Mannelijk,03/24/2019
Poperinge,Hanne,Vrouwelijk,03/31/2019
Leuze-en-Hainaut,Véronique,Vrouwelijk,04/16/2019
Lievegem,Roland,Mannelijk,04/06/2019
Arendonk,Johan,Mannelijk,03/24/2019
Maldegem,Rudiger,Mannelijk,03/13/2019
Hamme (Dendermonde),Dieter,Mannelijk,03/31/2019
Overijse,Romane,Vrouwelijk,03/23/2019
Ronse,José,Mannelijk,03/21/2019
Sambreville,Lionel,Mannelijk,03/27/2019
Huldenberg,Elke,Vrouwelijk,03/25/2019
Charleroi,Jean,Mannelijk,03/22/2019
Gent,Marc,Mannelijk,03/20/2019
Erpe-Mere,Jari,Mannelijk,03/29/2019
Brussel,Fabian,Mannelijk,04/15/2019
Rebecq,Joachim,Mannelijk,03/16/2019
Moeskroen,Christine,Vrouwelijk,03/23/2019
Bergen,Arnaud,Mannelijk,03/28/2019
Antwerpen,Nesrine,Vrouwelijk,03/20/2019
Mechelen,David,Mannelijk,03/20/2019
Saint-Ghislain,Philippe,Mannelijk,03/25/2019
Antwerpen,Amina,Vrouwelijk,03/20/2019
Deinze,Jonas,Mannelijk,03/30/2019
Antwerpen,Binyam,Mannelijk,03/28/2019
Beernem,Jasper,Mannelijk,03/25/2019
Aubange,Fabio,Mannelijk,03/20/2019
Schoten,Erwin,Mannelijk,03/23/2019
Wanze,Coralie,Vrouwelijk,03/21/2019
Jemeppe-sur-Sambre,Martine,Vrouwelijk,03/22/2019
Ruiselede,André,Mannelijk,03/13/2019
Ukkel,Emilia,Vrouwelijk,03/29/2019
Genk,Willy,Mannelijk,03/17/2019
Ottignies-Louvain-la-Neuve,Nolan,Mannelijk,04/01/2019
Gent,Lucie,Vrouwelijk,04/02/2019
Elsene,Claudine,Vrouwelijk,03/24/2019
Waregem,José,Mannelijk,03/22/2019
Rixensart,David,Mannelijk,04/01/2019
Zonhoven,Jurgen,Mannelijk,03/20/2019
Antwerpen,Mathijs,Mannelijk,04/08/2019
Herentals,Rudi,Mannelijk,04/09/2019
Brecht,Amber,Vrouwelijk,03/26/2019
Tienen,Marina,Vrouwelijk,03/21/2019
Fexhe-le-Haut-Clocher,Philippe,Mannelijk,03/14/2019
Schaarbeek,Mathieu,Mannelijk,03/27/2019
Ecaussinnes,Léa,Vrouwelijk,03/27/2019
Bilzen,Lucas,Mannelijk,04/15/2019
Houthulst,Isabelle,Vrouwelijk,03/25/2019
Gent,Wannes,Mannelijk,03/20/2019
Aat,Marius,Mannelijk,03/21/2019
Herne,Philippe,Mannelijk,03/18/2019
Aywaille,Lou,Vrouwelijk,04/11/2019
Dessel,Vic,Mannelijk,03/14/2019
Kinrooi,Henriette,Vrouwelijk,03/19/2019
Nijvel,Yvette,Vrouwelijk,03/22/2019
Turnhout,Godeliva,Vrouwelijk,03/23/2019
Charleroi,Evelyne,Vrouwelijk,03/20/2019
Overijse,Suzanne,Vrouwelijk,03/19/2019
Brugge,François,Mannelijk,03/21/2019
Jette,Miguel,Mannelijk,03/23/2019
Sint-Jans-Molenbeek,Afaf,Vrouwelijk,03/23/2019
Zaventem,Sven,Mannelijk,03/25/2019
Steenokkerzeel,Bart,Mannelijk,03/18/2019
Jabbeke,Maria,Vrouwelijk,04/11/2019
Aalter,Donald,Mannelijk,03/22/2019
Brussel,Ahmed,Mannelijk,03/26/2019
Dendermonde,Warre,Mannelijk,03/28/2019
Eupen,Ingeborg,Vrouwelijk,03/25/2019
Mortsel,Nancy,Vrouwelijk,03/31/2019
Herk-de-Stad,Christophe,Mannelijk,03/25/2019
Lievegem,Kris,Mannelijk,03/29/2019
Charleroi,Fiona,Vrouwelijk,05/07/2019
Schaarbeek,Ryan,Mannelijk,03/20/2019
Court-Saint-Etienne,Richard,Mannelijk,03/29/2019
Puurs-Sint-Amands,Godelieve,Vrouwelijk,03/27/2019
Bergen,Guy,Mannelijk,03/22/2019
Lanaken,Yvonne,Vrouwelijk,04/13/2019
Schoten,Thierry,Mannelijk,04/05/2019
Nazareth,Dirk,Mannelijk,03/26/2019
Antwerpen,Ilja,Mannelijk,03/20/2019
Jurbeke,Christiane,Vrouwelijk,03/30/2019
Veurne,Sylvie,Vrouwelijk,03/20/2019
Temse,Danny,Mannelijk,03/15/2019
Ternat,Georges,Mannelijk,03/22/2019
Maaseik,Maria,Vrouwelijk,03/31/2019
Moeskroen,Martine,Vrouwelijk,04/01/2019
Balen,Steve,Mannelijk,03/19/2019
Temse,Patricia,Vrouwelijk,03/23/2019
Rixensart,Philippe,Mannelijk,03/25/2019
Kortrijk,Leen,Vrouwelijk,04/05/2019
Sint-Jans-Molenbeek,Zayd,Mannelijk,04/15/2019
Onhaye,Daniel,Mannelijk,03/26/2019
Antwerpen,Gaëtan,Mannelijk,03/17/2019
Oudergem,Xavier,Mannelijk,03/20/2019
Kelmis,Laura,Vrouwelijk,03/28/2019
Evergem,Jeannine,Vrouwelijk,03/27/2019
Brugge,Ingeborg,Vrouwelijk,03/21/2019
Antwerpen,Monique,Vrouwelijk,03/20/2019
Brugge,Marie,Vrouwelijk,03/24/2019
Schaarbeek,Fiona,Vrouwelijk,03/27/2019
Jette,Ani,Vrouwelijk,04/09/2019
Sint-Jans-Molenbeek,Abdelhamid,Mannelijk,03/18/2019
Voeren,Léon,Mannelijk,03/23/2019
Bertem,Maria,Vrouwelijk,03/22/2019
Olen,Agnes,Vrouwelijk,03/25/2019
Beerse,Kristof,Mannelijk,03/31/2019
Mechelen,Robert,Mannelijk,03/14/2019
Seraing,Tom,Mannelijk,03/20/2019
Ninove,Erna,Vrouwelijk,03/28/2019
Bornem,Davy,Mannelijk,04/11/2019
Châtelet,Rosa,Vrouwelijk,03/31/2019
Colfontaine,Stéphane,Mannelijk,03/29/2019
Rixensart,Clément,Mannelijk,03/15/2019
Diepenbeek,Hubertus,Mannelijk,03/18/2019
Bastenaken,Bernadette,Vrouwelijk,03/20/2019
Couvin,Hélène,Vrouwelijk,03/31/2019
Aarschot,Gilberte,Vrouwelijk,03/21/2019
Leuven,Steve,Mannelijk,03/22/2019
Seraing,Alicia,Vrouwelijk,03/13/2019
Harelbeke,Sonia,Vrouwelijk,03/24/2019
Koksijde,Charlotte,Vrouwelijk,04/28/2019
Bierbeek,Astrid,Vrouwelijk,03/25/2019
Boom,Robin,Mannelijk,03/20/2019
Lede,Peter,Mannelijk,03/20/2019
Knokke-Heist,Jordy,Mannelijk,03/16/2019
Holsbeek,Veerle,Vrouwelijk,04/08/2019
Aywaille,Céline,Vrouwelijk,04/12/2019
Sint-Lievens-Houtem,Vanessa,Vrouwelijk,04/02/2019
Seraing,Alizée,Vrouwelijk,03/23/2019
Boechout,Marc,Mannelijk,03/23/2019
Evere,Piotr,Mannelijk,03/14/2019
Bree,Bert,Mannelijk,04/30/2019
Gent,Mathias,Mannelijk,03/23/2019
Pont-à-Celles,Antoine,Mannelijk,03/24/2019
Sint-Jans-Molenbeek,Amina,Vrouwelijk,03/28/2019
Ecaussinnes,Sarah,Vrouwelijk,04/11/2019
Anderlecht,Bogdan,Mannelijk,03/29/2019
Sint-Jans-Molenbeek,Mohamed,Mannelijk,03/26/2019
Willebroek,Femke,Vrouwelijk,03/25/2019
Brugge,Diane,Vrouwelijk,03/25/2019
Dilbeek,Joseph,Mannelijk,03/23/2019
Destelbergen,Mariette,Vrouwelijk,03/31/2019
Bergen,Jacques,Mannelijk,03/21/2019
Kapellen (Antwerpen),Ben,Mannelijk,03/25/2019
Watermaal-Bosvoorde,Lara,Vrouwelijk,03/14/2019
Ecaussinnes,Annick,Vrouwelijk,03/13/2019
Lommel,Tibo,Mannelijk,03/21/2019
Saint-Hubert,Marianne,Vrouwelijk,03/30/2019
Evergem,Linda,Vrouwelijk,03/30/2019
Ottignies-Louvain-la-Neuve,Sabrina,Vrouwelijk,03/28/2019
Brasschaat,Estée,Vrouwelijk,04/11/2019
Zwalm,Peter,Mannelijk,03/14/2019
Estaimpuis,Bernard,Mannelijk,04/15/2019
Binche,Oscar,Mannelijk,04/11/2019
Maaseik,Laura,Vrouwelijk,03/22/2019
De Haan,Yvette,Vrouwelijk,03/20/2019
Zoersel,Maria,Vrouwelijk,03/25/2019
Brussel,Benoit,Mannelijk,03/19/2019
Evere,Nour,Vrouwelijk,03/18/2019
Anderlecht,Anny,Vrouwelijk,03/30/2019
Sint-Jans-Molenbeek,Asma,Vrouwelijk,04/03/2019
Binche,Laurent,Mannelijk,03/21/2019
Flémalle,Ethan,Mannelijk,03/21/2019
Hasselt,Lucette,Vrouwelijk,03/23/2019
Sint-Lambrechts-Woluwe,Edwige,Vrouwelijk,04/06/2019
Anderlecht,Leona,Vrouwelijk,03/24/2019
Mettet,Chiara,Vrouwelijk,03/23/2019
Chaudfontaine,Guillaume,Mannelijk,03/20/2019
Begijnendijk,Karl,Mannelijk,04/30/2019
Hoogstraten,Christianne,Vrouwelijk,03/30/2019
Evergem,Senne,Mannelijk,03/25/2019
Brugge,Filip,Mannelijk,03/25/2019
Kortrijk,Lindsay,Vrouwelijk,03/27/2019
Oostende,Jeannine,Vrouwelijk,03/27/2019
Houthalen-Helchteren,Andrea,Mannelijk,03/24/2019
Hoei,Oscar,Mannelijk,03/27/2019
Essen,Veronique,Vrouwelijk,03/14/2019
Geraardsbergen,Astrid,Vrouwelijk,03/22/2019
Dilsen-Stokkem,Eline,Vrouwelijk,04/16/2019
Zoersel,Jeroen,Mannelijk,03/23/2019
Roeselare,Beatrice,Vrouwelijk,03/23/2019
Genk,Koen,Mannelijk,03/20/2019
Beringen,Sebastian,Mannelijk,03/24/2019
Westerlo,Marie,Vrouwelijk,03/25/2019
Beringen,Kelly,Vrouwelijk,03/14/2019
Scherpenheuvel-Zichem,Luc,Mannelijk,03/24/2019
Luik,Mikail,Mannelijk,03/25/2019
Antwerpen,Diana,Vrouwelijk,03/29/2019
Sivry-Rance,Charlotte,Vrouwelijk,03/31/2019
Aalst (Aalst),Jordy,Mannelijk,04/13/2019
Ukkel,Gilbert,Mannelijk,03/25/2019
Eigenbrakel,Carine,Vrouwelijk,03/30/2019
Landen,Antoine,Mannelijk,03/23/2019
Aalst (Aalst),Godelieve,Vrouwelijk,03/29/2019
Borgloon,Monique,Vrouwelijk,03/14/2019
Sint-Agatha-Berchem,Jacqueline,Vrouwelijk,03/22/2019
Aalst (Aalst),Myriam,Vrouwelijk,03/14/2019
Lievegem,Bo,Vrouwelijk,04/05/2019
Herstal,Thibaut,Mannelijk,03/19/2019
Leuze-en-Hainaut,Marie,Vrouwelijk,03/20/2019
Kontich,Jozef,Mannelijk,03/18/2019
Seraing,Renaud,Mannelijk,03/21/2019
Waasmunster,Agnes,Vrouwelijk,03/19/2019
Sint-Niklaas (Sint-Niklaas),Ayoub,Mannelijk,03/22/2019
Aalter,Mia,Vrouwelijk,03/15/2019
Brugge,Diana,Vrouwelijk,04/01/2019
Vorselaar,Monique,Vrouwelijk,03/31/2019
Antwerpen,Henri,Mannelijk,03/17/2019
Schaarbeek,Thomas,Mannelijk,03/22/2019
Zedelgem,Jacqueline,Vrouwelijk,03/22/2019
Kelmis,Ella,Vrouwelijk,03/29/2019
Etterbeek,Francesca,Vrouwelijk,04/14/2019
Merelbeke,Bo,Vrouwelijk,03/17/2019
Anhée,Guy,Mannelijk,03/17/2019
Nieuwpoort,Marie,Vrouwelijk,04/01/2019
Antwerpen,Peter,Mannelijk,03/26/2019
Eupen,Isabelle,Vrouwelijk,03/25/2019
Oostende,Alex,Mannelijk,03/24/2019
Schaarbeek,Muhammed,Mannelijk,04/02/2019
Nieuwpoort,Ann,Vrouwelijk,03/17/2019
Knokke-Heist,Marcel,Mannelijk,03/17/2019
Rotselaar,Lore,Vrouwelijk,03/21/2019
Antwerpen,Julien,Mannelijk,04/01/2019
Stabroek,Luc,Mannelijk,03/24/2019
Antwerpen,Albert,Mannelijk,03/30/2019
Koksijde,Mario,Mannelijk,03/28/2019
Brasschaat,Bart,Mannelijk,03/23/2019
Lier,Jamila,Vrouwelijk,04/04/2019
Watermaal-Bosvoorde,Arnaud,Mannelijk,03/25/2019
Haacht,Koenraad,Mannelijk,03/28/2019
Genk,Liliane,Vrouwelijk,03/23/2019
Hensies,Claudette,Vrouwelijk,03/20/2019
Fléron,Alix,Vrouwelijk,03/22/2019
Geel,Frieda,Vrouwelijk,04/16/2019
Durbuy,Christian,Mannelijk,03/21/2019
Izegem,Henk,Mannelijk,03/22/2019
Asse,Josée,Vrouwelijk,04/12/2019
Brussel,Cyril,Mannelijk,03/23/2019
Gent,Donald,Mannelijk,04/11/2019
Oudsbergen,Romy,Vrouwelijk,03/13/2019
La Louvière,Carine,Vrouwelijk,04/03/2019
Tienen,Sam,Vrouwelijk,03/15/2019
Leuven,Katia,Vrouwelijk,04/08/2019
Seraing,Marianne,Vrouwelijk,03/26/2019
Ieper,Els,Vrouwelijk,03/30/2019
Leuven,Heidi,Vrouwelijk,03/23/2019
Knokke-Heist,Anne,Vrouwelijk,03/21/2019
Vorst (Brussel-Hoofdstad),Imane,Vrouwelijk,03/24/2019
Zottegem,Patrick,Mannelijk,03/25/2019
Estaimpuis,Eliott,Mannelijk,03/20/2019
Couvin,Nathan,Mannelijk,04/01/2019
Mortsel,Lutgart,Vrouwelijk,03/27/2019
Vilvoorde,Tarik,Mannelijk,03/21/2019
Gent,Martine,Vrouwelijk,04/12/2019
Mettet,Michel,Mannelijk,03/26/2019
Kluisbergen,Liliane,Vrouwelijk,04/15/2019
Tongeren,Esmee,Vrouwelijk,03/25/2019
Oupeye,Geoffrey,Mannelijk,04/08/2019
Fléron,Jean,Mannelijk,03/21/2019
Avelgem,Laura,Vrouwelijk,03/17/2019
Gent,Hatice,Vrouwelijk,03/25/2019
Jette,Elena,Vrouwelijk,04/09/2019
Waasmunster,Caitlin,Vrouwelijk,03/24/2019
Leuven,Marie-Josée,Vrouwelijk,03/26/2019
Riemst,Nadine,Vrouwelijk,03/27/2019
Oostende,Vladimir,Mannelijk,03/24/2019
Westerlo,Liliane,Vrouwelijk,03/27/2019
Lokeren,Amal,Vrouwelijk,03/22/2019
Bergen,Natacha,Vrouwelijk,03/21/2019
Sint-Pieters-Leeuw,Stéphane,Mannelijk,03/27/2019
Libramont-Chevigny,Axelle,Vrouwelijk,03/23/2019
Etterbeek,Nikolaos,Mannelijk,04/03/2019
Gent,Michiel,Mannelijk,03/19/2019
Zonnebeke,Ignace,Mannelijk,03/26/2019
Aartselaar,Martine,Vrouwelijk,05/13/2019
Vielsalm,Nathalie,Vrouwelijk,04/11/2019
Koekelare,Jessica,Vrouwelijk,03/16/2019
Quévy,Pierre,Mannelijk,03/30/2019
Hulshout,Jan,Mannelijk,03/20/2019
Antwerpen,Julie,Vrouwelijk,03/22/2019
Tielt-Winge,Senne,Mannelijk,03/30/2019
Schaarbeek,Mohamed,Mannelijk,03/27/2019
Aartselaar,Amber,Vrouwelijk,03/14/2019
Gent,Hendrik,Mannelijk,05/02/2019
Turnhout,Adrianus,Mannelijk,05/12/2019
Ledegem,Hanne,Vrouwelijk,04/11/2019
Schaarbeek,Wendy,Vrouwelijk,03/24/2019
Antwerpen,Frans,Mannelijk,04/01/2019
Hamme (Dendermonde),Jean,Mannelijk,03/25/2019
Antwerpen,Fatima,Vrouwelijk,04/02/2019
Dour,Alessia,Vrouwelijk,03/16/2019
Tienen,Claire,Vrouwelijk,03/15/2019
Diest,René,Mannelijk,03/20/2019
Herne,Jenny,Vrouwelijk,03/24/2019
Bredene,Elke,Vrouwelijk,04/07/2019
Antwerpen,Samira,Vrouwelijk,03/24/2019
Stekene,Tony,Mannelijk,03/28/2019
Antwerpen,Dorina,Vrouwelijk,03/21/2019
Tielt (Tielt),Sofie,Vrouwelijk,03/23/2019
