gemeente,naam,geslacht,verwachte datum
Graven,Sylvie,Vrouwelijk,10/31/2019
Scherpenheuvel-Zichem,Dirk,Mannelijk,11/08/2019
Diest,Marcel,Mannelijk,10/25/2019
Ham,Nathalie,Vrouwelijk,10/20/2019
Denderleeuw,Tom,Mannelijk,10/27/2019
Brugge,Freddy,Mannelijk,11/01/2019
Machelen (Halle-Vilvoorde),Agnes,Vrouwelijk,10/27/2019
Zoersel,Jozef,Mannelijk,11/02/2019
Middelkerke,Martin,Mannelijk,10/30/2019
Wezet,Charles,Mannelijk,10/23/2019
Gent,Vicky,Vrouwelijk,10/28/2019
Elsene,Jordan,Mannelijk,11/01/2019
Middelkerke,Hilde,Vrouwelijk,10/26/2019
Hasselt,Greta,Vrouwelijk,11/03/2019
Kasterlee,Maria,Vrouwelijk,11/05/2019
Lokeren,Suzanna,Vrouwelijk,11/03/2019
Elsene,Daniel,Mannelijk,10/31/2019
Gooik,Anne,Vrouwelijk,10/23/2019
Schaarbeek,Sacha,Mannelijk,10/19/2019
Stekene,Fanny,Vrouwelijk,10/29/2019
Grâce-Hollogne,Nelly,Vrouwelijk,10/28/2019
Brussel,Maria,Vrouwelijk,10/29/2019
Waterloo,Amir,Mannelijk,10/20/2019
Antwerpen,Jozef,Mannelijk,11/05/2019
Walcourt,Didier,Mannelijk,10/24/2019
Schaarbeek,Léo,Mannelijk,10/29/2019
Waasmunster,Catherine,Vrouwelijk,10/24/2019
Oostende,Maryam,Vrouwelijk,11/04/2019
Erquelinnes,Jean-Pierre,Mannelijk,10/30/2019
Sint-Gillis,Vicente,Mannelijk,11/05/2019
Elzele,Julien,Mannelijk,10/18/2019
Gent,Liesbeth,Vrouwelijk,10/22/2019
Kortemark,Maria,Vrouwelijk,10/24/2019
Schaarbeek,Bilal,Mannelijk,11/17/2019
Oudergem,Jean,Mannelijk,11/28/2019
Hensies,Mohamed,Mannelijk,10/30/2019
Diepenbeek,Caroline,Vrouwelijk,10/22/2019
Roeselare,Mats,Mannelijk,11/02/2019
Blegny,Christophe,Mannelijk,11/07/2019
Boom,Marc,Mannelijk,12/13/2019
Gent,Robbe,Mannelijk,10/28/2019
Herentals,Wouter,Mannelijk,10/22/2019
Koksijde,Jozef,Mannelijk,10/30/2019
Ninove,Karlien,Vrouwelijk,11/03/2019
Lommel,Marleen,Vrouwelijk,11/02/2019
Middelkerke,Etienne,Mannelijk,10/27/2019
Tienen,Lore,Vrouwelijk,10/18/2019
Antwerpen,Ahmet,Mannelijk,11/06/2019
Roosdaal,Suzanne,Vrouwelijk,10/23/2019
Charleroi,Lounis,Mannelijk,10/26/2019
Fosses-la-Ville,Freddy,Mannelijk,11/06/2019
Schaarbeek,Emre,Mannelijk,10/28/2019
Lessen,Cathy,Vrouwelijk,10/26/2019
Hasselt,Lucia,Vrouwelijk,10/26/2019
Ieper,Griet,Vrouwelijk,11/03/2019
Beerse,Jeanine,Vrouwelijk,11/14/2019
Aarschot,Edward,Mannelijk,10/30/2019
Welkenraedt,Paul,Mannelijk,11/07/2019
Sint-Pieters-Woluwe,Aurore,Vrouwelijk,10/20/2019
Gent,Prince,Mannelijk,10/25/2019
Nijvel,Olga,Vrouwelijk,11/04/2019
Antwerpen,Adam,Mannelijk,11/05/2019
Wichelen,Yvette,Vrouwelijk,10/25/2019
Vorst (Brussel-Hoofdstad),Mohamed,Mannelijk,10/28/2019
Seraing,Annette,Vrouwelijk,10/25/2019
Diepenbeek,Steven,Mannelijk,11/02/2019
Vorselaar,Frans,Mannelijk,11/06/2019
Fauvillers,Sylvain,Mannelijk,10/23/2019
Messancy,Claudia,Vrouwelijk,10/20/2019
Sint-Genesius-Rode,William,Mannelijk,10/27/2019
Wetteren,Fien,Vrouwelijk,10/25/2019
Arendonk,Kevin,Mannelijk,10/26/2019
Laakdal,Karel,Mannelijk,10/30/2019
Erpe-Mere,Filip,Mannelijk,10/22/2019
Olen,Dominique,Vrouwelijk,10/26/2019
Brussel,Bienvenu,Mannelijk,10/27/2019
Duffel,Anny,Vrouwelijk,11/06/2019
Hamont-Achel,Nick,Mannelijk,11/14/2019
Borgworm,Simon,Mannelijk,10/29/2019
Meerhout,Maria,Vrouwelijk,10/25/2019
Charleroi,Loris,Mannelijk,11/17/2019
Beerse,Chris,Mannelijk,10/30/2019
Brussel,Claire,Vrouwelijk,10/25/2019
Ukkel,Jean,Mannelijk,10/30/2019
Pelt,Alfons,Mannelijk,11/10/2019
Dendermonde,Debbie,Vrouwelijk,10/27/2019
Mechelen,Cynthia,Vrouwelijk,11/04/2019
Rochefort,Yves,Mannelijk,10/27/2019
Maasmechelen,Giuseppe,Mannelijk,10/31/2019
Morlanwelz,Betty,Vrouwelijk,11/05/2019
Gent,Lisa,Vrouwelijk,10/24/2019
Mechelen,Carl,Mannelijk,11/01/2019
Anzegem,Anne-Marie,Vrouwelijk,10/29/2019
Sint-Gillis,Catherine,Vrouwelijk,10/19/2019
Sint-Joost-ten-Node,Musa,Mannelijk,11/02/2019
Schaarbeek,Anthony,Mannelijk,10/26/2019
Leuven,Tobias,Mannelijk,10/19/2019
Brussel,Maxim,Mannelijk,11/07/2019
Beveren (Sint-Niklaas),Jenna,Vrouwelijk,11/04/2019
Gent,Jan,Mannelijk,10/18/2019
Chastre,Catherine,Vrouwelijk,10/22/2019
Leuven,Deepak,Mannelijk,10/20/2019
Stavelot,Lise,Vrouwelijk,11/21/2019
Gent,Siegfried,Mannelijk,11/05/2019
Beerse,Johan,Mannelijk,11/08/2019
Halle (Halle-Vilvoorde),Antonia,Vrouwelijk,11/01/2019
La Louvière,Mohamed,Mannelijk,10/25/2019
Edegem,Karel,Mannelijk,10/24/2019
Schaarbeek,Ebrar,Vrouwelijk,11/06/2019
Moeskroen,Clément,Mannelijk,10/20/2019
Etterbeek,Yann,Mannelijk,10/29/2019
Anderlecht,Said,Mannelijk,10/26/2019
Aalter,Anna,Vrouwelijk,10/18/2019
Mol,Josephus,Mannelijk,12/20/2019
Gent,Erol,Mannelijk,10/28/2019
Dilbeek,Jean,Mannelijk,10/22/2019
Gerpinnes,Mélanie,Vrouwelijk,11/05/2019
Eigenbrakel,Nicolas,Mannelijk,10/31/2019
Ukkel,Maria,Vrouwelijk,11/12/2019
Arendonk,Daniëlle,Vrouwelijk,12/19/2019
Charleroi,Arnaud,Mannelijk,10/27/2019
La Louvière,Samuel,Mannelijk,11/06/2019
Halle (Halle-Vilvoorde),Emilie,Vrouwelijk,10/28/2019
Charleroi,Daniel,Mannelijk,11/04/2019
Antwerpen,Nina,Vrouwelijk,10/30/2019
Jemeppe-sur-Sambre,Patrick,Mannelijk,10/31/2019
Rixensart,Anne,Vrouwelijk,11/03/2019
Puurs-Sint-Amands,Ilse,Vrouwelijk,10/18/2019
Bilzen,Jolien,Vrouwelijk,11/26/2019
Sint-Laureins,Katrien,Vrouwelijk,10/29/2019
Harelbeke,Geert,Mannelijk,10/28/2019
Nijvel,Camille,Vrouwelijk,10/30/2019
Sint-Pieters-Woluwe,Pierre,Mannelijk,11/02/2019
Halle (Halle-Vilvoorde),Peter,Mannelijk,11/05/2019
Zaventem,Claudine,Vrouwelijk,11/06/2019
Ham,Christiane,Vrouwelijk,11/07/2019
Anzegem,Wilfried,Mannelijk,11/05/2019
Zele,Eddy,Mannelijk,11/21/2019
Zaventem,Assia,Vrouwelijk,11/21/2019
Opzullik,Grégory,Mannelijk,10/23/2019
Andenne,Timothée,Mannelijk,10/22/2019
Charleroi,Sébastien,Mannelijk,10/20/2019
Brugge,François,Mannelijk,11/06/2019
Grimbergen,Milla,Vrouwelijk,11/07/2019
Antwerpen,Stella,Vrouwelijk,11/06/2019
Antwerpen,Said,Mannelijk,10/27/2019
Andenne,Audrey,Vrouwelijk,11/09/2019
Merbes-le-Château,Philippe,Mannelijk,11/17/2019
Antwerpen,Tom,Mannelijk,10/25/2019
Herve,Jonathan,Mannelijk,10/25/2019
Waterloo,Thibault,Mannelijk,10/27/2019
Mortsel,Julius,Mannelijk,10/27/2019
Huldenberg,Ann,Vrouwelijk,11/01/2019
Beveren (Sint-Niklaas),Luc,Mannelijk,10/21/2019
Jalhay,Marion,Vrouwelijk,10/31/2019
Binche,Hélène,Vrouwelijk,11/15/2019
Sint-Jans-Molenbeek,Samy,Mannelijk,11/04/2019
Brussel,Asmae,Vrouwelijk,10/29/2019
Nijvel,Valérie,Vrouwelijk,11/03/2019
Vilvoorde,Mireille,Vrouwelijk,10/21/2019
Schelle,Steve,Mannelijk,10/30/2019
Evergem,Chloë,Vrouwelijk,11/02/2019
Moeskroen,Jocelyne,Vrouwelijk,11/01/2019
Thuin,Stéphanie,Vrouwelijk,10/27/2019
Antwerpen,Axel,Mannelijk,10/26/2019
Gent,Herman,Mannelijk,10/31/2019
Fernelmont,Pascal,Mannelijk,10/28/2019
Geel,Johan,Mannelijk,10/29/2019
Binche,Maria,Vrouwelijk,10/29/2019
Sint-Pieters-Leeuw,Hamid,Mannelijk,10/23/2019
Izegem,Olivia,Vrouwelijk,10/18/2019
Verviers,Nadège,Vrouwelijk,10/21/2019
Andenne,Luis,Mannelijk,10/31/2019
Mechelen,François,Mannelijk,10/22/2019
Genk,Senne,Mannelijk,12/13/2019
Gent,Julie,Vrouwelijk,11/11/2019
Antwerpen,Bushra,Vrouwelijk,10/29/2019
Meerhout,Lea,Vrouwelijk,11/19/2019
Luik,Cyril,Mannelijk,11/04/2019
Moeskroen,Samuel,Mannelijk,10/29/2019
Lommel,Marlon,Mannelijk,10/28/2019
Kapellen (Antwerpen),Emma,Vrouwelijk,12/09/2019
Zedelgem,Brigitte,Vrouwelijk,10/27/2019
Ronse,Ghislain,Mannelijk,11/17/2019
Kortenberg,Paula,Vrouwelijk,10/26/2019
Eigenbrakel,Sébastien,Mannelijk,10/31/2019
Oud-Heverlee,Koen,Mannelijk,11/12/2019
Wevelgem,Bruno,Mannelijk,10/31/2019
Bocholt,Leonardus,Mannelijk,10/27/2019
Gent,Guillaume,Mannelijk,12/20/2019
Namen,Bayram,Mannelijk,10/30/2019
Frameries,Corine,Vrouwelijk,10/22/2019
Schaarbeek,Ibrahim,Mannelijk,10/21/2019
Waasmunster,Georges,Mannelijk,10/25/2019
Pecq,Loïc,Mannelijk,10/21/2019
Diest,Tony,Mannelijk,11/04/2019
Dilsen-Stokkem,Dario,Mannelijk,11/04/2019
Sint-Pieters-Woluwe,Sylviane,Vrouwelijk,10/31/2019
Begijnendijk,Patrick,Mannelijk,10/24/2019
Châtelet,Mathilde,Vrouwelijk,10/30/2019
Charleroi,Liliane,Vrouwelijk,11/04/2019
Ciney,Bernard,Mannelijk,10/27/2019
Waver,Gilberte,Vrouwelijk,11/03/2019
Antwerpen,Eliane,Vrouwelijk,10/29/2019
Morlanwelz,Cristina,Vrouwelijk,10/31/2019
Dendermonde,Jens,Mannelijk,10/20/2019
Erquelinnes,Robin,Mannelijk,11/04/2019
Oosterzele,Bram,Mannelijk,10/24/2019
La Louvière,Bernadette,Vrouwelijk,11/19/2019
Gembloux,Camille,Vrouwelijk,10/21/2019
Châtelet,Cindy,Vrouwelijk,10/30/2019
Koekelberg,Laura,Vrouwelijk,10/30/2019
Dendermonde,Katrien,Vrouwelijk,10/24/2019
Gerpinnes,Annie,Vrouwelijk,11/03/2019
Diepenbeek,Maria,Vrouwelijk,10/30/2019
Schaarbeek,Stefan,Mannelijk,11/14/2019
La Louvière,Maria-Teresa,Vrouwelijk,10/25/2019
Aalter,René,Mannelijk,10/30/2019
Péruwelz,Pierre,Mannelijk,10/27/2019
Herent,Veerle,Vrouwelijk,11/04/2019
Bekkevoort,Linda,Vrouwelijk,10/21/2019
Kapellen (Antwerpen),Nadia,Vrouwelijk,11/05/2019
Zottegem,Noël,Mannelijk,10/31/2019
Kraainem,Diego,Mannelijk,10/25/2019
Gent,Raphael,Mannelijk,11/13/2019
Antwerpen,Inara,Vrouwelijk,11/03/2019
Terhulpen,Daniel,Mannelijk,10/18/2019
Sint-Niklaas (Sint-Niklaas),Lise,Vrouwelijk,11/02/2019
Bitsingen,Anaïs,Vrouwelijk,10/29/2019
Sint-Lambrechts-Woluwe,Roger,Mannelijk,11/05/2019
Trois-Ponts,Lola,Vrouwelijk,11/06/2019
Brussel,Odile,Vrouwelijk,10/20/2019
Kasterlee,Joannes,Mannelijk,10/18/2019
Fosses-la-Ville,Marie,Vrouwelijk,10/27/2019
Brussel,Federica,Vrouwelijk,10/27/2019
Zoersel,Mathias,Mannelijk,10/27/2019
Aarlen,Marie-Thérèse,Vrouwelijk,10/30/2019
Villers-la-Ville,Margaux,Vrouwelijk,11/03/2019
Luik,Liliane,Vrouwelijk,10/22/2019
Leuven,Sarah,Vrouwelijk,10/28/2019
Saint-Georges-sur-Meuse,Francine,Vrouwelijk,11/21/2019
Kaprijke,Mieke,Vrouwelijk,10/23/2019
Burg-Reuland,Janina,Vrouwelijk,11/03/2019
Kontich,Charlotte,Vrouwelijk,11/03/2019
Flémalle,Fabian,Mannelijk,11/19/2019
Charleroi,Filiz,Vrouwelijk,10/18/2019
Hove (Antwerpen),Petra,Vrouwelijk,11/01/2019
Leuven,Manuel,Mannelijk,10/25/2019
Tielt-Winge,Raymond,Mannelijk,10/28/2019
Dendermonde,Julie,Vrouwelijk,11/28/2019
Izegem,Werner,Mannelijk,11/05/2019
Mechelen,Diederik,Mannelijk,10/30/2019
Anderlues,Francis,Mannelijk,10/26/2019
Antwerpen,Ignacio,Mannelijk,10/21/2019
Hoegaarden,André,Mannelijk,10/25/2019
Antwerpen,Donald,Mannelijk,10/27/2019
Saint-Nicolas (Luik),Claude,Mannelijk,11/01/2019
Oostkamp,Tom,Mannelijk,10/27/2019
Beloeil,Elise,Vrouwelijk,11/02/2019
Binche,Antoni,Mannelijk,11/01/2019
Esneux,Sabine,Vrouwelijk,10/19/2019
Durbuy,Laurent,Mannelijk,10/31/2019
Brussel,Manon,Vrouwelijk,11/03/2019
Vorst (Brussel-Hoofdstad),Anaïs,Vrouwelijk,10/30/2019
Wommelgem,Erik,Mannelijk,10/31/2019
Doornik,Thomas,Mannelijk,10/28/2019
Namen,Delphine,Vrouwelijk,10/31/2019
Antwerpen,Liyana,Vrouwelijk,10/28/2019
Huldenberg,Irène,Vrouwelijk,10/25/2019
Blegny,Maurice,Mannelijk,11/02/2019
Sint-Gillis-Waas,Paul,Mannelijk,11/11/2019
Deinze,Eline,Vrouwelijk,10/29/2019
Péruwelz,Alain,Mannelijk,11/05/2019
Wuustwezel,Debby,Vrouwelijk,11/18/2019
Colfontaine,Françoise,Vrouwelijk,11/02/2019
Sint-Agatha-Berchem,Sarah,Vrouwelijk,10/26/2019
Kortrijk,Nathalie,Vrouwelijk,11/04/2019
Nazareth,Ivan,Mannelijk,11/07/2019
Aalst (Aalst),Ruben,Mannelijk,12/10/2019
Beveren (Sint-Niklaas),Jeroen,Mannelijk,11/03/2019
Oupeye,Jeanne,Vrouwelijk,11/01/2019
Steenokkerzeel,Willy,Mannelijk,11/20/2019
Seraing,Claire,Vrouwelijk,10/28/2019
Londerzeel,Albert,Mannelijk,11/17/2019
Oerle,Monique,Vrouwelijk,11/05/2019
Harelbeke,Mathias,Mannelijk,10/31/2019
Le Roeulx,Josette,Vrouwelijk,10/31/2019
Hamme (Dendermonde),Stephanie,Vrouwelijk,10/21/2019
Châtelet,Emilie,Vrouwelijk,11/03/2019
Oudenaarde,Bo,Vrouwelijk,12/21/2019
Wevelgem,Arno,Mannelijk,10/29/2019
Opzullik,Séverine,Vrouwelijk,10/24/2019
Bertem,Sophie,Vrouwelijk,10/21/2019
Luik,Yassin,Mannelijk,11/30/2019
Leuven,Hilda,Vrouwelijk,11/07/2019
Berlaar,Luc,Mannelijk,10/27/2019
Bierbeek,Tom,Mannelijk,10/31/2019
Kortrijk,Miguel,Mannelijk,11/19/2019
Aalter,Maxim,Mannelijk,11/10/2019
Olen,Jordy,Mannelijk,11/16/2019
Brecht,Marianne,Vrouwelijk,11/03/2019
Elsene,Amina,Vrouwelijk,11/01/2019
Charleroi,Jean-François,Mannelijk,10/30/2019
