gemeente,naam,geslacht,verwachte datum
Maaseik,Mathilde,Vrouwelijk,01/07/2019
Schaarbeek,Marie,Vrouwelijk,01/20/2019
Antoing,Didier,Mannelijk,01/07/2019
Turnhout,Emilia,Vrouwelijk,01/08/2019
Leuven,Ali,Mannelijk,01/14/2019
Middelkerke,Georges,Mannelijk,01/16/2019
Hooglede,Marie,Vrouwelijk,01/19/2019
Antwerpen,Rayan,Mannelijk,01/13/2019
Puurs-Sint-Amands,Kelly,Vrouwelijk,01/18/2019
Schaarbeek,Akim,Mannelijk,01/11/2019
Anderlecht,Christophe,Mannelijk,01/14/2019
Kapellen (Antwerpen),Frankie,Mannelijk,02/02/2019
Lievegem,Nancy,Vrouwelijk,01/17/2019
Sivry-Rance,Robin,Mannelijk,01/12/2019
Oudsbergen,Marc,Mannelijk,01/03/2019
Oudenaarde,Mario,Mannelijk,01/13/2019
Estaimpuis,Marie,Vrouwelijk,01/19/2019
Seraing,Antonino,Mannelijk,01/07/2019
Leopoldsburg,Philippe,Mannelijk,01/19/2019
Saint-Hubert,Jean-Marie,Mannelijk,01/11/2019
Olen,Sonja,Vrouwelijk,01/12/2019
Wemmel,Chantal,Vrouwelijk,01/09/2019
Spa,Francine,Vrouwelijk,01/23/2019
Beerse,Marcus,Mannelijk,01/07/2019
Ichtegem,Bjorn,Mannelijk,01/02/2019
Evergem,Joyce,Vrouwelijk,01/27/2019
Brugge,Arthur,Mannelijk,01/01/2019
Hasselt,Georges,Mannelijk,01/07/2019
Maldegem,Kenneth,Mannelijk,01/09/2019
Antwerpen,Mohammed,Mannelijk,01/16/2019
Kortrijk,Wendy,Vrouwelijk,01/20/2019
Denderleeuw,Andreas,Mannelijk,01/08/2019
Machelen (Halle-Vilvoorde),Francesca,Vrouwelijk,01/16/2019
Charleroi,Monique,Vrouwelijk,01/19/2019
Hasselt,Marc,Mannelijk,01/01/2019
Oostende,Dimitri,Mannelijk,01/09/2019
Antwerpen,Maryam,Vrouwelijk,01/08/2019
Bergen,Carlo,Mannelijk,01/12/2019
Torhout,Nina,Vrouwelijk,01/03/2019
Péruwelz,Marc,Mannelijk,01/17/2019
Beersel,Karin,Vrouwelijk,01/29/2019
Sint-Genesius-Rode,Oscar,Mannelijk,01/10/2019
Saint-Hubert,Michaël,Mannelijk,01/25/2019
Mol,Johan,Mannelijk,01/20/2019
Maasmechelen,Pedro,Mannelijk,01/15/2019
Avelgem,Noor,Vrouwelijk,01/09/2019
Plombières,Geneviève,Vrouwelijk,01/11/2019
Ham-sur-Heure-Nalinnes,Bertrand,Mannelijk,01/23/2019
Dilbeek,Bart,Mannelijk,01/13/2019
Antwerpen,Hanan,Vrouwelijk,01/08/2019
Knokke-Heist,Koen,Mannelijk,01/17/2019
Verviers,Selma,Vrouwelijk,01/12/2019
Vilvoorde,Adelina,Vrouwelijk,01/22/2019
Deinze,Kelly,Vrouwelijk,01/19/2019
Geldenaken,Virginie,Vrouwelijk,01/07/2019
Virton,Jean-Pierre,Mannelijk,01/14/2019
Zottegem,Luc,Mannelijk,01/20/2019
Tervuren,Didier,Mannelijk,01/03/2019
Antwerpen,Catherine,Vrouwelijk,01/17/2019
Juprelle,Paulette,Vrouwelijk,01/08/2019
Courcelles,Raymond,Mannelijk,01/12/2019
Walcourt,Robin,Mannelijk,01/23/2019
Gent,Eloise,Vrouwelijk,01/09/2019
Brussel,Karel,Mannelijk,01/09/2019
Leuven,Annelies,Vrouwelijk,01/11/2019
Antwerpen,M'Hamed,Mannelijk,01/12/2019
Hoogstraten,Bart,Mannelijk,01/19/2019
Harelbeke,Giovanni,Mannelijk,12/31/2018
Begijnendijk,Walter,Mannelijk,01/26/2019
Anderlecht,Gabriel,Mannelijk,01/25/2019
Ciney,Monique,Vrouwelijk,01/02/2019
Wevelgem,Ilse,Vrouwelijk,01/18/2019
Lanaken,Monique,Vrouwelijk,01/10/2019
Oostende,Magdalena,Vrouwelijk,01/11/2019
Deerlijk,Kris,Mannelijk,01/17/2019
Lommel,Patrick,Mannelijk,01/29/2019
Namen,Laurence,Vrouwelijk,01/31/2019
Beringen,Nicola,Mannelijk,01/07/2019
Vilvoorde,Jean,Mannelijk,02/19/2019
Amel,Larissa,Vrouwelijk,01/19/2019
Hastière,Angélique,Vrouwelijk,01/08/2019
Dinant,Antoine,Mannelijk,01/04/2019
Lokeren,Kevin,Mannelijk,01/02/2019
Mol,Ingrid,Vrouwelijk,01/10/2019
Zwijndrecht,Gabriella,Vrouwelijk,01/11/2019
Ninove,Jeannine,Vrouwelijk,01/17/2019
Tielt-Winge,August,Mannelijk,01/12/2019
Antwerpen,Noor,Vrouwelijk,01/14/2019
Sint-Lambrechts-Woluwe,Cindy,Vrouwelijk,01/03/2019
Profondeville,Philippe,Mannelijk,01/17/2019
Zemst,Maarten,Mannelijk,01/11/2019
Rumes,Alain,Mannelijk,01/01/2019
Oudsbergen,Rita,Vrouwelijk,01/13/2019
Doornik,Vivian,Mannelijk,01/18/2019
Luik,Gaspar,Mannelijk,12/31/2018
Tremelo,Anja,Vrouwelijk,01/13/2019
Zaventem,Nathalie,Vrouwelijk,01/09/2019
Bergen,Louane,Vrouwelijk,01/01/2019
Colfontaine,Laetitia,Vrouwelijk,01/19/2019
Hulshout,Laura,Vrouwelijk,12/31/2018
Kortrijk,Thierry,Mannelijk,12/31/2018
Sint-Pieters-Leeuw,Ingrid,Vrouwelijk,01/10/2019
Sint-Genesius-Rode,Sandra,Vrouwelijk,12/31/2018
Hannuit,Mireille,Vrouwelijk,01/07/2019
Gembloux,Anne,Vrouwelijk,01/16/2019
Wetteren,Hans,Mannelijk,01/16/2019
Herentals,Diana,Vrouwelijk,01/11/2019
Brussel,Emilie,Vrouwelijk,01/10/2019
Aalst (Aalst),Rosa,Vrouwelijk,01/16/2019
Sint-Katelijne-Waver,Wout,Mannelijk,01/20/2019
Sint-Jans-Molenbeek,Geoffrey,Mannelijk,01/08/2019
Zonnebeke,Bernard,Mannelijk,01/07/2019
Jette,Christiane,Vrouwelijk,01/31/2019
Niel,Leo,Mannelijk,01/10/2019
Vorst (Brussel-Hoofdstad),Halima,Vrouwelijk,01/12/2019
Lede,Peter,Mannelijk,01/08/2019
Balen,Jozef,Mannelijk,01/10/2019
Hechtel-Eksel,Leon,Mannelijk,01/14/2019
Namen,Laura,Vrouwelijk,01/12/2019
Waterloo,Manuel,Mannelijk,01/19/2019
Zulte,Jens,Mannelijk,01/12/2019
Antwerpen,Ismail,Mannelijk,01/09/2019
Kortrijk,Marie-Anne,Vrouwelijk,01/20/2019
Lokeren,Karima,Vrouwelijk,01/15/2019
Tremelo,Yannick,Mannelijk,01/06/2019
Antwerpen,Ibrahim,Mannelijk,01/15/2019
Hoei,Anita,Vrouwelijk,01/13/2019
La Roche-en-Ardenne,Jean,Mannelijk,01/11/2019
Tielt (Tielt),Pieter,Mannelijk,01/09/2019
Lessen,François,Mannelijk,01/13/2019
Luik,Azra,Vrouwelijk,01/16/2019
Olne,Serge,Mannelijk,01/11/2019
Sint-Niklaas (Sint-Niklaas),Mevlüt,Mannelijk,01/31/2019
Laakdal,Carolus,Mannelijk,01/15/2019
Wetteren,Astrid,Vrouwelijk,01/16/2019
Court-Saint-Etienne,Garance,Vrouwelijk,01/07/2019
Theux,Sacha,Mannelijk,01/09/2019
Charleroi,Domenico,Mannelijk,01/09/2019
Kuurne,Niels,Mannelijk,01/03/2019
Gent,Norma,Vrouwelijk,01/02/2019
Rotselaar,Kato,Vrouwelijk,01/06/2019
Antwerpen,Özkan,Mannelijk,01/10/2019
Retie,Luc,Mannelijk,01/05/2019
Doornik,Michel,Mannelijk,01/11/2019
Verviers,Brigitte,Vrouwelijk,01/13/2019
Sint-Pieters-Leeuw,Romain,Mannelijk,01/11/2019
Antwerpen,Yüksel,Mannelijk,01/02/2019
Anzegem,Björn,Mannelijk,01/07/2019
Kuurne,Freddy,Mannelijk,01/19/2019
Hasselt,Renilde,Vrouwelijk,01/10/2019
Denderleeuw,Frederic,Mannelijk,01/11/2019
Antwerpen,Kadiatu,Vrouwelijk,01/13/2019
Vilvoorde,Maria,Vrouwelijk,01/09/2019
Brugge,Tom,Mannelijk,01/19/2019
Gent,Patrick,Mannelijk,01/01/2019
Mechelen,Marie,Vrouwelijk,01/11/2019
Luik,Khalil,Mannelijk,01/19/2019
Sint-Pieters-Woluwe,Flora,Vrouwelijk,01/08/2019
Antwerpen,Ghariba,Vrouwelijk,01/05/2019
Jette,Tom,Mannelijk,01/13/2019
Antwerpen,Zeynep,Vrouwelijk,01/17/2019
Schaarbeek,Sevdzhihan,Vrouwelijk,01/15/2019
Sint-Martens-Latem,Viviane,Vrouwelijk,01/10/2019
Luik,Valérie,Vrouwelijk,01/17/2019
Kapellen (Antwerpen),Gabrielle,Vrouwelijk,01/16/2019
Geldenaken,Henri,Mannelijk,01/10/2019
Bredene,Patrick,Mannelijk,01/11/2019
Geetbets,Christiana,Vrouwelijk,01/09/2019
Amay,Philippe,Mannelijk,01/29/2019
Sint-Lambrechts-Woluwe,Julien,Mannelijk,01/15/2019
Sint-Joost-ten-Node,Jacques,Mannelijk,01/20/2019
Bouillon,Pierre,Mannelijk,01/03/2019
Ravels,Toon,Mannelijk,01/07/2019
Vorst (Brussel-Hoofdstad),Bilel,Mannelijk,01/12/2019
Elzele,Luc,Mannelijk,01/19/2019
Roeselare,Peter,Mannelijk,01/01/2019
Lierde,Tuur,Mannelijk,01/15/2019
Florennes,Victoria,Vrouwelijk,01/21/2019
Koksijde,Sarah,Vrouwelijk,01/14/2019
Charleroi,Louisa,Vrouwelijk,01/08/2019
Zedelgem,Kevin,Mannelijk,01/18/2019
Gavere,Simon,Mannelijk,01/12/2019
Herstal,Jonathan,Mannelijk,01/15/2019
Glabbeek,Katrien,Vrouwelijk,01/20/2019
La Bruyère,Patricia,Vrouwelijk,01/16/2019
Brugge,Marleen,Vrouwelijk,01/13/2019
Gembloux,Emmanuelle,Vrouwelijk,01/17/2019
Mettet,Oscar,Mannelijk,01/01/2019
Charleroi,Christophe,Mannelijk,01/08/2019
Nijlen,Lieze,Vrouwelijk,01/02/2019
Merchtem,Yvonne,Vrouwelijk,01/10/2019
Herstal,Charline,Vrouwelijk,01/18/2019
Antwerpen,Zwi,Mannelijk,01/07/2019
Maldegem,Geert,Mannelijk,01/10/2019
Kortrijk,Simon,Mannelijk,01/07/2019
Genk,Sabrina,Vrouwelijk,01/19/2019
Oudergem,Solène,Vrouwelijk,01/11/2019
Kasterlee,Roos,Vrouwelijk,01/03/2019
Deinze,Nic,Mannelijk,01/02/2019
Rixensart,Céline,Vrouwelijk,01/08/2019
Herstal,Fabio,Mannelijk,01/12/2019
Middelkerke,Simonne,Vrouwelijk,01/12/2019
Sint-Jans-Molenbeek,Tamimount,Vrouwelijk,01/13/2019
Anderlecht,Constantin,Mannelijk,01/18/2019
Lessen,Marianne,Vrouwelijk,01/14/2019
Mechelen,Amine,Mannelijk,01/09/2019
Froidchapelle,Mathilde,Vrouwelijk,01/01/2019
Leuven,Tom,Mannelijk,01/17/2019
Geel,Noor,Vrouwelijk,01/18/2019
Mol,Melania,Vrouwelijk,01/13/2019
Verlaine,Claire,Vrouwelijk,01/12/2019
Eigenbrakel,Gaëtan,Mannelijk,01/07/2019
Schaarbeek,Abdelkader,Mannelijk,01/15/2019
Diepenbeek,Sabrina,Vrouwelijk,01/10/2019
Ottignies-Louvain-la-Neuve,Laura,Vrouwelijk,01/14/2019
Haacht,Hugo,Mannelijk,01/14/2019
Doornik,Marjorie,Vrouwelijk,01/11/2019
Brussel,Recep,Mannelijk,01/02/2019
Pelt,Maria,Vrouwelijk,01/12/2019
Nieuwpoort,Marie,Vrouwelijk,01/12/2019
Malle,Godelieva,Vrouwelijk,02/23/2019
Oudenaarde,Thomas,Mannelijk,01/08/2019
Gent,Rita,Vrouwelijk,01/08/2019
Thuin,Annick,Vrouwelijk,01/09/2019
Houthalen-Helchteren,Jeroen,Mannelijk,01/10/2019
Colfontaine,Jamila,Vrouwelijk,01/13/2019
Hamme (Dendermonde),Hilde,Vrouwelijk,01/20/2019
Hoegaarden,Marie,Vrouwelijk,01/29/2019
Charleroi,Maryline,Vrouwelijk,12/31/2018
Antwerpen,Mehdi,Mannelijk,01/16/2019
Ronse,Charles,Mannelijk,01/19/2019
Zwalm,Eddy,Mannelijk,01/19/2019
Fosses-la-Ville,Philippe,Mannelijk,01/21/2019
Koekelberg,Abdoulaye,Mannelijk,01/17/2019
Lanaken,Peter,Mannelijk,01/07/2019
Dendermonde,Evi,Vrouwelijk,02/27/2019
Overijse,Eric,Mannelijk,01/30/2019
Poperinge,Rachelle,Vrouwelijk,01/16/2019
Oostkamp,Luc,Mannelijk,01/16/2019
La Louvière,Jean-Marie,Mannelijk,01/05/2019
Maasmechelen,Maria,Vrouwelijk,01/16/2019
Westerlo,Jozef,Mannelijk,02/04/2019
Lier,Jan,Mannelijk,01/14/2019
Charleroi,Sara,Vrouwelijk,01/23/2019
Dilbeek,Pieter,Mannelijk,01/31/2019
Moeskroen,Jeanne,Vrouwelijk,01/11/2019
Anderlues,Roberto,Mannelijk,01/19/2019
Floreffe,Claire,Vrouwelijk,01/15/2019
Schilde,Liliane,Vrouwelijk,01/11/2019
Sint-Truiden,John,Mannelijk,01/03/2019
Schoten,Robert,Mannelijk,01/02/2019
Seraing,Albert,Mannelijk,01/13/2019
Aat,Patrick,Mannelijk,01/04/2019
Bergen,Eddy,Mannelijk,01/01/2019
Antwerpen,Daniel,Mannelijk,01/07/2019
Ukkel,Marion,Vrouwelijk,01/07/2019
Luik,Patrick,Mannelijk,01/20/2019
Nijvel,Daniel,Mannelijk,01/16/2019
Oudsbergen,Jef,Mannelijk,01/17/2019
Antwerpen,Amber,Vrouwelijk,01/13/2019
Meise,Annelies,Vrouwelijk,01/31/2019
Komen-Waasten,Dimitri,Mannelijk,01/01/2019
’s Gravenbrakel,Sandrine,Vrouwelijk,01/17/2019
Holsbeek,Martine,Vrouwelijk,02/01/2019
Modave,Jean,Mannelijk,01/10/2019
Charleroi,Noa,Mannelijk,01/16/2019
Tienen,Kelly,Vrouwelijk,01/13/2019
Schaarbeek,Mahjouba,Vrouwelijk,02/03/2019
Aarschot,Joeri,Mannelijk,01/28/2019
Saint-Nicolas (Luik),Daniela,Vrouwelijk,01/01/2019
Châtelet,André,Mannelijk,01/10/2019
Schaarbeek,Aysel,Vrouwelijk,01/04/2019
Sint-Niklaas (Sint-Niklaas),Koen,Mannelijk,01/07/2019
Bergen,Michaël,Mannelijk,01/09/2019
Oudsbergen,Emiel,Mannelijk,02/03/2019
Les Bons Villers,Jean,Mannelijk,01/13/2019
Zottegem,Elke,Vrouwelijk,01/03/2019
Geldenaken,Françoise,Vrouwelijk,01/07/2019
Peer,Koen,Mannelijk,01/14/2019
Modave,Nadine,Vrouwelijk,01/05/2019
Sambreville,Nicolas,Mannelijk,01/26/2019
Aalst (Aalst),Hajar,Vrouwelijk,02/04/2019
Moeskroen,Saïd,Mannelijk,01/18/2019
Morlanwelz,Alexandre,Mannelijk,01/16/2019
Jemeppe-sur-Sambre,Julia,Vrouwelijk,01/13/2019
Brasschaat,Paul,Mannelijk,01/13/2019
Willebroek,Katia,Vrouwelijk,01/27/2019
Leuven,Bram,Mannelijk,01/10/2019
Zinnik,Geneviève,Vrouwelijk,01/26/2019
Blegny,Pierre,Mannelijk,01/13/2019
Ternat,Rik,Mannelijk,01/06/2019
Lede,Eddy,Mannelijk,01/28/2019
Namen,Andrée,Vrouwelijk,01/15/2019
Heist-op-den-Berg,Elisabeth,Vrouwelijk,01/14/2019
Roeselare,Christiane,Vrouwelijk,01/20/2019
Sint-Pieters-Woluwe,Bernard,Mannelijk,02/17/2019
Lokeren,Christiana,Vrouwelijk,02/28/2019
Dour,Richard,Mannelijk,01/05/2019
Ninove,Marc,Mannelijk,01/20/2019
Dendermonde,Kathleen,Vrouwelijk,01/09/2019
Schoten,Lea,Vrouwelijk,01/17/2019
Dour,Georges,Mannelijk,01/07/2019
Sint-Martens-Latem,Margot,Vrouwelijk,01/12/2019
Donceel,Cédric,Mannelijk,01/23/2019
Boutersem,Christiane,Vrouwelijk,01/18/2019
Hoei,Pierre,Mannelijk,01/16/2019
Opwijk,Lutgarde,Vrouwelijk,01/30/2019
Jurbeke,Christiane,Vrouwelijk,01/11/2019
Sint-Katelijne-Waver,Christina,Vrouwelijk,01/07/2019
Antwerpen,Agnieszka,Vrouwelijk,01/16/2019
Kraainem,Martine,Vrouwelijk,01/06/2019
Heusden-Zolder,Theo,Mannelijk,01/02/2019
Nieuwerkerken (Hasselt),Noah,Mannelijk,01/24/2019
Charleroi,Séverine,Vrouwelijk,01/08/2019
