gemeente,naam,geslacht,verwachte datum
Oostrozebeke,Niels,Mannelijk,12/26/2019
Gent,Wim,Mannelijk,12/29/2019
Beveren (Sint-Niklaas),Leona,Vrouwelijk,01/03/2020
Verviers,Vincent,Mannelijk,01/11/2020
Hoei,Marie,Vrouwelijk,01/18/2020
Nijvel,Thomas,Mannelijk,01/16/2020
Ninove,Carine,Vrouwelijk,12/25/2019
Leuven,Ruben,Mannelijk,01/14/2020
Aat,Flora,Vrouwelijk,01/24/2020
Komen-Waasten,Baptiste,Mannelijk,01/12/2020
Luik,Megan,Vrouwelijk,12/28/2019
Châtelet,Najat,Vrouwelijk,01/08/2020
Charleroi,Julie,Vrouwelijk,01/16/2020
Fernelmont,Michaël,Mannelijk,12/29/2019
Harelbeke,Rudi,Mannelijk,01/08/2020
Charleroi,Nawal,Vrouwelijk,01/24/2020
Marche-en-Famenne,Marius,Mannelijk,01/08/2020
Leuze-en-Hainaut,Carl,Mannelijk,01/26/2020
Hasselt,Annie,Vrouwelijk,01/15/2020
Sint-Truiden,Xander,Mannelijk,01/02/2020
Ronse,Stéphanie,Vrouwelijk,01/04/2020
Doornik,Jacqueline,Vrouwelijk,01/02/2020
Antwerpen,Gino,Mannelijk,01/01/2020
Aalter,Lowie,Mannelijk,01/08/2020
Mechelen,Bart,Mannelijk,01/14/2020
La Roche-en-Ardenne,Hugues,Mannelijk,01/01/2020
Dendermonde,Gunther,Mannelijk,12/28/2019
Galmaarden,Annick,Vrouwelijk,01/01/2020
Vilvoorde,Katrien,Vrouwelijk,01/24/2020
Lasne,César,Mannelijk,12/27/2019
Deerlijk,Sabine,Vrouwelijk,01/02/2020
Deinze,Finn,Mannelijk,01/02/2020
Ans,Alessandro,Mannelijk,01/04/2020
Elsene,Eric,Mannelijk,01/23/2020
Retie,Kim,Vrouwelijk,01/09/2020
Blankenberge,Steve,Mannelijk,12/27/2019
Mechelen,Sanae,Vrouwelijk,01/05/2020
Balen,Ronny,Mannelijk,12/30/2019
Etterbeek,Carlos,Mannelijk,01/14/2020
Gent,Evelien,Vrouwelijk,01/10/2020
Beveren (Sint-Niklaas),Oscar,Mannelijk,01/11/2020
Roeselare,Wim,Mannelijk,01/01/2020
Kalmthout,Dirk,Mannelijk,01/25/2020
Merchtem,Brecht,Mannelijk,01/11/2020
Wezet,Christiane,Vrouwelijk,01/09/2020
Dilbeek,Anis,Mannelijk,01/24/2020
Charleroi,Youssef,Mannelijk,01/09/2020
Theux,Louise,Vrouwelijk,01/11/2020
Sint-Gillis,Cristina,Vrouwelijk,01/14/2020
Oosterzele,Godelieve,Vrouwelijk,12/28/2019
Antwerpen,Celina,Vrouwelijk,01/05/2020
Kortemark,Kurt,Mannelijk,01/07/2020
Willebroek,Ludovic,Mannelijk,01/02/2020
Zottegem,Marie-Louise,Vrouwelijk,01/02/2020
Brussel,Benoît,Mannelijk,01/07/2020
Vorst (Brussel-Hoofdstad),Julia,Vrouwelijk,01/24/2020
Antwerpen,Bryan,Mannelijk,01/18/2020
Willebroek,Franciscus,Mannelijk,01/14/2020
Lessen,Marie,Vrouwelijk,01/05/2020
Verviers,Mehmet,Mannelijk,01/06/2020
Antwerpen,Magda,Vrouwelijk,01/06/2020
Waterloo,Juan,Mannelijk,01/05/2020
Dalhem,David,Mannelijk,01/14/2020
Wanze,Raphaël,Mannelijk,01/01/2020
Flémalle,Joseph,Mannelijk,01/04/2020
Zonhoven,Ronny,Mannelijk,01/06/2020
Zutendaal,Carine,Vrouwelijk,01/06/2020
Beringen,Michaël,Mannelijk,12/30/2019
Aalst (Aalst),Wendy,Vrouwelijk,01/21/2020
Vilvoorde,Willy,Mannelijk,01/07/2020
Geldenaken,Frédéric,Mannelijk,01/10/2020
Mechelen,Rafael,Mannelijk,01/17/2020
Sint-Pieters-Leeuw,Tanguy,Mannelijk,01/03/2020
Gent,Robrecht,Mannelijk,01/08/2020
Brussel,Meliha,Vrouwelijk,01/06/2020
Courcelles,Eric,Mannelijk,12/27/2019
Clavier,Jules,Mannelijk,01/13/2020
Wezet,Lucie,Vrouwelijk,01/03/2020
Hannuit,Robert,Mannelijk,01/28/2020
Beerse,Rita,Vrouwelijk,01/20/2020
Vorst (Brussel-Hoofdstad),Mustapha,Mannelijk,01/08/2020
Mechelen,Aziz,Mannelijk,12/26/2019
Antwerpen,Paulina,Vrouwelijk,01/03/2020
Wevelgem,Roland,Mannelijk,12/31/2019
Tongeren,Nina,Vrouwelijk,01/10/2020
Wevelgem,Christel,Vrouwelijk,01/05/2020
Saint-Nicolas (Luik),Elodie,Vrouwelijk,12/30/2019
Virton,Raymonde,Vrouwelijk,01/03/2020
Hamoir,Robert,Mannelijk,12/29/2019
Remicourt,Marie,Vrouwelijk,01/13/2020
Courcelles,Nicolas,Mannelijk,12/25/2019
Aarschot,Louis,Mannelijk,01/07/2020
Pelt,Maria,Vrouwelijk,01/04/2020
Sint-Pieters-Woluwe,Veronica,Vrouwelijk,12/25/2019
Beringen,Liliane,Vrouwelijk,01/22/2020
Moeskroen,Aïcha,Vrouwelijk,01/12/2020
Sint-Lievens-Houtem,Kurt,Mannelijk,01/10/2020
Antwerpen,Alexander,Mannelijk,01/16/2020
Namen,Nicolas,Mannelijk,01/07/2020
Erquelinnes,Kevin,Mannelijk,01/02/2020
Eigenbrakel,Stéphane,Mannelijk,12/27/2019
Wemmel,Louis,Mannelijk,01/10/2020
Profondeville,Vincent,Mannelijk,12/30/2019
Antwerpen,Annick,Vrouwelijk,01/05/2020
Kampenhout,Laurens,Mannelijk,01/15/2020
Charleroi,Romain,Mannelijk,01/05/2020
Gent,Kobe,Mannelijk,01/13/2020
Brugge,Gabriel,Mannelijk,01/05/2020
Ninove,Anne,Vrouwelijk,01/01/2020
Beveren (Sint-Niklaas),Marc,Mannelijk,01/06/2020
Anderlecht,Ali,Mannelijk,12/25/2019
Lobbes,Jean,Mannelijk,01/02/2020
Charleroi,Tarik,Mannelijk,01/07/2020
Beyne-Heusay,Joseph,Mannelijk,12/30/2019
Frameries,Jean-Jacques,Mannelijk,01/10/2020
Frameries,Noam,Mannelijk,01/14/2020
Oostende,Arlette,Vrouwelijk,01/09/2020
Luik,Antonio,Mannelijk,12/30/2019
Sint-Truiden,Guido,Mannelijk,01/13/2020
Leuven,Adrian,Mannelijk,01/13/2020
Ham-sur-Heure-Nalinnes,Anthony,Mannelijk,01/01/2020
Meix-devant-Virton,Simon,Mannelijk,01/08/2020
Luik,Suzanne,Vrouwelijk,01/15/2020
Kruisem,Raphaël,Mannelijk,01/11/2020
Walcourt,Christine,Vrouwelijk,01/01/2020
Beaumont,Martine,Vrouwelijk,01/16/2020
Doornik,Gilberte,Vrouwelijk,01/05/2020
Jemeppe-sur-Sambre,Josiane,Vrouwelijk,01/14/2020
Sint-Jans-Molenbeek,Abdel,Mannelijk,12/28/2019
Willebroek,Marina,Vrouwelijk,02/15/2020
Charleroi,Roland,Mannelijk,12/28/2019
Mechelen,Ilham,Vrouwelijk,01/08/2020
Bergen,Diana,Vrouwelijk,01/24/2020
Scherpenheuvel-Zichem,Geert,Mannelijk,01/13/2020
Sint-Niklaas (Sint-Niklaas),Eva,Vrouwelijk,01/05/2020
Bergen,Daniel,Mannelijk,01/03/2020
La Louvière,Matteo,Mannelijk,01/11/2020
Ardooie,Ronny,Mannelijk,12/31/2019
Brugge,Elie,Mannelijk,12/27/2019
Gent,Cesar,Mannelijk,01/13/2020
Antwerpen,Kristof,Mannelijk,01/10/2020
Alken,Marina,Vrouwelijk,01/05/2020
Moeskroen,Dominique,Mannelijk,01/13/2020
Aalst (Aalst),An,Vrouwelijk,01/10/2020
Essen,Margareta,Vrouwelijk,01/04/2020
Tessenderlo,Karen,Vrouwelijk,12/25/2019
Kortrijk,Rosa,Vrouwelijk,01/03/2020
Brussel,Rabia,Vrouwelijk,01/28/2020
Denderleeuw,Jan,Mannelijk,01/23/2020
Lievegem,Marie,Vrouwelijk,01/10/2020
Anderlecht,Nicolas,Mannelijk,01/24/2020
Hasselt,Elke,Vrouwelijk,01/03/2020
Courcelles,Maria,Vrouwelijk,12/29/2019
Boussu,Lionel,Mannelijk,01/12/2020
Fontaine-l’Evêque,Emeline,Vrouwelijk,01/24/2020
Sint-Jans-Molenbeek,Abderrahim,Mannelijk,01/10/2020
Gent,Lena,Vrouwelijk,12/29/2019
Maasmechelen,Jozef,Mannelijk,01/04/2020
Waasmunster,Frans,Mannelijk,12/26/2019
Antwerpen,Luc,Mannelijk,12/27/2019
Sint-Jans-Molenbeek,Bochra,Vrouwelijk,01/19/2020
Beersel,Katleen,Vrouwelijk,01/06/2020
Wachtebeke,Danny,Mannelijk,01/14/2020
Deinze,Tom,Mannelijk,01/20/2020
Menen,Christine,Vrouwelijk,01/09/2020
Schaarbeek,Latifa,Vrouwelijk,01/13/2020
Ieper,Denise,Vrouwelijk,12/27/2019
Charleroi,Lucas,Mannelijk,01/04/2020
Zandhoven,Siebe,Mannelijk,01/12/2020
Moeskroen,Peggy,Vrouwelijk,01/14/2020
Bergen,Gwendoline,Vrouwelijk,01/07/2020
Heusden-Zolder,Wilfried,Mannelijk,01/04/2020
Schelle,Dorien,Vrouwelijk,01/08/2020
Ottignies-Louvain-la-Neuve,Laura,Vrouwelijk,01/28/2020
Wichelen,Filip,Mannelijk,01/02/2020
Pelt,Dylan,Mannelijk,01/07/2020
Evere,Othmane,Mannelijk,01/05/2020
Gent,Adam,Mannelijk,01/05/2020
Faimes,Léon,Mannelijk,01/25/2020
Kortrijk,Alexia,Vrouwelijk,01/05/2020
Brussel,Alexandra,Vrouwelijk,01/07/2020
Mortsel,Patrick,Mannelijk,01/01/2020
Zinnik,Pierre,Mannelijk,01/07/2020
Lievegem,Erna,Vrouwelijk,01/09/2020
Chaumont-Gistoux,Katia,Vrouwelijk,01/05/2020
Waterloo,Marie,Vrouwelijk,12/25/2019
Anderlecht,Sohaïb,Mannelijk,01/03/2020
Leuze-en-Hainaut,Kevin,Mannelijk,01/10/2020
Beveren (Sint-Niklaas),Peter,Mannelijk,01/16/2020
Antwerpen,Wissal,Vrouwelijk,12/31/2019
Hasselt,Laura,Vrouwelijk,01/26/2020
Sint-Niklaas (Sint-Niklaas),Souliman,Mannelijk,01/06/2020
Zwevegem,Laurence,Vrouwelijk,01/01/2020
Zwevegem,Camille,Vrouwelijk,12/30/2019
Antwerpen,Beatrix,Vrouwelijk,01/14/2020
Doornik,Didier,Mannelijk,01/12/2020
Brecht,Arne,Mannelijk,01/06/2020
Brussel,Mimoun,Mannelijk,01/07/2020
Kampenhout,Samuel,Mannelijk,01/03/2020
Brugge,Ingrid,Vrouwelijk,01/12/2020
Staden,Estelle,Vrouwelijk,01/02/2020
Manhay,Marie,Vrouwelijk,01/11/2020
Ternat,Nolan,Mannelijk,01/06/2020
Bütgenbach,Roland,Mannelijk,01/07/2020
Nijvel,Ariane,Vrouwelijk,01/11/2020
Gent,Patricia,Vrouwelijk,01/07/2020
Honnelles,Josette,Vrouwelijk,12/27/2019
Hoogstraten,Anouk,Vrouwelijk,01/31/2020
Willebroek,Henri,Mannelijk,01/03/2020
Spa,Georgette,Vrouwelijk,12/27/2019
Watermaal-Bosvoorde,Maria,Vrouwelijk,01/04/2020
Quaregnon,Lara,Vrouwelijk,01/06/2020
Seraing,Esther,Vrouwelijk,01/11/2020
Ukkel,Annick,Vrouwelijk,01/02/2020
Gent,Ann,Vrouwelijk,01/01/2020
Haaltert,Sabine,Vrouwelijk,01/10/2020
Aiseau-Presles,Marie,Vrouwelijk,12/31/2019
Harelbeke,Anja,Vrouwelijk,02/10/2020
Lochristi,Jasper,Mannelijk,01/14/2020
Bredene,Robin,Mannelijk,12/26/2019
Verviers,Arnaud,Mannelijk,01/14/2020
Namen,Florian,Mannelijk,01/04/2020
Boortmeerbeek,Jeroen,Mannelijk,01/02/2020
Zonhoven,Nicolas,Mannelijk,01/06/2020
Villers-la-Ville,Christine,Vrouwelijk,12/28/2019
Leuven,John,Mannelijk,01/01/2020
Gent,Juan,Mannelijk,12/27/2019
Rumst,Leen,Vrouwelijk,01/02/2020
Mol,Sandy,Vrouwelijk,01/11/2020
Zaventem,Ayoub,Mannelijk,12/28/2019
Temse,Johan,Mannelijk,01/08/2020
Wevelgem,Aline,Vrouwelijk,01/12/2020
Bonheiden,Karel,Mannelijk,12/31/2019
Libramont-Chevigny,Céline,Vrouwelijk,01/06/2020
Oudenaarde,Bernard,Mannelijk,01/06/2020
Ottignies-Louvain-la-Neuve,Rémi,Mannelijk,12/30/2019
Genk,Valentina,Vrouwelijk,12/30/2019
Gent,Luigi,Mannelijk,01/05/2020
Jemeppe-sur-Sambre,David,Mannelijk,01/08/2020
Tielt-Winge,Steven,Mannelijk,01/10/2020
Sint-Katelijne-Waver,Veerle,Vrouwelijk,01/04/2020
Brussel,Nicolas,Mannelijk,12/28/2019
Peer,Kristel,Vrouwelijk,01/11/2020
Sint-Gillis,Mehdi,Mannelijk,01/02/2020
Beringen,Lydia,Vrouwelijk,12/29/2019
Cerfontaine,Cathy,Vrouwelijk,01/03/2020
Deinze,Henriette,Vrouwelijk,01/11/2020
Namen,Luc,Mannelijk,12/30/2019
Hensies,Maria,Vrouwelijk,01/23/2020
Waregem,Anne-Marie,Vrouwelijk,01/07/2020
Gent,Aneliya,Vrouwelijk,01/01/2020
Elsene,Arnaud,Mannelijk,01/28/2020
Oud-Heverlee,Nicole,Vrouwelijk,01/07/2020
Zelzate,Carmen,Vrouwelijk,01/08/2020
Geel,Laurence,Vrouwelijk,01/04/2020
Bornem,Heidi,Vrouwelijk,01/03/2020
Couvin,Zoé,Vrouwelijk,01/03/2020
Namen,Fabienne,Vrouwelijk,01/25/2020
Moeskroen,Nicolas,Mannelijk,01/01/2020
De Pinte,Herman,Mannelijk,01/23/2020
Herstal,Julie,Vrouwelijk,12/27/2019
Zottegem,Michèle,Vrouwelijk,01/21/2020
Gerpinnes,Patrice,Mannelijk,01/08/2020
Aalst (Aalst),Michiel,Mannelijk,01/08/2020
Mont-Saint-Guibert,Paul,Mannelijk,01/26/2020
Zwijndrecht,Veerle,Vrouwelijk,01/07/2020
Zottegem,Jolien,Vrouwelijk,01/14/2020
Hemiksem,Michel,Mannelijk,12/25/2019
Lommel,Paul,Mannelijk,12/26/2019
Elsene,Karol,Mannelijk,12/31/2019
Namen,Gatien,Mannelijk,01/27/2020
Erquelinnes,Laurine,Vrouwelijk,01/05/2020
Kuurne,Jan,Mannelijk,01/15/2020
Dilsen-Stokkem,Roger,Mannelijk,01/11/2020
Oostende,Carine,Vrouwelijk,01/07/2020
Zelzate,Cecile,Vrouwelijk,01/05/2020
Kampenhout,Nadine,Vrouwelijk,12/25/2019
Antwerpen,Margot,Vrouwelijk,12/29/2019
Dendermonde,Jeanne,Vrouwelijk,01/17/2020
Putte,Karina,Vrouwelijk,12/25/2019
Tienen,Suzanna,Vrouwelijk,01/09/2020
Virton,Dominique,Mannelijk,12/28/2019
Beernem,Luc,Mannelijk,01/07/2020
Geldenaken,Stéphanie,Vrouwelijk,12/28/2019
Waver,Chloé,Vrouwelijk,01/18/2020
Schoten,Olivia,Vrouwelijk,01/07/2020
Oostende,Jeannette,Vrouwelijk,01/14/2020
Viroinval,Aurélie,Vrouwelijk,01/05/2020
Oudenburg,Johan,Mannelijk,01/03/2020
Soumagne,Fernando,Mannelijk,01/09/2020
Sint-Lambrechts-Woluwe,Luca,Mannelijk,01/03/2020
Gistel,Yvette,Vrouwelijk,01/13/2020
Zele,Gamze,Vrouwelijk,01/04/2020
Hamme (Dendermonde),Wendy,Vrouwelijk,01/06/2020
Beloeil,Nicole,Vrouwelijk,12/27/2019
Maarkedal,Marcella,Vrouwelijk,01/09/2020
Bernissart,Luc,Mannelijk,12/29/2019
Luik,Basile,Mannelijk,01/28/2020
Ronse,Katty,Vrouwelijk,01/12/2020
Hasselt,Ronny,Mannelijk,01/28/2020
Antwerpen,Krista,Vrouwelijk,01/06/2020
Antwerpen,Malak,Vrouwelijk,01/10/2020
Zandhoven,Lucien,Mannelijk,01/08/2020
Ukkel,Jean,Mannelijk,01/12/2020
Namen,Caroline,Vrouwelijk,01/07/2020
Balen,Herman,Mannelijk,12/26/2019
Elsene,Antonio,Mannelijk,12/30/2019
Châtelet,Alfonso,Mannelijk,01/04/2020
Gouvy,Arthur,Mannelijk,01/06/2020
