gemeente,naam,geslacht,verwachte datum
Koksijde,Christine,Vrouwelijk,09/15/2019
Neufchâteau (Neufchâteau),Théo,Mannelijk,09/27/2019
Moeskroen,Sophie,Vrouwelijk,10/12/2019
Zaventem,Gustaaf,Mannelijk,09/18/2019
Kortrijk,Levi,Mannelijk,09/24/2019
Saint-Nicolas (Luik),Christiane,Vrouwelijk,09/19/2019
Thuin,Frédéric,Mannelijk,09/15/2019
Sint-Truiden,Carina,Vrouwelijk,09/15/2019
Modave,André,Mannelijk,09/14/2019
Oostende,Kurt,Mannelijk,09/18/2019
Luik,Nelly,Vrouwelijk,09/22/2019
Courcelles,Anne,Vrouwelijk,10/04/2019
Aalst (Aalst),Felix,Mannelijk,09/20/2019
Sint-Joost-ten-Node,Sevim,Vrouwelijk,09/21/2019
Zwevegem,Guy,Mannelijk,09/20/2019
Gent,Mariette,Vrouwelijk,10/12/2019
Maasmechelen,Francesco,Mannelijk,09/09/2019
Mechelen,Albert,Mannelijk,09/21/2019
Genk,Jana,Vrouwelijk,09/11/2019
Schaarbeek,Geert,Mannelijk,09/17/2019
Brussel,Hamza,Mannelijk,09/18/2019
Geel,Elzbieta,Vrouwelijk,09/19/2019
Hasselt,Kevin,Mannelijk,10/10/2019
Haacht,Lies,Vrouwelijk,09/15/2019
Fontaine-l’Evêque,Francis,Mannelijk,09/26/2019
Aiseau-Presles,Julien,Mannelijk,09/12/2019
Turnhout,Julie,Vrouwelijk,09/25/2019
Kuurne,Maria,Vrouwelijk,09/25/2019
Moeskroen,Ugo,Mannelijk,09/21/2019
Lokeren,David,Mannelijk,09/09/2019
Ranst,Bjorn,Mannelijk,09/11/2019
Brasschaat,Michael,Mannelijk,10/02/2019
Lille,Lore,Vrouwelijk,09/22/2019
Halle (Halle-Vilvoorde),Pascale,Vrouwelijk,09/13/2019
Dentergem,Dieter,Mannelijk,09/26/2019
Zonnebeke,Emiel,Mannelijk,09/15/2019
Borsbeek,Ayoub,Mannelijk,09/13/2019
Luik,Thierry,Mannelijk,09/21/2019
Charleroi,Véronique,Vrouwelijk,09/18/2019
Schaarbeek,Touria,Vrouwelijk,09/10/2019
Couvin,François,Mannelijk,09/17/2019
Schelle,Marc,Mannelijk,09/15/2019
Hannuit,Dominique,Vrouwelijk,09/21/2019
Bocholt,Martijn,Mannelijk,09/25/2019
Sint-Gillis,Maria,Vrouwelijk,09/22/2019
La Louvière,Cloé,Vrouwelijk,09/20/2019
Mont-de-l’Enclus,Louise,Vrouwelijk,09/20/2019
Schaarbeek,Catalina,Vrouwelijk,09/22/2019
Fernelmont,Adrien,Mannelijk,09/20/2019
Doornik,Vanessa,Vrouwelijk,10/05/2019
Wervik,Rita,Vrouwelijk,09/10/2019
Sint-Joost-ten-Node,Mustafa,Mannelijk,09/13/2019
Frameries,José,Mannelijk,10/16/2019
Maaseik,Tim,Mannelijk,09/16/2019
Wuustwezel,Ludovica,Vrouwelijk,09/17/2019
Oostkamp,Michèle,Vrouwelijk,09/20/2019
Lier,Margaretha,Vrouwelijk,09/12/2019
Luik,Giuseppina,Vrouwelijk,09/17/2019
Genk,Michiel,Mannelijk,09/22/2019
Harelbeke,Daisy,Vrouwelijk,09/24/2019
Maasmechelen,Francine,Vrouwelijk,09/16/2019
Mechelen,Liesbet,Vrouwelijk,09/29/2019
Zaventem,Isabelle,Vrouwelijk,09/18/2019
Genepiën,Fernande,Vrouwelijk,09/28/2019
Bornem,Gerarda,Vrouwelijk,09/20/2019
Vorst (Brussel-Hoofdstad),Najima,Vrouwelijk,09/20/2019
Bilzen,Evelien,Vrouwelijk,09/15/2019
Antwerpen,Margaretha,Vrouwelijk,09/09/2019
Roosdaal,Rudy,Mannelijk,09/08/2019
Lievegem,Simonne,Vrouwelijk,09/11/2019
Gent,Jan,Mannelijk,09/23/2019
Antwerpen,Bilal,Mannelijk,09/11/2019
Antwerpen,Pierre,Mannelijk,09/14/2019
Quaregnon,Bernard,Mannelijk,09/11/2019
Hamme (Dendermonde),Cesar,Mannelijk,09/18/2019
Evergem,Ronald,Mannelijk,09/22/2019
Couvin,Muriel,Vrouwelijk,10/07/2019
Gent,Ella,Vrouwelijk,09/23/2019
Oostende,Carine,Vrouwelijk,09/20/2019
Bitsingen,Danielle,Vrouwelijk,09/16/2019
Montigny-le-Tilleul,Hugues,Mannelijk,09/18/2019
Herve,Jean,Mannelijk,09/21/2019
Diksmuide,Irene,Vrouwelijk,09/09/2019
Sint-Niklaas (Sint-Niklaas),Hüseyin,Mannelijk,09/25/2019
Diksmuide,Willy,Mannelijk,09/21/2019
Ham-sur-Heure-Nalinnes,Philippe,Mannelijk,09/17/2019
Houthulst,Walther,Mannelijk,09/17/2019
Meise,Elisabeth,Vrouwelijk,10/18/2019
Antwerpen,Rita,Vrouwelijk,09/26/2019
Doornik,Véronique,Vrouwelijk,09/24/2019
Fléron,Anthony,Mannelijk,09/18/2019
Geel,Johnny,Mannelijk,09/22/2019
Denderleeuw,Johan,Mannelijk,09/26/2019
Sint-Niklaas (Sint-Niklaas),Nelly,Vrouwelijk,09/10/2019
Nijvel,Jean,Mannelijk,09/17/2019
Oudenaarde,Milan,Mannelijk,10/07/2019
Tubeke,Aleksandra,Vrouwelijk,10/18/2019
Hoogstraten,Josephus,Mannelijk,09/17/2019
Charleroi,Anthony,Mannelijk,10/10/2019
Antwerpen,Ingrid,Vrouwelijk,10/08/2019
Couvin,Cedric,Mannelijk,09/26/2019
Menen,Manon,Vrouwelijk,09/15/2019
Antwerpen,Maria,Vrouwelijk,09/26/2019
Leuven,Liliane,Vrouwelijk,09/16/2019
Charleroi,Silvia,Vrouwelijk,09/21/2019
Chaudfontaine,Pierre,Mannelijk,09/13/2019
Hoei,Noa,Mannelijk,09/11/2019
Maasmechelen,Murat,Mannelijk,09/19/2019
Sint-Gillis,Philippe,Mannelijk,09/11/2019
De Panne,Willy,Mannelijk,09/28/2019
Herentals,Marijke,Vrouwelijk,09/18/2019
Fontaine-l’Evêque,Cécile,Vrouwelijk,09/24/2019
Knokke-Heist,Axelle,Vrouwelijk,09/20/2019
Beloeil,Valentin,Mannelijk,09/20/2019
Roeselare,Joke,Vrouwelijk,10/06/2019
Stabroek,Eric,Mannelijk,09/21/2019
Fontaine-l’Evêque,Mario,Mannelijk,10/22/2019
Antwerpen,Mats,Mannelijk,10/07/2019
Roeselare,Sonia,Vrouwelijk,09/09/2019
Honnelles,Jean-François,Mannelijk,09/18/2019
Wevelgem,Jean,Mannelijk,09/22/2019
Antwerpen,Abdeslam,Mannelijk,09/20/2019
Walcourt,Louise,Vrouwelijk,09/27/2019
Quaregnon,Marina,Vrouwelijk,09/22/2019
Wuustwezel,Godelieva,Vrouwelijk,09/28/2019
Lichtervelde,Mathias,Mannelijk,09/20/2019
Hasselt,Thor,Mannelijk,09/25/2019
Dendermonde,Laurien,Vrouwelijk,10/09/2019
Landen,Olga,Vrouwelijk,09/21/2019
Ninove,Didier,Mannelijk,09/24/2019
Brussel,Patrick,Mannelijk,09/28/2019
Graven,Thierry,Mannelijk,09/21/2019
Affligem,Luc,Mannelijk,09/15/2019
Chaumont-Gistoux,Lucien,Mannelijk,09/26/2019
Sint-Jans-Molenbeek,Lahoussine,Mannelijk,09/11/2019
Sint-Pieters-Woluwe,Michel,Mannelijk,09/23/2019
Beloeil,Alessandro,Mannelijk,09/16/2019
Laarne,Debbie,Vrouwelijk,09/26/2019
Temse,Freddy,Mannelijk,09/12/2019
Zaventem,Edward,Mannelijk,09/24/2019
Antwerpen,Karen,Vrouwelijk,09/24/2019
Sint-Truiden,Catherine,Vrouwelijk,10/05/2019
Fleurus,Léo,Mannelijk,09/20/2019
Herzele,Jürgen,Mannelijk,09/18/2019
Plombières,Didier,Mannelijk,09/11/2019
Oudsbergen,Ward,Mannelijk,09/11/2019
Antwerpen,Magorzata,Vrouwelijk,09/13/2019
Middelkerke,Ingrid,Vrouwelijk,09/27/2019
La Roche-en-Ardenne,Anne-Marie,Vrouwelijk,09/21/2019
Brunehaut,Jean,Mannelijk,09/13/2019
Waterloo,Alexis,Mannelijk,09/17/2019
Brussel,Jean,Mannelijk,09/26/2019
Lessen,Marcel,Mannelijk,09/20/2019
Mol,Bjorn,Mannelijk,09/22/2019
Ardooie,Jürgen,Mannelijk,10/10/2019
Puurs-Sint-Amands,Rudy,Mannelijk,09/20/2019
Flémalle,Francis,Mannelijk,09/10/2019
Marchin,Patricia,Vrouwelijk,09/15/2019
Blegny,Gregory,Mannelijk,10/02/2019
Ravels,Marie,Vrouwelijk,09/17/2019
Gent,Claire,Vrouwelijk,10/06/2019
Kortrijk,Rosa,Vrouwelijk,09/23/2019
Alveringem,Geert,Mannelijk,09/24/2019
Olen,Kobe,Mannelijk,10/22/2019
Hamme (Dendermonde),Kim,Vrouwelijk,09/19/2019
Waregem,Wannes,Mannelijk,10/07/2019
Koksijde,Lutgarde,Vrouwelijk,09/16/2019
Scherpenheuvel-Zichem,Freddy,Mannelijk,09/18/2019
Bouillon,Marie-Thérèse,Vrouwelijk,09/25/2019
Lommel,Nicolaas,Mannelijk,09/26/2019
Zwijndrecht,Raymond,Mannelijk,09/22/2019
Dilsen-Stokkem,Monique,Vrouwelijk,09/23/2019
Bilzen,Marco,Mannelijk,09/16/2019
Genk,Agnieszka,Vrouwelijk,10/05/2019
Wanze,Lilou,Vrouwelijk,09/30/2019
Schaarbeek,Soumaya,Vrouwelijk,09/20/2019
Maldegem,Marleen,Vrouwelijk,09/18/2019
Charleroi,Aurora,Vrouwelijk,09/21/2019
Essen,Achiel,Mannelijk,09/19/2019
Aarschot,Griet,Vrouwelijk,09/21/2019
Gent,Biser,Mannelijk,10/01/2019
Tielt (Tielt),Lien,Vrouwelijk,09/28/2019
Kontich,Ken,Mannelijk,09/19/2019
Zulte,Jenny,Vrouwelijk,09/14/2019
Lokeren,Elias,Mannelijk,09/28/2019
Schoten,Hannah,Vrouwelijk,09/20/2019
Zedelgem,Nick,Mannelijk,09/21/2019
Maaseik,Nelly,Vrouwelijk,09/24/2019
Amay,Geoffrey,Mannelijk,09/20/2019
Vosselaar,Ferre,Mannelijk,09/20/2019
Koekelberg,Mohamed,Mannelijk,09/08/2019
Ninove,Farah,Vrouwelijk,09/24/2019
Namen,Denis,Mannelijk,09/23/2019
Lanaken,Valerie,Vrouwelijk,09/15/2019
Brugge,Zoë,Vrouwelijk,09/22/2019
Momignies,Audrey,Vrouwelijk,10/12/2019
Frasnes-lez-Anvaing,Irène,Vrouwelijk,09/24/2019
Fontaine-l’Evêque,Florine,Vrouwelijk,09/13/2019
Peer,Kathleen,Vrouwelijk,09/27/2019
Zemst,Anas,Mannelijk,09/18/2019
Lievegem,Sandra,Vrouwelijk,09/27/2019
Grâce-Hollogne,Angela,Vrouwelijk,09/20/2019
Lobbes,Raymonde,Vrouwelijk,09/13/2019
Assenede,Helena,Vrouwelijk,09/19/2019
Amay,Mathéo,Mannelijk,09/24/2019
Luik,Damien,Mannelijk,10/06/2019
Bierbeek,Paul,Mannelijk,09/28/2019
Ukkel,Mustapha,Mannelijk,10/01/2019
Antwerpen,Hilal,Vrouwelijk,09/16/2019
Mechelen,Marc,Mannelijk,10/03/2019
Ukkel,Marius,Mannelijk,09/10/2019
’s Gravenbrakel,Bernard,Mannelijk,09/12/2019
Kortrijk,Marie,Vrouwelijk,09/08/2019
Willebroek,Erik,Mannelijk,09/19/2019
Sprimont,Monique,Vrouwelijk,09/15/2019
Vosselaar,David,Mannelijk,09/28/2019
Turnhout,Kevin,Mannelijk,09/14/2019
Jette,Fouzia,Vrouwelijk,09/18/2019
Hoogstraten,Johannes,Mannelijk,09/21/2019
Herne,Eddy,Mannelijk,09/08/2019
Grâce-Hollogne,Salvatore,Mannelijk,09/26/2019
Doornik,Melody,Vrouwelijk,09/29/2019
Heuvelland,Veerle,Vrouwelijk,09/16/2019
La Louvière,Alessio,Mannelijk,09/16/2019
Thimister-Clermont,Laura,Vrouwelijk,09/27/2019
Niel,Marleen,Vrouwelijk,09/22/2019
Vloesberg,Yves,Mannelijk,09/18/2019
Andenne,Brigitte,Vrouwelijk,09/20/2019
Ronse,Mimouna,Vrouwelijk,09/18/2019
Aat,Renaud,Mannelijk,09/12/2019
Seraing,Angelo,Mannelijk,09/10/2019
Puurs-Sint-Amands,Kelly,Vrouwelijk,09/10/2019
Beringen,Arne,Mannelijk,09/15/2019
Brugge,Magdalena,Vrouwelijk,09/21/2019
Pelt,Carina,Vrouwelijk,09/27/2019
Wijnegem,Jessica,Vrouwelijk,09/16/2019
Brussel,Silvio,Mannelijk,10/02/2019
Ottignies-Louvain-la-Neuve,Mathieu,Mannelijk,09/17/2019
Merksplas,Herman,Mannelijk,09/18/2019
Sint-Joost-ten-Node,Rania,Vrouwelijk,10/10/2019
Denderleeuw,Tiffany,Vrouwelijk,09/25/2019
Torhout,Maarten,Mannelijk,09/21/2019
Fleurus,Claudio,Mannelijk,09/22/2019
Charleroi,Roxane,Vrouwelijk,09/16/2019
Bitsingen,Jordan,Mannelijk,09/13/2019
Sint-Jans-Molenbeek,Matthias,Mannelijk,10/05/2019
Hasselt,Jeff,Mannelijk,09/13/2019
Haacht,Jeannine,Vrouwelijk,09/13/2019
Halen,Marie,Vrouwelijk,09/18/2019
Brussel,Haroune,Mannelijk,09/23/2019
Boussu,Martin,Mannelijk,09/19/2019
Chaudfontaine,Gilberte,Vrouwelijk,09/11/2019
Rotselaar,Richard,Mannelijk,09/25/2019
Lierde,Peter,Mannelijk,09/22/2019
Anderlecht,Mohamed,Mannelijk,09/17/2019
Philippeville,Bastien,Mannelijk,09/11/2019
Westerlo,Koen,Mannelijk,09/24/2019
Antwerpen,Dimitri,Mannelijk,09/26/2019
Dilsen-Stokkem,Jurgen,Mannelijk,09/23/2019
Chastre,Marine,Vrouwelijk,09/26/2019
Langemark-Poelkapelle,Francis,Mannelijk,10/06/2019
Overijse,Ellen,Vrouwelijk,10/01/2019
Puurs-Sint-Amands,Jeroen,Mannelijk,09/21/2019
Tienen,Alex,Mannelijk,09/23/2019
Heist-op-den-Berg,Marcel,Mannelijk,09/27/2019
Antwerpen,Nils,Mannelijk,09/16/2019
Vorst (Brussel-Hoofdstad),Adèle,Vrouwelijk,10/12/2019
Hensies,Rachel,Vrouwelijk,09/25/2019
Luik,Marc,Mannelijk,09/22/2019
Charleroi,Corentin,Mannelijk,09/22/2019
Olen,Koen,Mannelijk,09/14/2019
Sint-Jans-Molenbeek,Maria,Vrouwelijk,09/25/2019
Evere,Sofiane,Mannelijk,09/21/2019
Binche,Nicolas,Mannelijk,09/12/2019
Antwerpen,Lars,Mannelijk,09/20/2019
Farciennes,Christelle,Vrouwelijk,09/20/2019
Jemeppe-sur-Sambre,Sarah,Vrouwelijk,09/12/2019
Duffel,Lea,Vrouwelijk,11/10/2019
Gent,Paula,Vrouwelijk,09/12/2019
Assenede,Danny,Mannelijk,09/10/2019
Sint-Lambrechts-Woluwe,Greta,Vrouwelijk,09/17/2019
Kontich,Gerrit,Mannelijk,09/19/2019
Lasne,Sylvain,Mannelijk,09/14/2019
Lint,Rosalie,Vrouwelijk,09/09/2019
Ganshoren,Alison,Vrouwelijk,10/08/2019
Boussu,Mohammed,Mannelijk,09/17/2019
Frameries,Sandy,Vrouwelijk,09/12/2019
Brussel,Nisrine,Vrouwelijk,09/18/2019
Ingelmunster,Heidi,Vrouwelijk,09/12/2019
Jette,Adrien,Mannelijk,09/17/2019
Kortrijk,Cyriel,Mannelijk,09/17/2019
Hasselt,Adriana,Vrouwelijk,09/16/2019
Roeselare,Kevin,Mannelijk,09/16/2019
Kortrijk,Stefaan,Mannelijk,09/15/2019
Mol,Katarzyna,Vrouwelijk,09/13/2019
Dinant,Anne,Vrouwelijk,09/24/2019
Berlare,Bianca,Vrouwelijk,09/17/2019
Bonheiden,Els,Vrouwelijk,09/27/2019
Aat,Antoine,Mannelijk,09/20/2019
Saint-Georges-sur-Meuse,Cédric,Mannelijk,09/22/2019
Heusden-Zolder,Louis,Mannelijk,09/22/2019
Steenokkerzeel,Sven,Mannelijk,09/16/2019
Maldegem,Elisa,Vrouwelijk,09/21/2019
Seraing,Nolan,Mannelijk,09/26/2019
Antwerpen,Yuliya,Vrouwelijk,09/23/2019
Oostende,Céleste,Vrouwelijk,09/14/2019
Gent,Frida,Vrouwelijk,09/09/2019
Antwerpen,Hadda,Vrouwelijk,09/28/2019
Grimbergen,Murat,Mannelijk,09/10/2019
Wortegem-Petegem,Carine,Vrouwelijk,09/27/2019
Hoei,André,Mannelijk,09/11/2019
Charleroi,Malika,Vrouwelijk,10/16/2019
Westerlo,Katrien,Vrouwelijk,09/10/2019
Tienen,Gilles,Mannelijk,09/18/2019
Zemst,Pierre,Mannelijk,09/26/2019
Erpe-Mere,Monique,Vrouwelijk,09/20/2019
Stekene,Rudi,Mannelijk,09/16/2019
Charleroi,Ivan,Mannelijk,10/01/2019
Dilsen-Stokkem,Jacques,Mannelijk,09/22/2019
Hamont-Achel,Maria,Vrouwelijk,09/15/2019
Sambreville,Livio,Mannelijk,09/13/2019
Zoutleeuw,Louis,Mannelijk,09/16/2019
