gemeente,naam,geslacht,verwachte datum
Geel,Walter,Mannelijk,02/16/2019
Grimbergen,Eliane,Vrouwelijk,02/20/2019
Namen,Jean,Mannelijk,02/12/2019
Ottignies-Louvain-la-Neuve,Rita,Vrouwelijk,04/09/2019
Antwerpen,Vítor,Mannelijk,02/20/2019
Lebbeke,Mohammed,Mannelijk,02/26/2019
Brussel,Chaymae,Vrouwelijk,02/19/2019
Oostende,Tracy,Vrouwelijk,02/14/2019
Brugge,Ina,Vrouwelijk,02/18/2019
Vilvoorde,Soufiane,Mannelijk,02/13/2019
Bergen,Katherine,Vrouwelijk,02/26/2019
Schilde,Raymond,Mannelijk,02/19/2019
Lebbeke,Fernand,Mannelijk,02/19/2019
Sprimont,Denise,Vrouwelijk,02/23/2019
Puurs-Sint-Amands,Leon,Mannelijk,03/04/2019
Marche-en-Famenne,Béatrice,Vrouwelijk,02/20/2019
Steenokkerzeel,An,Vrouwelijk,02/22/2019
Charleroi,Vincent,Mannelijk,03/09/2019
Zinnik,Patricia,Vrouwelijk,03/12/2019
Ronse,Anita,Vrouwelijk,02/20/2019
Schaarbeek,Khadija,Vrouwelijk,02/09/2019
Diepenbeek,Thomas,Mannelijk,02/17/2019
Boechout,Marc,Mannelijk,02/21/2019
Merelbeke,Lucrèce,Vrouwelijk,02/20/2019
Poperinge,Vera,Vrouwelijk,02/20/2019
Sint-Truiden,Dirk,Mannelijk,02/20/2019
Sint-Pieters-Leeuw,Kenny,Mannelijk,02/18/2019
Jemeppe-sur-Sambre,Christian,Mannelijk,02/15/2019
Beersel,Daniel,Mannelijk,02/22/2019
Roeselare,Hilda,Vrouwelijk,02/10/2019
Viroinval,Georges,Mannelijk,02/28/2019
Morlanwelz,Carmela,Vrouwelijk,02/17/2019
Hasselt,Maxime,Mannelijk,02/19/2019
Beveren (Sint-Niklaas),Lars,Mannelijk,03/08/2019
Etterbeek,Ikram,Vrouwelijk,02/24/2019
Luik,Marianna,Vrouwelijk,02/20/2019
Olne,Denis,Mannelijk,02/21/2019
Ingelmunster,Marie,Vrouwelijk,02/25/2019
Wevelgem,Jonathan,Mannelijk,02/21/2019
Zinnik,Michel,Mannelijk,02/21/2019
Gent,Roland,Mannelijk,02/19/2019
Zoersel,Maria,Vrouwelijk,02/26/2019
Sint-Pieters-Woluwe,Elisa,Vrouwelijk,02/26/2019
Burdinne,Jean,Mannelijk,02/16/2019
Tienen,Julienne,Vrouwelijk,03/13/2019
Middelkerke,Hélène,Vrouwelijk,02/15/2019
Gent,Christine,Vrouwelijk,02/21/2019
Ninove,Frans,Mannelijk,02/26/2019
Brugge,Pascale,Vrouwelijk,03/29/2019
Charleroi,Recep,Mannelijk,02/16/2019
Opwijk,Stan,Mannelijk,02/15/2019
Brasschaat,Wouter,Mannelijk,02/19/2019
Charleroi,Ali,Mannelijk,02/08/2019
Ham-sur-Heure-Nalinnes,Jeannine,Vrouwelijk,02/26/2019
Waterloo,Philippe,Mannelijk,02/21/2019
Bergen,Grégory,Mannelijk,02/23/2019
Charleroi,Alain,Mannelijk,02/27/2019
Rijkevorsel,Mihaela,Vrouwelijk,02/10/2019
Bergen,Marie-Paule,Vrouwelijk,02/15/2019
Sint-Niklaas (Sint-Niklaas),Achraf,Mannelijk,03/08/2019
Tielt-Winge,Benny,Mannelijk,02/24/2019
Morlanwelz,Robert,Mannelijk,02/19/2019
Hoei,Jean,Mannelijk,03/04/2019
Hoei,Guillaume,Mannelijk,02/24/2019
Antwerpen,Helena,Vrouwelijk,02/15/2019
Luik,Steve,Mannelijk,02/18/2019
Etterbeek,Amina,Vrouwelijk,02/10/2019
Sint-Gillis,Artur,Mannelijk,02/27/2019
Brussel,Daniel,Mannelijk,03/03/2019
Antwerpen,Yousef,Mannelijk,02/18/2019
Zandhoven,Marleen,Vrouwelijk,02/15/2019
Sombreffe,Mireille,Vrouwelijk,02/16/2019
Maaseik,Koen,Mannelijk,02/25/2019
Gent,Charlotte,Vrouwelijk,02/21/2019
Chaumont-Gistoux,Françoise,Vrouwelijk,02/24/2019
La Louvière,Matteo,Mannelijk,02/22/2019
Gent,Talha,Mannelijk,03/08/2019
Wachtebeke,Pierre,Mannelijk,02/10/2019
Wichelen,Evi,Vrouwelijk,02/26/2019
Sint-Lievens-Houtem,Marie-Louise,Vrouwelijk,02/26/2019
Leuven,Anke,Vrouwelijk,02/24/2019
Geel,Philip,Mannelijk,02/15/2019
Zaventem,Gisèle,Vrouwelijk,03/11/2019
Turnhout,Daniel,Mannelijk,02/23/2019
Halle (Halle-Vilvoorde),Karima,Vrouwelijk,02/15/2019
Hemiksem,Kirsten,Vrouwelijk,02/13/2019
’s Gravenbrakel,Laure,Vrouwelijk,02/10/2019
Schilde,René,Mannelijk,02/23/2019
Manage,Sonia,Vrouwelijk,02/27/2019
Orp-Jauche,Céline,Vrouwelijk,02/21/2019
Kasterlee,Laurien,Vrouwelijk,02/28/2019
Kasterlee,Ludo,Mannelijk,02/16/2019
Beernem,Agnes,Vrouwelijk,02/17/2019
Heist-op-den-Berg,Sarah,Vrouwelijk,03/30/2019
Lochristi,Daan,Mannelijk,02/25/2019
Lennik,Eric,Mannelijk,02/16/2019
Antwerpen,Susan,Vrouwelijk,02/13/2019
Zottegem,Freddy,Mannelijk,02/25/2019
Anderlecht,Dominik,Mannelijk,02/14/2019
Genepiën,Patricia,Vrouwelijk,02/19/2019
Namen,Françoise,Vrouwelijk,02/16/2019
Gent,Marie,Vrouwelijk,02/08/2019
Staden,Ludo,Mannelijk,03/09/2019
Arendonk,Bo,Vrouwelijk,02/21/2019
Langemark-Poelkapelle,Lorenzo,Mannelijk,02/16/2019
Gavere,Marc,Mannelijk,02/19/2019
Kruisem,Jurgen,Mannelijk,02/20/2019
Gedinne,Dominique,Mannelijk,03/25/2019
Ardooie,Els,Vrouwelijk,02/16/2019
Elsene,Gauthier,Mannelijk,02/14/2019
Rixensart,Adam,Mannelijk,02/13/2019
Waregem,Wim,Mannelijk,02/21/2019
Pepinster,David,Mannelijk,03/01/2019
Eghezée,Victor,Mannelijk,02/10/2019
Bergen,Patrick,Mannelijk,02/22/2019
Houthalen-Helchteren,Ayman,Mannelijk,02/20/2019
Evergem,Sabine,Vrouwelijk,03/08/2019
Namen,Martine,Vrouwelijk,02/19/2019
Sint-Lambrechts-Woluwe,Aurélie,Vrouwelijk,03/01/2019
Houthalen-Helchteren,Amira,Vrouwelijk,02/25/2019
Anderlecht,Zakaria,Mannelijk,03/10/2019
Ieper,Bernard,Mannelijk,02/17/2019
Frameries,Maëva,Vrouwelijk,03/03/2019
Lommel,Jan,Mannelijk,02/19/2019
Brussel,Paraskevi,Vrouwelijk,02/11/2019
Schaarbeek,Yves,Mannelijk,02/11/2019
Geel,Maria,Vrouwelijk,02/24/2019
Namen,Kévin,Mannelijk,02/22/2019
Rotselaar,Fien,Vrouwelijk,03/07/2019
Hamois,Françoise,Vrouwelijk,02/28/2019
Weismes,Frank,Mannelijk,03/07/2019
Bergen,Julie,Vrouwelijk,02/25/2019
Herstal,Donovan,Mannelijk,03/09/2019
Genk,Chantal,Vrouwelijk,02/10/2019
Chastre,Christopher,Mannelijk,02/27/2019
Lierde,Jürgen,Mannelijk,02/21/2019
Limburg,Sophie,Vrouwelijk,03/01/2019
Gedinne,Delphine,Vrouwelijk,02/25/2019
Gent,Didier,Mannelijk,03/12/2019
Oostkamp,Finn,Mannelijk,03/11/2019
Elsene,Federica,Vrouwelijk,02/21/2019
Verviers,Jeannine,Vrouwelijk,03/09/2019
Sint-Lambrechts-Woluwe,Alain,Mannelijk,02/25/2019
Montigny-le-Tilleul,Ali,Mannelijk,02/15/2019
As,Suzanna,Vrouwelijk,02/20/2019
Leuven,Pieterjan,Mannelijk,02/11/2019
Aarlen,Patricia,Vrouwelijk,02/14/2019
Bergen,Yves,Mannelijk,03/01/2019
Bergen,Véronique,Vrouwelijk,02/17/2019
Antwerpen,Saloua,Vrouwelijk,02/16/2019
Beringen,Ivo,Mannelijk,02/28/2019
Sint-Gillis,Soufiane,Mannelijk,02/23/2019
Aarlen,Renaud,Mannelijk,02/24/2019
Antwerpen,Amir,Mannelijk,02/19/2019
Luik,Khalid,Mannelijk,02/23/2019
Retie,Geert,Mannelijk,02/18/2019
Merelbeke,Annie,Vrouwelijk,02/28/2019
Antwerpen,Ugur,Mannelijk,03/02/2019
Zuienkerke,Sandra,Vrouwelijk,02/28/2019
Kasterlee,Liene,Vrouwelijk,02/23/2019
Brugge,Ingeborg,Vrouwelijk,02/14/2019
Antwerpen,Olivier,Mannelijk,02/20/2019
Beringen,Thomas,Mannelijk,02/18/2019
Wetteren,Marleen,Vrouwelijk,02/22/2019
Bierbeek,Bram,Mannelijk,02/17/2019
Dilbeek,Christophe,Mannelijk,02/23/2019
Eigenbrakel,André,Mannelijk,02/19/2019
Keerbergen,Nathan,Mannelijk,02/25/2019
Bergen,Ali,Mannelijk,02/26/2019
Ans,Aicha,Vrouwelijk,02/17/2019
Langemark-Poelkapelle,Heidi,Vrouwelijk,02/11/2019
Dendermonde,Veerle,Vrouwelijk,02/27/2019
Kortenberg,Maria,Vrouwelijk,02/28/2019
Deinze,Felix,Mannelijk,02/14/2019
Fontaine-l’Evêque,Sonia,Vrouwelijk,02/15/2019
Ham-sur-Heure-Nalinnes,Brigitte,Vrouwelijk,02/20/2019
Engis,Stéphanie,Vrouwelijk,02/20/2019
Soumagne,Michaël,Mannelijk,02/09/2019
Willebroek,Agnes,Vrouwelijk,02/17/2019
Grimbergen,Stéphanie,Vrouwelijk,04/12/2019
Elsene,Katerina,Vrouwelijk,02/18/2019
Kalmthout,Marcus,Mannelijk,02/10/2019
De Panne,Maria,Vrouwelijk,02/16/2019
Hasselt,Gerda,Vrouwelijk,02/25/2019
Wetteren,Annie,Vrouwelijk,02/11/2019
Antwerpen,Joannes,Mannelijk,03/06/2019
Brussel,Robert,Mannelijk,03/11/2019
Aalst (Aalst),Nick,Mannelijk,02/16/2019
Sint-Katelijne-Waver,Sarah,Vrouwelijk,02/24/2019
Sint-Jans-Molenbeek,Youness,Mannelijk,02/19/2019
Affligem,Rik,Mannelijk,02/20/2019
Bergen,Leila,Vrouwelijk,02/22/2019
Lochristi,Odette,Vrouwelijk,02/22/2019
Kelmis,Philippe,Mannelijk,02/27/2019
Damme,Frank,Mannelijk,02/24/2019
Welkenraedt,Eric,Mannelijk,02/12/2019
Aat,Quentin,Mannelijk,02/25/2019
Brussel,Yousra,Vrouwelijk,02/25/2019
Hoeselt,Gertrudis,Vrouwelijk,02/13/2019
Charleroi,Béatrice,Vrouwelijk,02/24/2019
Sint-Niklaas (Sint-Niklaas),Maria,Vrouwelijk,02/28/2019
Moeskroen,Sophie,Vrouwelijk,02/15/2019
Bilzen,Margot,Vrouwelijk,02/16/2019
Wuustwezel,Lennert,Mannelijk,02/24/2019
Schaarbeek,Elzbieta,Vrouwelijk,02/15/2019
Luik,Jean-Michel,Mannelijk,02/17/2019
Jette,Pierre,Mannelijk,02/08/2019
Kruibeke,Julie,Vrouwelijk,02/20/2019
Namen,Léa,Vrouwelijk,02/27/2019
Ranst,Juliette,Vrouwelijk,03/02/2019
Anderlecht,Alfredo,Mannelijk,02/17/2019
Beringen,Anita,Vrouwelijk,02/20/2019
Antwerpen,Mimoun,Mannelijk,02/26/2019
Genk,Jamie,Mannelijk,02/16/2019
Erpe-Mere,Marcella,Vrouwelijk,02/26/2019
Brussel,Aymen,Mannelijk,02/23/2019
Herenthout,Leonie,Vrouwelijk,04/04/2019
Lanaken,Alexander,Mannelijk,02/28/2019
Charleroi,Athina,Vrouwelijk,02/15/2019
Edegem,Joanna,Vrouwelijk,02/16/2019
Jette,Imane,Vrouwelijk,02/15/2019
Brugge,Ruth,Vrouwelijk,02/15/2019
Herentals,Dave,Mannelijk,02/26/2019
Somme-Leuze,Pierre,Mannelijk,02/15/2019
Sint-Genesius-Rode,Laura,Vrouwelijk,02/18/2019
Charleroi,Rita,Vrouwelijk,02/09/2019
Liedekerke,Sarah,Vrouwelijk,02/15/2019
Herstal,Jean-Paul,Mannelijk,02/21/2019
Houffalize,Caroline,Vrouwelijk,02/26/2019
Ninove,Rani,Vrouwelijk,02/16/2019
Beernem,Axelle,Vrouwelijk,02/11/2019
Oostende,Axel,Mannelijk,02/12/2019
Fléron,Sacha,Mannelijk,02/19/2019
Heusden-Zolder,Koen,Mannelijk,02/15/2019
Schelle,Guy,Mannelijk,02/21/2019
Eghezée,Nicolas,Mannelijk,02/28/2019
Seraing,Gioachino,Mannelijk,02/11/2019
Quévy,Emma,Vrouwelijk,02/13/2019
Holsbeek,Michel,Mannelijk,02/17/2019
Bergen,Marie-Christine,Vrouwelijk,03/01/2019
Evere,Chantal,Vrouwelijk,02/20/2019
Heist-op-den-Berg,Louis,Mannelijk,02/21/2019
Raeren,Hans,Mannelijk,02/27/2019
La Bruyère,Noah,Mannelijk,02/28/2019
Kortessem,Rita,Vrouwelijk,02/08/2019
Gistel,Manon,Vrouwelijk,03/10/2019
Eghezée,Adrien,Mannelijk,02/11/2019
Lommel,Anny,Vrouwelijk,02/26/2019
Antwerpen,Mona,Vrouwelijk,02/28/2019
Aiseau-Presles,Arnaud,Mannelijk,02/19/2019
Baelen,Caroline,Vrouwelijk,02/28/2019
Tongeren,Julia,Vrouwelijk,02/16/2019
Antwerpen,Brenda,Vrouwelijk,02/26/2019
Ninove,Marie,Vrouwelijk,02/20/2019
Hemiksem,Marianne,Vrouwelijk,02/15/2019
Borgloon,Gert,Mannelijk,02/17/2019
Waterloo,Myriam,Vrouwelijk,02/27/2019
Oudergem,Piotr,Mannelijk,02/15/2019
Estaimpuis,Valentin,Mannelijk,02/19/2019
Jabbeke,Cédric,Mannelijk,02/08/2019
Seraing,Ibrahim,Mannelijk,02/19/2019
Doornik,Ewen,Mannelijk,02/27/2019
Evere,Monique,Vrouwelijk,02/21/2019
Tremelo,Patrick,Mannelijk,02/12/2019
Wielsbeke,Sabine,Vrouwelijk,02/21/2019
Charleroi,Monique,Vrouwelijk,02/18/2019
Vaux-sur-Sûre,Alexandre,Mannelijk,03/08/2019
Gent,Joanna,Vrouwelijk,02/09/2019
Vielsalm,Nicole,Vrouwelijk,02/25/2019
Retie,Jan,Mannelijk,02/18/2019
Fontaine-l’Evêque,Maria,Vrouwelijk,02/08/2019
Roeselare,Emma,Vrouwelijk,03/02/2019
Herent,Dirk,Mannelijk,02/28/2019
Binche,Ahmed,Mannelijk,02/10/2019
Bergen,Nathalie,Vrouwelijk,02/27/2019
Kapellen (Antwerpen),Laura,Vrouwelijk,02/16/2019
Binche,Louis,Mannelijk,02/24/2019
Wevelgem,An,Vrouwelijk,03/02/2019
Lier,Christiane,Vrouwelijk,02/14/2019
Antwerpen,Jakub,Mannelijk,03/05/2019
Sint-Gillis-Waas,Kamiel,Mannelijk,02/08/2019
’s Gravenbrakel,Michel,Mannelijk,02/11/2019
Kortenberg,Gerda,Vrouwelijk,03/02/2019
Morlanwelz,Jacqueline,Vrouwelijk,02/09/2019
Eghezée,Robin,Mannelijk,02/16/2019
Hasselt,Petra,Vrouwelijk,02/09/2019
Schaarbeek,Mohamed,Mannelijk,02/26/2019
Boussu,Jessica,Vrouwelijk,02/26/2019
Léglise,Antoine,Mannelijk,02/28/2019
Lessen,Thomas,Mannelijk,02/24/2019
Beringen,Björn,Mannelijk,02/28/2019
Leopoldsburg,Christoph,Mannelijk,03/06/2019
Aalst (Aalst),Renate,Vrouwelijk,03/09/2019
Brussel,Elina,Vrouwelijk,02/24/2019
Antwerpen,Hassan,Mannelijk,02/12/2019
Elsene,Paul,Mannelijk,02/19/2019
Affligem,Eliane,Vrouwelijk,02/19/2019
Herentals,Bram,Mannelijk,02/19/2019
Antwerpen,Raymond,Mannelijk,02/28/2019
Kortrijk,Johnny,Mannelijk,02/16/2019
Waterloo,Laetitia,Vrouwelijk,02/17/2019
Heers,Jasper,Mannelijk,02/13/2019
Zinnik,Jacques,Mannelijk,02/21/2019
Manage,Cécile,Vrouwelijk,02/20/2019
Antwerpen,Anouk,Vrouwelijk,02/22/2019
Duffel,Irma,Vrouwelijk,02/16/2019
Dessel,Nancy,Vrouwelijk,02/27/2019
Brussel,Christel,Vrouwelijk,02/23/2019
Court-Saint-Etienne,Frédéric,Mannelijk,02/24/2019
Ham,Frank,Mannelijk,02/18/2019
Jurbeke,Serge,Mannelijk,02/20/2019
Riemst,Patricia,Vrouwelijk,03/05/2019
Lier,Mike,Mannelijk,02/25/2019
Frasnes-lez-Anvaing,David,Mannelijk,02/22/2019
Yvoir,Alain,Mannelijk,02/17/2019
Bornem,Evelyn,Vrouwelijk,03/08/2019
Lessen,Stéphanie,Vrouwelijk,02/18/2019
Lanaken,Michelle,Vrouwelijk,02/09/2019
Melle,Joseph,Mannelijk,02/13/2019
Bergen,Sabrina,Vrouwelijk,02/18/2019
Wortegem-Petegem,Isabelle,Vrouwelijk,02/08/2019
Ottignies-Louvain-la-Neuve,Agnès,Vrouwelijk,02/13/2019
Kortenberg,Christine,Vrouwelijk,03/03/2019
Antwerpen,Jeanine,Vrouwelijk,02/17/2019
