gemeente,naam,geslacht,verwachte datum
Kontich,Wendy,Vrouwelijk,06/24/2019
Gent,Gyunay,Mannelijk,06/26/2019
Lievegem,Agnes,Vrouwelijk,06/16/2019
Dendermonde,Karine,Vrouwelijk,06/25/2019
Ichtegem,Koen,Mannelijk,07/24/2019
Wachtebeke,Carine,Vrouwelijk,06/28/2019
Torhout,Miel,Mannelijk,06/22/2019
Wezet,Christine,Vrouwelijk,06/18/2019
Moeskroen,Victor,Mannelijk,06/30/2019
Fernelmont,Roger,Mannelijk,07/27/2019
Oostende,Jonathan,Mannelijk,06/29/2019
Antwerpen,Ecrin,Vrouwelijk,06/28/2019
Gent,Daniel,Mannelijk,06/25/2019
Oudenaarde,Joppe,Mannelijk,06/22/2019
Verviers,Jacqueline,Vrouwelijk,07/01/2019
Antwerpen,Christoph,Mannelijk,06/25/2019
Hasselt,Tom,Mannelijk,07/03/2019
Ninove,Marie,Vrouwelijk,06/20/2019
Wevelgem,Dave,Mannelijk,07/08/2019
Evergem,Kjell,Mannelijk,06/24/2019
Dilbeek,Julie,Vrouwelijk,06/20/2019
Heuvelland,Mieke,Vrouwelijk,07/09/2019
Zulte,Jozef,Mannelijk,07/15/2019
Beringen,Jeroen,Mannelijk,07/05/2019
Gent,Pascale,Vrouwelijk,06/20/2019
Cerfontaine,Francine,Vrouwelijk,06/13/2019
Sambreville,Yassine,Mannelijk,06/26/2019
Mettet,Emma,Vrouwelijk,06/26/2019
Ciney,Sylvain,Mannelijk,06/18/2019
Charleroi,Jean-François,Mannelijk,06/29/2019
Kortrijk,Catherine,Vrouwelijk,06/16/2019
Sint-Pieters-Woluwe,Elena,Vrouwelijk,06/18/2019
Aywaille,Eva,Vrouwelijk,07/02/2019
Awans,Nicolas,Mannelijk,06/21/2019
Zonhoven,Lea,Vrouwelijk,06/21/2019
Beerse,Willy,Mannelijk,06/24/2019
Ans,Emilie,Vrouwelijk,06/23/2019
Anderlecht,Aya,Vrouwelijk,06/28/2019
Evergem,Sophie,Vrouwelijk,07/02/2019
Brussel,Mohammed,Mannelijk,06/17/2019
Tienen,Firmin,Mannelijk,06/24/2019
Zwevegem,Jean,Mannelijk,06/14/2019
Ieper,Yolande,Vrouwelijk,06/18/2019
Borgworm,Angélique,Vrouwelijk,07/03/2019
Vaux-sur-Sûre,Hugo,Mannelijk,06/18/2019
Koksijde,Tony,Mannelijk,06/28/2019
Sint-Katelijne-Waver,Karine,Vrouwelijk,06/21/2019
Evergem,Rita,Vrouwelijk,06/25/2019
Borgworm,Béatrice,Vrouwelijk,06/13/2019
Flémalle,Jean-Marie,Mannelijk,06/19/2019
Gembloux,Frédéric,Mannelijk,06/26/2019
Zottegem,Francine,Vrouwelijk,07/05/2019
Luik,Ferhat,Mannelijk,07/26/2019
Brussel,Djamila,Vrouwelijk,06/15/2019
Sint-Lambrechts-Woluwe,Ulysse,Mannelijk,07/02/2019
Gent,Kim,Vrouwelijk,06/23/2019
Sint-Jans-Molenbeek,Patrick,Mannelijk,06/30/2019
Ottignies-Louvain-la-Neuve,Catherine,Vrouwelijk,06/22/2019
Leuven,Jan,Mannelijk,06/23/2019
Knokke-Heist,Anne,Vrouwelijk,06/26/2019
Watermaal-Bosvoorde,Basile,Mannelijk,07/02/2019
Geel,Emiel,Mannelijk,07/15/2019
Geel,Ioan,Mannelijk,07/13/2019
Zaventem,Madeleine,Vrouwelijk,06/24/2019
Ichtegem,Céline,Vrouwelijk,06/19/2019
Namen,Luna,Vrouwelijk,07/02/2019
Kortenberg,Michel,Mannelijk,06/21/2019
Ronse,Stefaan,Mannelijk,07/01/2019
Sombreffe,Zoé,Vrouwelijk,07/10/2019
Rijkevorsel,Luna,Vrouwelijk,06/22/2019
Gouvy,Jean-Marc,Mannelijk,07/04/2019
Seneffe,Herman,Mannelijk,07/09/2019
Sint-Lambrechts-Woluwe,Omar,Mannelijk,06/25/2019
Esneux,Géraldine,Vrouwelijk,07/30/2019
Fleurus,Huguette,Vrouwelijk,06/26/2019
Hasselt,Brigitte,Vrouwelijk,06/22/2019
Juprelle,Michel,Mannelijk,06/17/2019
Bergen,Rossano,Mannelijk,06/28/2019
Antwerpen,Karl,Mannelijk,07/03/2019
Dessel,Anita,Vrouwelijk,06/18/2019
Tervuren,Renée,Vrouwelijk,06/20/2019
Antwerpen,Lili,Vrouwelijk,06/13/2019
Kruisem,Silvie,Vrouwelijk,07/03/2019
Hasselt,Lutgardis,Vrouwelijk,06/19/2019
Putte,Godelieva,Vrouwelijk,06/21/2019
Charleroi,Fatma,Vrouwelijk,06/22/2019
Beernem,Joke,Vrouwelijk,06/27/2019
Mont-Saint-Guibert,Christel,Vrouwelijk,06/23/2019
Sint-Niklaas (Sint-Niklaas),Soumaya,Vrouwelijk,06/15/2019
Gent,Francis,Mannelijk,07/02/2019
Verviers,Marie,Vrouwelijk,06/22/2019
Bocholt,Albert,Mannelijk,07/03/2019
Philippeville,Jacques,Mannelijk,06/24/2019
Kortrijk,Aziza,Vrouwelijk,06/23/2019
Leuven,Samiullah,Mannelijk,06/23/2019
Antwerpen,Chantal,Vrouwelijk,06/22/2019
Antwerpen,Michael,Mannelijk,06/20/2019
Tongeren,Lucas,Mannelijk,06/27/2019
Tremelo,Jana,Vrouwelijk,06/13/2019
Hoei,Bernadette,Vrouwelijk,06/21/2019
Schoten,Jeanne,Vrouwelijk,07/13/2019
Herve,Marie,Vrouwelijk,06/28/2019
Hasselt,Jeannine,Vrouwelijk,06/23/2019
Antwerpen,Firdaws,Vrouwelijk,06/21/2019
Oostende,Prosper,Mannelijk,06/25/2019
Villers-Le-Bouillet,Christine,Vrouwelijk,06/23/2019
Leuven,Johannes,Mannelijk,06/20/2019
Kapellen (Antwerpen),Hanne,Vrouwelijk,06/20/2019
Moorslede,Luc,Mannelijk,06/16/2019
Harelbeke,Nicolas,Mannelijk,06/22/2019
Berlare,Caroline,Vrouwelijk,07/06/2019
Knokke-Heist,Dylan,Mannelijk,07/03/2019
Graven,Aurore,Vrouwelijk,06/21/2019
Hasselt,Hilde,Vrouwelijk,06/27/2019
Ichtegem,Sabine,Vrouwelijk,06/27/2019
Oupeye,Jérôme,Mannelijk,06/22/2019
Antwerpen,Alicia,Vrouwelijk,06/15/2019
Duffel,Sven,Mannelijk,07/09/2019
Charleroi,Myriam,Vrouwelijk,07/06/2019
Charleroi,Marie-France,Vrouwelijk,08/08/2019
Hotton,Christine,Vrouwelijk,06/23/2019
Oostkamp,Joyce,Vrouwelijk,06/27/2019
Moeskroen,Florian,Mannelijk,06/19/2019
Wetteren,Laura,Vrouwelijk,06/29/2019
La Louvière,Anna,Vrouwelijk,06/23/2019
Tielt (Tielt),Christiaan,Mannelijk,06/16/2019
Hamme (Dendermonde),Melissa,Vrouwelijk,06/18/2019
Lasne,Isabelle,Vrouwelijk,06/17/2019
Elsene,Abdoulaye,Mannelijk,06/25/2019
Elsene,Mariam,Vrouwelijk,06/28/2019
Scherpenheuvel-Zichem,Jan,Mannelijk,06/21/2019
Seraing,Nassim,Mannelijk,06/28/2019
Izegem,Aurélie,Vrouwelijk,06/19/2019
Schaarbeek,Mohamed,Mannelijk,06/23/2019
Laakdal,Eduard,Mannelijk,06/26/2019
Antwerpen,Asya,Vrouwelijk,07/02/2019
Bergen,Monique,Vrouwelijk,06/13/2019
Leopoldsburg,Guido,Mannelijk,06/19/2019
Doornik,Mathieu,Mannelijk,07/03/2019
Erezée,Nicolas,Mannelijk,06/25/2019
Waregem,Maria,Vrouwelijk,06/18/2019
Oud-Turnhout,Monica,Vrouwelijk,07/02/2019
Aarlen,Yvette,Vrouwelijk,06/17/2019
Brugge,Hendrika,Vrouwelijk,06/19/2019
Frameries,Myriam,Vrouwelijk,07/08/2019
Staden,Kathy,Vrouwelijk,06/26/2019
Perwijs (Nijvel),Nelly,Vrouwelijk,06/13/2019
Charleroi,Joseph,Mannelijk,06/25/2019
Edingen,Jonathan,Mannelijk,07/03/2019
Gent,Sana,Vrouwelijk,07/05/2019
Boechout,Jan,Mannelijk,06/24/2019
Nieuwpoort,Roland,Mannelijk,06/13/2019
Watermaal-Bosvoorde,Gérard,Mannelijk,07/12/2019
Sint-Lambrechts-Woluwe,Christiane,Vrouwelijk,07/02/2019
Kinrooi,Gertruda,Vrouwelijk,06/22/2019
Heist-op-den-Berg,Lynn,Vrouwelijk,06/24/2019
Poperinge,Rita,Vrouwelijk,07/14/2019
Montigny-le-Tilleul,Françoise,Vrouwelijk,06/26/2019
Oudergem,Pedro,Mannelijk,06/22/2019
Waterloo,Marc,Mannelijk,06/14/2019
Pittem,Petra,Vrouwelijk,06/20/2019
Brecht,Patrick,Mannelijk,06/21/2019
Lessen,Alain,Mannelijk,07/01/2019
Gent,Domien,Mannelijk,07/07/2019
Sint-Katelijne-Waver,Renske,Vrouwelijk,08/12/2019
Charleroi,Jocelyne,Vrouwelijk,06/20/2019
Zele,Bernadette,Vrouwelijk,07/03/2019
Beloeil,Annie,Vrouwelijk,06/18/2019
Gent,Rino,Mannelijk,06/26/2019
Zonnebeke,Sonja,Vrouwelijk,07/18/2019
Sint-Lambrechts-Woluwe,Olivier,Mannelijk,06/20/2019
Leuven,Ann,Vrouwelijk,06/30/2019
Tremelo,Brent,Mannelijk,06/25/2019
Doornik,Ludovic,Mannelijk,06/17/2019
Ukkel,Dahlia,Vrouwelijk,06/22/2019
Heist-op-den-Berg,Geert,Mannelijk,07/01/2019
Mortsel,Eline,Vrouwelijk,06/25/2019
Dinant,Joëlle,Vrouwelijk,06/26/2019
Orp-Jauche,Delphine,Vrouwelijk,06/19/2019
Habay,Pauline,Vrouwelijk,06/23/2019
Chapelle-lez-Herlaimont,Willy,Mannelijk,07/15/2019
Gent,Hubert,Mannelijk,06/17/2019
Hoogstraten,Maria,Vrouwelijk,07/14/2019
Houthalen-Helchteren,Gitte,Vrouwelijk,06/28/2019
Elsene,Bertrand,Mannelijk,06/27/2019
Pelt,Lydia,Vrouwelijk,06/21/2019
Alken,Niels,Mannelijk,06/23/2019
Paliseul,Monique,Vrouwelijk,06/15/2019
Oud-Heverlee,André,Mannelijk,06/23/2019
Dison,Hubert,Mannelijk,06/13/2019
Eigenbrakel,Killian,Mannelijk,06/15/2019
La Louvière,Isabelle,Vrouwelijk,06/25/2019
Schilde,Lydia,Vrouwelijk,06/22/2019
Doornik,Ismaël,Mannelijk,06/30/2019
Leuven,Louise,Vrouwelijk,06/19/2019
Kortenaken,Jan,Mannelijk,07/15/2019
Tienen,David,Mannelijk,06/20/2019
Beveren (Sint-Niklaas),Eveline,Vrouwelijk,07/02/2019
Aat,Florine,Vrouwelijk,06/16/2019
Lochristi,Finn,Mannelijk,07/03/2019
Amay,Sabrina,Vrouwelijk,06/24/2019
Stekene,Katrijn,Vrouwelijk,06/22/2019
Aalter,Thomas,Mannelijk,07/01/2019
Sint-Truiden,Leon,Mannelijk,06/28/2019
Wachtebeke,Marc,Mannelijk,06/21/2019
Lint,Joseph,Mannelijk,06/28/2019
Antwerpen,Sara,Vrouwelijk,06/21/2019
Schoten,Jeannine,Vrouwelijk,07/04/2019
Waasmunster,Pieter,Mannelijk,07/15/2019
Deinze,Finn,Mannelijk,06/20/2019
Keerbergen,Christel,Vrouwelijk,06/21/2019
Wichelen,Lennert,Mannelijk,06/19/2019
Frameries,Patrice,Mannelijk,06/15/2019
Oostende,Luana,Vrouwelijk,06/25/2019
Oostkamp,Nina,Vrouwelijk,06/21/2019
Bredene,Nadine,Vrouwelijk,06/15/2019
La Louvière,Mara,Vrouwelijk,06/17/2019
Kortrijk,Marleen,Vrouwelijk,06/23/2019
Luik,Lina,Vrouwelijk,07/01/2019
Antwerpen,Christina,Vrouwelijk,07/02/2019
Courcelles,Andrea,Mannelijk,06/26/2019
Quiévrain,Aurore,Vrouwelijk,07/01/2019
Gent,Emre,Mannelijk,06/18/2019
Jette,Oana,Vrouwelijk,06/27/2019
Oudergem,Margot,Vrouwelijk,07/10/2019
Bree,Vincent,Mannelijk,07/05/2019
Charleroi,Rita,Vrouwelijk,06/25/2019
Sint-Pieters-Leeuw,Robin,Mannelijk,07/02/2019
Sint-Niklaas (Sint-Niklaas),Annette,Vrouwelijk,07/13/2019
Bergen,David,Mannelijk,06/24/2019
Brussel,Gabriel,Mannelijk,07/03/2019
Vorst (Brussel-Hoofdstad),Mohammed,Mannelijk,06/27/2019
Quaregnon,William,Mannelijk,07/07/2019
Liedekerke,Nina,Vrouwelijk,07/11/2019
Villers-la-Ville,Fabrice,Mannelijk,07/06/2019
Antwerpen,Eric,Mannelijk,06/30/2019
Seraing,Daniel,Mannelijk,06/30/2019
Brussel,Malik,Mannelijk,06/30/2019
Bocholt,Johanna,Vrouwelijk,06/25/2019
Sambreville,Giovanna,Vrouwelijk,06/22/2019
Sint-Jans-Molenbeek,Hicham,Mannelijk,06/25/2019
Waterloo,Marine,Vrouwelijk,07/03/2019
Antwerpen,Charlotte,Vrouwelijk,06/15/2019
Opwijk,Elke,Vrouwelijk,08/10/2019
Waterloo,Nelson,Mannelijk,06/24/2019
Koksijde,Bruno,Mannelijk,06/26/2019
Verviers,Jules,Mannelijk,06/24/2019
Dinant,Jeannine,Vrouwelijk,06/18/2019
Aalst (Aalst),Lize,Vrouwelijk,07/14/2019
Blegny,Michael,Mannelijk,07/06/2019
Brussel,Mayssa,Vrouwelijk,07/01/2019
Ieper,Pascal,Mannelijk,06/14/2019
Leuven,Charlotte,Vrouwelijk,07/03/2019
Brugge,Xander,Mannelijk,07/03/2019
Gent,Dirk,Mannelijk,06/27/2019
Brunehaut,Edouard,Mannelijk,06/24/2019
Zoersel,Irena,Vrouwelijk,07/09/2019
Willebroek,Bryan,Mannelijk,06/26/2019
Huldenberg,Laura,Vrouwelijk,06/30/2019
Sint-Genesius-Rode,Jérôme,Mannelijk,06/29/2019
Oud-Turnhout,An,Vrouwelijk,06/15/2019
Eigenbrakel,Mélissa,Vrouwelijk,06/29/2019
Antwerpen,Joanna,Vrouwelijk,08/17/2019
Schaarbeek,Christiane,Vrouwelijk,06/15/2019
Mont-Saint-Guibert,Anne-Marie,Vrouwelijk,06/21/2019
Quiévrain,Isabelle,Vrouwelijk,06/27/2019
Pelt,Anke,Vrouwelijk,06/24/2019
Bergen,Natalina,Vrouwelijk,07/04/2019
Verviers,Zahra,Vrouwelijk,08/14/2019
Brugge,Violette,Vrouwelijk,06/18/2019
Moerbeke (Gent),Kris,Mannelijk,06/26/2019
Oostende,Francine,Vrouwelijk,07/11/2019
Sint-Jans-Molenbeek,Mohamed,Mannelijk,06/30/2019
Berlaar,Maria,Vrouwelijk,06/25/2019
Destelbergen,Kristof,Mannelijk,06/29/2019
Bouillon,Eloïse,Vrouwelijk,06/16/2019
Boom,Frank,Mannelijk,06/26/2019
Edegem,Marthe,Vrouwelijk,06/20/2019
Stekene,Olivier,Mannelijk,06/28/2019
Temse,Danny,Mannelijk,07/16/2019
Profondeville,Alain,Mannelijk,07/02/2019
Affligem,Dominique,Vrouwelijk,06/25/2019
Oudergem,Catherine,Vrouwelijk,07/02/2019
Anderlecht,Ahmed,Mannelijk,06/22/2019
Schaarbeek,Ahmet,Mannelijk,07/01/2019
Oudenaarde,Véronique,Vrouwelijk,06/21/2019
Aarschot,Marcel,Mannelijk,06/21/2019
Beringen,Fien,Vrouwelijk,06/23/2019
Virton,Jérôme,Mannelijk,07/01/2019
Court-Saint-Etienne,Julien,Mannelijk,06/20/2019
Antwerpen,Myriam,Vrouwelijk,06/28/2019
’s Gravenbrakel,Laurence,Vrouwelijk,06/13/2019
Roeselare,Ward,Mannelijk,06/29/2019
Herent,Michiel,Mannelijk,06/24/2019
Malle,Guido,Mannelijk,06/26/2019
Anderlecht,Ilyas,Mannelijk,06/23/2019
Malmedy,Chloé,Vrouwelijk,06/20/2019
Zaventem,Lucie,Vrouwelijk,06/25/2019
La Louvière,Giuseppina,Vrouwelijk,06/16/2019
Pecq,Manon,Vrouwelijk,06/15/2019
Raeren,Walter,Mannelijk,06/22/2019
Ans,Giuseppe,Mannelijk,06/22/2019
Evergem,Eva,Vrouwelijk,07/16/2019
Wervik,Khadija,Vrouwelijk,07/13/2019
Liedekerke,Maria,Vrouwelijk,06/26/2019
Oudergem,Hervé,Mannelijk,06/30/2019
Boortmeerbeek,Michelle,Vrouwelijk,06/29/2019
Wellen,Katrien,Vrouwelijk,06/25/2019
Tienen,François,Mannelijk,06/30/2019
Herk-de-Stad,Davy,Mannelijk,08/10/2019
Oostende,Stephen,Mannelijk,06/21/2019
Denderleeuw,Lutgart,Vrouwelijk,06/26/2019
Attert,Yvette,Vrouwelijk,07/07/2019
Willebroek,Marc,Mannelijk,08/18/2019
Anderlecht,Georgette,Vrouwelijk,06/24/2019
Brugge,Anna,Vrouwelijk,06/23/2019
Berlaar,Gerry,Mannelijk,06/30/2019
Ronse,Samira,Vrouwelijk,06/22/2019
Moeskroen,André,Mannelijk,08/07/2019
Poperinge,Ben,Mannelijk,07/02/2019
Dessel,Irène,Vrouwelijk,06/30/2019
Ravels,Bernardus,Mannelijk,06/17/2019
