gemeente,naam,geslacht,verwachte datum
Profondeville,Emma,Vrouwelijk,02/04/2019
Luik,Fernande,Vrouwelijk,01/27/2019
Kortrijk,Tine,Vrouwelijk,02/17/2019
Verviers,Vinciane,Vrouwelijk,01/31/2019
Namen,Alexandre,Mannelijk,01/29/2019
Engis,Olivier,Mannelijk,01/28/2019
Elsene,Roland,Mannelijk,01/27/2019
Luik,Dominique,Vrouwelijk,02/09/2019
Brussel,Carl,Mannelijk,02/02/2019
Gembloux,Tom,Mannelijk,01/29/2019
Luik,Marija,Vrouwelijk,01/29/2019
Beyne-Heusay,Sandra,Vrouwelijk,02/16/2019
Ukkel,Quentin,Mannelijk,01/25/2019
Antwerpen,Aloïs,Mannelijk,01/27/2019
Ninove,Bram,Mannelijk,01/21/2019
Edingen,Paul,Mannelijk,02/01/2019
Mechelen,Kelly,Vrouwelijk,02/19/2019
Herent,Anne,Vrouwelijk,02/16/2019
Herstal,Christophe,Mannelijk,01/31/2019
Ans,Marie,Vrouwelijk,01/24/2019
Merelbeke,Antoine,Mannelijk,01/29/2019
Lommel,Guy,Mannelijk,02/02/2019
Wemmel,Monique,Vrouwelijk,02/09/2019
Antwerpen,Gerda,Vrouwelijk,01/27/2019
Doornik,Anne-Marie,Vrouwelijk,01/23/2019
Weismes,Johanna,Vrouwelijk,01/23/2019
Viroinval,Gisèle,Vrouwelijk,01/27/2019
Wanze,Léa,Vrouwelijk,02/03/2019
Charleroi,Lina,Vrouwelijk,03/23/2019
Charleroi,Alfonso,Mannelijk,01/27/2019
Schaarbeek,Laurence,Vrouwelijk,02/07/2019
Oostende,Emile,Mannelijk,01/31/2019
Marche-en-Famenne,Mila,Vrouwelijk,01/27/2019
Morlanwelz,Eddy,Mannelijk,02/05/2019
Brussel,Anas,Mannelijk,02/08/2019
Antwerpen,Elisabeth,Vrouwelijk,01/28/2019
La Louvière,Xavier,Mannelijk,01/23/2019
Rochefort,Maxime,Mannelijk,02/04/2019
Antwerpen,Leen,Vrouwelijk,02/05/2019
Puurs-Sint-Amands,Nancy,Vrouwelijk,02/03/2019
Kalmthout,Gert,Mannelijk,03/20/2019
Ottignies-Louvain-la-Neuve,Fabian,Mannelijk,02/07/2019
Vilvoorde,Katty,Vrouwelijk,02/03/2019
Evergem,Ronny,Mannelijk,02/05/2019
Genk,Kristel,Vrouwelijk,02/01/2019
Seraing,Steve,Mannelijk,01/27/2019
Eeklo,Noël,Mannelijk,01/25/2019
Perwijs (Nijvel),Lola,Vrouwelijk,01/29/2019
Merelbeke,Alexander,Mannelijk,01/26/2019
Brugge,Rita,Vrouwelijk,01/30/2019
Fauvillers,Zoé,Vrouwelijk,01/31/2019
Zaventem,Paul,Mannelijk,01/22/2019
Seraing,Sara,Vrouwelijk,02/08/2019
Zaventem,Marianne,Vrouwelijk,01/29/2019
Manage,Dorothée,Vrouwelijk,02/08/2019
Saint-Nicolas (Luik),Bryan,Mannelijk,02/05/2019
Attert,Lucien,Mannelijk,02/07/2019
Tienen,Liesl,Vrouwelijk,02/21/2019
Moeskroen,Frédéric,Mannelijk,01/31/2019
Kraainem,Sandrine,Vrouwelijk,01/22/2019
Paliseul,Alexandre,Mannelijk,01/24/2019
Péruwelz,Ethan,Mannelijk,01/26/2019
Quaregnon,Marie,Vrouwelijk,01/21/2019
Maldegem,Mieke,Vrouwelijk,02/07/2019
Tinlot,Jérémy,Mannelijk,02/01/2019
Oostkamp,Vanessa,Vrouwelijk,01/29/2019
Chaudfontaine,Jules,Mannelijk,01/25/2019
Binche,Stephane,Mannelijk,02/03/2019
Merelbeke,Jean,Mannelijk,01/20/2019
Antwerpen,Merel,Vrouwelijk,01/22/2019
Kortenberg,Myriam,Vrouwelijk,02/01/2019
Antwerpen,Irène,Vrouwelijk,01/28/2019
Sint-Lambrechts-Woluwe,Alain,Mannelijk,01/25/2019
Soumagne,Sarah,Vrouwelijk,02/03/2019
Vorst (Brussel-Hoofdstad),Luigi,Mannelijk,03/15/2019
Hannuit,Auguste,Mannelijk,02/01/2019
Oupeye,Yves,Mannelijk,02/07/2019
Eupen,Maria,Vrouwelijk,03/25/2019
Merelbeke,Sofie,Vrouwelijk,02/03/2019
Lommel,Diana,Vrouwelijk,02/02/2019
Sint-Niklaas (Sint-Niklaas),Laura,Vrouwelijk,01/27/2019
Schaarbeek,Dina,Vrouwelijk,01/27/2019
Antwerpen,Achraf,Mannelijk,01/27/2019
Hoei,Nadine,Vrouwelijk,02/09/2019
Orp-Jauche,Guy,Mannelijk,01/26/2019
Chapelle-lez-Herlaimont,Sara,Vrouwelijk,02/02/2019
Raeren,Roswitha,Vrouwelijk,02/06/2019
Luik,David,Mannelijk,01/23/2019
Gent,Dirk,Mannelijk,02/01/2019
Leuven,Hajar,Vrouwelijk,02/20/2019
Brussel,Martin,Mannelijk,02/11/2019
Lochristi,Luc,Mannelijk,02/03/2019
Spa,Johan,Mannelijk,02/01/2019
Malle,Maria,Vrouwelijk,02/13/2019
Retie,Marthe,Vrouwelijk,02/23/2019
Nandrin,Valérie,Vrouwelijk,01/24/2019
Waregem,Sebastien,Mannelijk,02/22/2019
Waregem,Marthe,Vrouwelijk,01/28/2019
Brussel,Ranya,Vrouwelijk,01/21/2019
Nijlen,Evi,Vrouwelijk,02/08/2019
Modave,Marie,Vrouwelijk,01/26/2019
Aalst (Aalst),Nick,Mannelijk,02/03/2019
Fosses-la-Ville,Samuel,Mannelijk,02/11/2019
Sint-Jans-Molenbeek,Mohamed,Mannelijk,01/29/2019
Thuin,Philippe,Mannelijk,02/09/2019
Antwerpen,Bert,Mannelijk,01/29/2019
Ingelmunster,Marie,Vrouwelijk,01/27/2019
Grobbendonk,Ingeborg,Vrouwelijk,01/20/2019
Kortrijk,Norbert,Mannelijk,01/30/2019
Alken,Ghislaine,Vrouwelijk,02/20/2019
Houthalen-Helchteren,Murat,Mannelijk,01/20/2019
Charleroi,Thierry,Mannelijk,02/07/2019
Staden,Karen,Vrouwelijk,02/09/2019
Antoing,Martin,Mannelijk,02/15/2019
Merbes-le-Château,Christophe,Mannelijk,01/29/2019
Zottegem,Kevin,Mannelijk,01/24/2019
Habay,Aurélien,Mannelijk,02/08/2019
Villers-Le-Bouillet,Théo,Mannelijk,02/02/2019
Hasselt,Sem,Mannelijk,02/05/2019
Lommel,Godelieve,Vrouwelijk,01/28/2019
Antwerpen,Mehmet,Mannelijk,01/20/2019
Sint-Joost-ten-Node,Fatima,Vrouwelijk,01/29/2019
Lebbeke,Kris,Mannelijk,02/20/2019
Ham,Sofie,Vrouwelijk,02/07/2019
Oostende,Katrien,Vrouwelijk,02/20/2019
Ninove,Eddy,Mannelijk,01/29/2019
Oudenburg,Michiel,Mannelijk,02/05/2019
Saint-Nicolas (Luik),Damien,Mannelijk,02/01/2019
Vorst (Brussel-Hoofdstad),Oscar,Mannelijk,02/02/2019
Oudergem,Cécile,Vrouwelijk,02/18/2019
Eupen,Margaretha,Vrouwelijk,01/24/2019
Courcelles,Gaëlle,Vrouwelijk,01/27/2019
Tielt-Winge,Annie,Vrouwelijk,02/06/2019
Antwerpen,Bertha,Vrouwelijk,02/06/2019
Antwerpen,Nicoleta,Vrouwelijk,02/07/2019
Herent,Ellen,Vrouwelijk,02/02/2019
Sint-Lievens-Houtem,Daan,Mannelijk,01/30/2019
Lommel,Elisabeth,Vrouwelijk,03/02/2019
Waver,Carine,Vrouwelijk,01/27/2019
Ronse,Jean,Mannelijk,02/03/2019
Vilvoorde,Lila,Vrouwelijk,02/06/2019
Ichtegem,Kyano,Mannelijk,02/08/2019
Couvin,Jacques,Mannelijk,01/27/2019
Kapellen (Antwerpen),Carine,Vrouwelijk,02/04/2019
Sint-Laureins,Gino,Mannelijk,02/05/2019
La Bruyère,Gilbert,Mannelijk,01/29/2019
Zedelgem,Florian,Mannelijk,02/11/2019
Moeskroen,Anthony,Mannelijk,02/03/2019
Brussel,Sebastien,Mannelijk,02/03/2019
Ieper,Anita,Vrouwelijk,02/08/2019
Willebroek,Jan,Mannelijk,02/01/2019
Aalst (Aalst),Herman,Mannelijk,01/22/2019
Sint-Gillis-Waas,Robert,Mannelijk,01/30/2019
Charleroi,Mathéo,Mannelijk,01/30/2019
Lommel,Christianne,Vrouwelijk,02/05/2019
Gent,Herbert,Mannelijk,02/08/2019
Amay,Raymonde,Vrouwelijk,01/31/2019
Aalst (Aalst),Jean,Mannelijk,02/13/2019
Perwijs (Nijvel),Chloé,Vrouwelijk,01/27/2019
Bilzen,Tim,Mannelijk,01/30/2019
Ohey,Arnaud,Mannelijk,01/29/2019
Antwerpen,Wei,Vrouwelijk,02/18/2019
Walhain,Laetitia,Vrouwelijk,02/18/2019
Sint-Pieters-Leeuw,Edmond,Mannelijk,02/23/2019
Gistel,Hilda,Vrouwelijk,01/28/2019
Zemst,Ferre,Mannelijk,01/28/2019
Bergen,Yvonne,Vrouwelijk,01/28/2019
Charleroi,Abderrahmane,Mannelijk,03/27/2019
Ottignies-Louvain-la-Neuve,Rudi,Mannelijk,02/02/2019
Tienen,Kris,Mannelijk,01/21/2019
Beringen,Bayram,Mannelijk,01/27/2019
Gent,Sofie,Vrouwelijk,02/17/2019
Charleroi,Victoria,Vrouwelijk,01/31/2019
Anhée,Anthony,Mannelijk,01/28/2019
Sint-Niklaas (Sint-Niklaas),Lina,Vrouwelijk,02/06/2019
Zonnebeke,Michiel,Mannelijk,01/29/2019
Heusden-Zolder,Laurens,Mannelijk,01/22/2019
Yvoir,Jean-Michel,Mannelijk,01/21/2019
Roeselare,Linda,Vrouwelijk,02/15/2019
Schaarbeek,Fanny,Vrouwelijk,01/27/2019
Roeselare,Anne-Marie,Vrouwelijk,02/04/2019
Kortrijk,Valerie,Vrouwelijk,02/02/2019
Beloeil,Laetitia,Vrouwelijk,01/21/2019
Borgworm,Patrice,Mannelijk,01/24/2019
Heist-op-den-Berg,Dirk,Mannelijk,02/01/2019
Beveren (Sint-Niklaas),David,Mannelijk,01/29/2019
Verviers,Louis,Mannelijk,01/26/2019
Geraardsbergen,Robbe,Mannelijk,01/28/2019
Maasmechelen,Carlo,Mannelijk,02/08/2019
Luik,Antonio,Mannelijk,01/20/2019
Rebecq,Alex,Mannelijk,02/09/2019
Kruibeke,Ingrid,Vrouwelijk,01/29/2019
Courcelles,Rocco,Mannelijk,02/05/2019
Chaumont-Gistoux,Patricia,Vrouwelijk,01/31/2019
Westerlo,Jitse,Vrouwelijk,01/25/2019
Sint-Gillis,Halima,Vrouwelijk,02/01/2019
Sint-Truiden,Lisette,Vrouwelijk,02/14/2019
Anderlecht,Assia,Vrouwelijk,01/24/2019
Sint-Pieters-Leeuw,Mohammed,Mannelijk,01/20/2019
Zandhoven,Yoni,Vrouwelijk,02/01/2019
Luik,Dominique,Mannelijk,01/29/2019
Antwerpen,Delano,Mannelijk,01/30/2019
Waregem,Jeroen,Mannelijk,01/31/2019
Beersel,Thomas,Mannelijk,01/27/2019
Menen,Hélène,Vrouwelijk,01/27/2019
Hotton,Frédéric,Mannelijk,02/03/2019
Courcelles,Deborah,Vrouwelijk,02/04/2019
Brugge,Ibrahim,Mannelijk,02/06/2019
Roeselare,Marc,Mannelijk,02/11/2019
Roosdaal,Luna,Vrouwelijk,01/30/2019
Watermaal-Bosvoorde,Jonathan,Mannelijk,01/24/2019
Roeselare,Tom,Mannelijk,02/21/2019
Neupré,Marie,Vrouwelijk,01/30/2019
Morlanwelz,Carl,Mannelijk,01/31/2019
Antwerpen,Monique,Vrouwelijk,02/05/2019
Sint-Pieters-Leeuw,Nathan,Mannelijk,01/25/2019
Antwerpen,Jelle,Mannelijk,01/28/2019
Lier,Sonja,Vrouwelijk,02/16/2019
Ichtegem,Willem,Mannelijk,02/08/2019
Koekelare,Christiana,Vrouwelijk,02/06/2019
Charleroi,Paulette,Vrouwelijk,01/27/2019
Anzegem,Lindsey,Vrouwelijk,02/23/2019
Antwerpen,Marion,Vrouwelijk,02/02/2019
Peer,Martinus,Mannelijk,01/30/2019
Vilvoorde,Amina,Vrouwelijk,02/05/2019
Eigenbrakel,Florence,Vrouwelijk,01/31/2019
Asse,Mathieu,Mannelijk,02/13/2019
Balen,Yannick,Mannelijk,02/10/2019
Heusden-Zolder,Henri,Mannelijk,02/23/2019
Antwerpen,Jessica,Vrouwelijk,02/08/2019
Mechelen,Josepha,Vrouwelijk,02/13/2019
Eupen,Marie,Vrouwelijk,03/23/2019
Herk-de-Stad,Daniel,Mannelijk,02/13/2019
Brecht,Dirk,Mannelijk,02/18/2019
Esneux,Thibaut,Mannelijk,01/26/2019
Bonheiden,Margot,Vrouwelijk,02/01/2019
Aalter,Matthias,Mannelijk,02/09/2019
Aalst (Aalst),Louise,Vrouwelijk,01/29/2019
Mol,Ismail,Mannelijk,01/26/2019
Borgworm,Marie,Vrouwelijk,01/30/2019
Bertogne,Philippe,Mannelijk,02/01/2019
Moerbeke (Gent),Nicole,Vrouwelijk,01/20/2019
Heers,Ludo,Mannelijk,01/23/2019
Kontich,Tom,Mannelijk,02/19/2019
Antwerpen,Halina,Vrouwelijk,01/31/2019
Mettet,Maxence,Mannelijk,02/10/2019
Orp-Jauche,Vincent,Mannelijk,01/30/2019
Gent,Julio,Mannelijk,01/28/2019
Charleroi,Mimoun,Mannelijk,02/01/2019
Gent,Sarah,Vrouwelijk,01/27/2019
Koksijde,Sophie,Vrouwelijk,01/23/2019
Seraing,Nassim,Mannelijk,02/22/2019
Montigny-le-Tilleul,Astrid,Vrouwelijk,01/24/2019
Sint-Truiden,Joseph,Mannelijk,01/26/2019
Awans,Corentin,Mannelijk,01/29/2019
Ukkel,Jason,Mannelijk,01/27/2019
Mechelen,Monique,Vrouwelijk,02/09/2019
Saint-Ghislain,Axel,Mannelijk,02/07/2019
Virton,Emilie,Vrouwelijk,01/20/2019
Tongeren,Gilberte,Vrouwelijk,02/05/2019
Kortenberg,Jacqueline,Vrouwelijk,02/20/2019
Beaumont,Léa,Vrouwelijk,01/24/2019
Etterbeek,Agnès,Vrouwelijk,02/14/2019
Aarlen,Lou,Vrouwelijk,03/10/2019
Geraardsbergen,Rita,Vrouwelijk,01/20/2019
Genk,Belgin,Vrouwelijk,01/31/2019
Willebroek,Jozefien,Vrouwelijk,01/24/2019
Herve,Isabelle,Vrouwelijk,02/04/2019
Sint-Truiden,Michel,Mannelijk,02/03/2019
Harelbeke,Dieter,Mannelijk,02/02/2019
Kapellen (Antwerpen),Yves,Mannelijk,02/12/2019
Beaumont,Marie,Vrouwelijk,01/20/2019
Elsene,Janine,Vrouwelijk,02/03/2019
Sint-Niklaas (Sint-Niklaas),Els,Vrouwelijk,02/23/2019
Asse,Gabriela,Vrouwelijk,02/07/2019
Dour,Nina,Vrouwelijk,01/27/2019
Antwerpen,Stephan,Mannelijk,01/30/2019
Binche,Aaron,Mannelijk,01/25/2019
Aalst (Aalst),Yoran,Mannelijk,02/05/2019
Welkenraedt,José,Mannelijk,01/21/2019
Herve,Johnny,Mannelijk,02/01/2019
Halle (Halle-Vilvoorde),Els,Vrouwelijk,02/01/2019
Bilzen,Nadine,Vrouwelijk,02/22/2019
Halle (Halle-Vilvoorde),Sharon,Vrouwelijk,02/05/2019
Eupen,Muhammad,Mannelijk,02/10/2019
Landen,Omer,Mannelijk,02/18/2019
Genk,Dirk,Mannelijk,02/03/2019
Antwerpen,Nyima,Mannelijk,01/29/2019
Donceel,Sophie,Vrouwelijk,02/03/2019
Antwerpen,Lafdil,Mannelijk,01/29/2019
La Louvière,Franca,Vrouwelijk,01/27/2019
Jette,Noureddine,Mannelijk,02/07/2019
Saint-Nicolas (Luik),Asya,Vrouwelijk,02/01/2019
Essen,Ronald,Mannelijk,02/11/2019
Gistel,Bjorn,Mannelijk,01/30/2019
Antwerpen,Steven,Mannelijk,01/27/2019
Turnhout,Wim,Mannelijk,01/27/2019
Montigny-le-Tilleul,Albert,Mannelijk,01/22/2019
Gent,Elise,Vrouwelijk,02/02/2019
Charleroi,Gerlando,Mannelijk,02/05/2019
Couvin,Freddy,Mannelijk,02/23/2019
Gent,Mohamed,Mannelijk,01/20/2019
Chaumont-Gistoux,Renaud,Mannelijk,02/05/2019
Scherpenheuvel-Zichem,Roger,Mannelijk,01/30/2019
Malmedy,Justin,Mannelijk,01/28/2019
Sint-Pieters-Leeuw,Liesbet,Vrouwelijk,01/23/2019
Turnhout,Godelieve,Vrouwelijk,02/19/2019
Sambreville,Thomas,Mannelijk,01/22/2019
Bastenaken,Valérie,Vrouwelijk,01/24/2019
Herve,Sébastien,Mannelijk,02/13/2019
Chièvres,Nathan,Mannelijk,02/08/2019
Profondeville,Christine,Vrouwelijk,02/22/2019
Antwerpen,Abdelhamid,Mannelijk,01/29/2019
Ieper,Walther,Mannelijk,02/18/2019
Zwevegem,Annelies,Vrouwelijk,02/16/2019
Saint-Nicolas (Luik),Debora,Vrouwelijk,02/01/2019
Duffel,Olivier,Mannelijk,02/09/2019
Roeselare,Roger,Mannelijk,01/28/2019
Zinnik,Yasmine,Vrouwelijk,01/21/2019
