gemeente,naam,geslacht,verwachte datum
Oostende,Gustave,Mannelijk,09/16/2019
Koekelberg,Yamina,Vrouwelijk,09/30/2019
Lasne,Roland,Mannelijk,09/21/2019
Nijvel,Nathalie,Vrouwelijk,09/30/2019
Kapellen (Antwerpen),Ronny,Mannelijk,09/26/2019
Bütgenbach,Tanja,Vrouwelijk,09/10/2019
Mechelen,Allal,Mannelijk,09/30/2019
Lokeren,Elisa,Vrouwelijk,09/13/2019
Antwerpen,Sam,Vrouwelijk,09/14/2019
Verviers,Albert,Mannelijk,09/13/2019
Ronse,Glenn,Mannelijk,10/01/2019
Grimbergen,Magdalena,Vrouwelijk,09/19/2019
Ieper,Francky,Mannelijk,09/25/2019
Watermaal-Bosvoorde,Audrey,Vrouwelijk,09/10/2019
Verviers,Dominique,Mannelijk,09/16/2019
Ingelmunster,Liesbeth,Vrouwelijk,10/08/2019
Bornem,Tom,Mannelijk,09/23/2019
Oudergem,Michael,Mannelijk,09/25/2019
Nieuwpoort,Françoise,Vrouwelijk,09/15/2019
Olen,Suzanna,Vrouwelijk,10/06/2019
Maasmechelen,Ornella,Vrouwelijk,10/31/2019
Ninove,Jean-Paul,Mannelijk,10/19/2019
Anderlecht,Ahmed,Mannelijk,09/28/2019
Hotton,Bernard,Mannelijk,10/06/2019
Lede,Herman,Mannelijk,10/10/2019
Hoeilaart,Sophie,Vrouwelijk,10/03/2019
Gent,El,Mannelijk,09/22/2019
Binche,Roman,Mannelijk,09/20/2019
Jabbeke,Ingeborg,Vrouwelijk,09/16/2019
Ganshoren,Bilal,Mannelijk,09/26/2019
Charleroi,Kheira,Vrouwelijk,09/10/2019
Ravels,Geert,Mannelijk,09/26/2019
Beaumont,Pierre,Mannelijk,09/15/2019
Schelle,Lander,Mannelijk,09/18/2019
Zinnik,Colette,Vrouwelijk,09/26/2019
Malle,Jens,Mannelijk,09/30/2019
Antwerpen,Dominique,Vrouwelijk,09/21/2019
Binche,Eva,Vrouwelijk,09/20/2019
Charleroi,Fabienne,Vrouwelijk,09/21/2019
Langemark-Poelkapelle,Tine,Vrouwelijk,09/19/2019
Perwijs (Nijvel),Raymonde,Vrouwelijk,09/20/2019
Herstal,Valentin,Mannelijk,09/16/2019
Essen,Peter,Mannelijk,09/22/2019
Kortrijk,Diego,Mannelijk,09/26/2019
Essen,Johan,Mannelijk,09/10/2019
Wuustwezel,Ria,Vrouwelijk,09/29/2019
Sint-Agatha-Berchem,Nicole,Vrouwelijk,10/11/2019
Elsene,Maria,Vrouwelijk,09/24/2019
Manage,Christiane,Vrouwelijk,09/28/2019
Andenne,André,Mannelijk,09/24/2019
Charleroi,Hugo,Mannelijk,09/30/2019
Hasselt,Louis,Mannelijk,10/10/2019
Dilbeek,Cindy,Vrouwelijk,09/27/2019
Anderlecht,Sacha,Mannelijk,09/29/2019
Zulte,Kenny,Mannelijk,09/20/2019
Wervik,Norah,Vrouwelijk,11/06/2019
Maasmechelen,Alperen,Mannelijk,09/11/2019
Chastre,Maëlle,Vrouwelijk,09/13/2019
Malle,Sarah,Vrouwelijk,09/13/2019
Lanaken,Paul,Mannelijk,09/17/2019
Vorst (Brussel-Hoofdstad),Inès,Vrouwelijk,09/23/2019
Sint-Pieters-Leeuw,Jeanne,Vrouwelijk,09/22/2019
Begijnendijk,Louis,Mannelijk,09/30/2019
Hoeilaart,Olivier,Mannelijk,09/13/2019
Berlaar,Andreas,Mannelijk,09/18/2019
Lommel,Bart,Mannelijk,09/21/2019
Schelle,Rita,Vrouwelijk,09/14/2019
Deinze,Kato,Vrouwelijk,10/12/2019
Zonhoven,Robin,Vrouwelijk,10/14/2019
Antwerpen,Zeynep,Vrouwelijk,10/05/2019
Scherpenheuvel-Zichem,Sanne,Vrouwelijk,11/02/2019
Luik,Khalil,Mannelijk,09/27/2019
Brussel,Anatole,Mannelijk,09/25/2019
Westerlo,Rita,Vrouwelijk,10/13/2019
Bilzen,Juliette,Vrouwelijk,09/18/2019
Mechelen,Lisette,Vrouwelijk,09/18/2019
Lede,Hannelore,Vrouwelijk,09/17/2019
Neupré,Jacqueline,Vrouwelijk,09/28/2019
Sint-Niklaas (Sint-Niklaas),Liesa,Vrouwelijk,09/25/2019
Tenneville,Louise,Vrouwelijk,09/20/2019
Rumst,Stijn,Mannelijk,09/28/2019
Beveren (Sint-Niklaas),Christianne,Vrouwelijk,10/03/2019
Nijvel,Séverine,Vrouwelijk,09/20/2019
Awans,Théo,Mannelijk,09/13/2019
Asse,Danny,Mannelijk,09/30/2019
Lille,Maria,Vrouwelijk,09/10/2019
Willebroek,Marina,Vrouwelijk,09/28/2019
Koekelare,Nancy,Vrouwelijk,09/11/2019
Dilsen-Stokkem,Senne,Mannelijk,09/29/2019
Zinnik,Fatima,Vrouwelijk,09/17/2019
Genk,Gabrielle,Vrouwelijk,09/18/2019
Andenne,Angélique,Vrouwelijk,09/18/2019
Zonhoven,Magda,Vrouwelijk,09/26/2019
Seraing,Jérémy,Mannelijk,09/30/2019
Chimay,Serge,Mannelijk,09/26/2019
Antwerpen,Henri,Mannelijk,09/10/2019
Zelzate,Kelly,Vrouwelijk,09/11/2019
Brussel,Miraç,Mannelijk,10/01/2019
Aywaille,Guy,Mannelijk,09/13/2019
Oudenaarde,Christiane,Vrouwelijk,09/25/2019
Dilsen-Stokkem,Pascal,Mannelijk,09/23/2019
Turnhout,Inne,Vrouwelijk,09/29/2019
Lier,Jan,Mannelijk,09/22/2019
Tubeke,Sabrina,Vrouwelijk,09/16/2019
Heist-op-den-Berg,Rob,Mannelijk,09/17/2019
Antwerpen,Avi,Mannelijk,09/18/2019
Alveringem,Pieter,Mannelijk,09/19/2019
Gent,Hanne,Vrouwelijk,09/23/2019
Hannuit,Joël,Mannelijk,10/14/2019
Oupeye,Léon,Mannelijk,09/11/2019
Asse,Jarne,Mannelijk,09/19/2019
Aat,Danielle,Vrouwelijk,09/28/2019
Fontaine-l’Evêque,Philippe,Mannelijk,09/17/2019
Zaventem,Stan,Mannelijk,09/29/2019
Sint-Gillis,Elena,Vrouwelijk,09/24/2019
Châtelet,Anne,Vrouwelijk,09/18/2019
Puurs-Sint-Amands,Karine,Vrouwelijk,09/22/2019
Tienen,Ahmed,Mannelijk,09/13/2019
Brugge,Pascal,Mannelijk,09/18/2019
Ieper,Hervé,Mannelijk,09/15/2019
Zedelgem,Ignace,Mannelijk,09/13/2019
Gent,Stefanie,Vrouwelijk,09/12/2019
Bertem,Irène,Vrouwelijk,09/17/2019
Houthalen-Helchteren,Dominique,Mannelijk,09/20/2019
Namen,Dominique,Vrouwelijk,09/15/2019
Mortsel,Marcus,Mannelijk,09/28/2019
Doornik,Dominique,Mannelijk,09/20/2019
Mortsel,Anke,Vrouwelijk,09/30/2019
Antwerpen,Abdoullah,Mannelijk,09/10/2019
Theux,Charlotte,Vrouwelijk,09/20/2019
Diepenbeek,Louis,Mannelijk,09/20/2019
Sambreville,Nicolas,Mannelijk,10/04/2019
Bilzen,Joey,Mannelijk,09/15/2019
Frasnes-lez-Anvaing,Laurent,Mannelijk,09/23/2019
Oostende,Stephan,Mannelijk,09/20/2019
Poperinge,Rita,Vrouwelijk,09/28/2019
Haaltert,Dieter,Mannelijk,09/25/2019
Zele,Christine,Vrouwelijk,10/10/2019
Laakdal,Lodewijk,Mannelijk,09/30/2019
Verviers,Célia,Vrouwelijk,09/19/2019
Sambreville,André,Mannelijk,09/13/2019
Kruisem,Jonas,Mannelijk,09/24/2019
Sint-Pieters-Woluwe,Frédéric,Mannelijk,09/10/2019
Evergem,Steve,Mannelijk,09/18/2019
Lokeren,Denise,Vrouwelijk,09/17/2019
La Louvière,Sandro,Mannelijk,09/16/2019
Knokke-Heist,Bernard,Mannelijk,09/18/2019
Haacht,Emile,Mannelijk,10/09/2019
Esneux,Nadine,Vrouwelijk,09/14/2019
Mechelen,Noor,Vrouwelijk,09/24/2019
Tielt (Tielt),Lisa,Vrouwelijk,09/11/2019
Deinze,Lara,Vrouwelijk,09/11/2019
Beveren (Sint-Niklaas),Marc,Mannelijk,10/09/2019
Stabroek,Jordy,Mannelijk,11/07/2019
Kortrijk,Lara,Vrouwelijk,09/14/2019
Rumst,Jelle,Mannelijk,09/15/2019
De Haan,Georgette,Vrouwelijk,09/13/2019
Eghezée,Quentin,Mannelijk,09/24/2019
Bonheiden,Suzanna,Vrouwelijk,09/18/2019
Chaumont-Gistoux,Hélène,Vrouwelijk,09/12/2019
Luik,Angelo,Mannelijk,09/23/2019
Wemmel,Diego,Mannelijk,09/27/2019
Honnelles,Martine,Vrouwelijk,09/26/2019
Hamont-Achel,Maria,Vrouwelijk,09/19/2019
Oupeye,Camille,Vrouwelijk,09/20/2019
Aarlen,Marie,Vrouwelijk,09/14/2019
Luik,Audrey,Vrouwelijk,10/13/2019
Balen,Ferdinand,Mannelijk,09/18/2019
Luik,André,Mannelijk,09/18/2019
Profondeville,Benoît,Mannelijk,09/12/2019
Malle,Constant,Mannelijk,09/22/2019
Izegem,Maria,Vrouwelijk,09/22/2019
Diest,Sonia,Vrouwelijk,09/22/2019
Zwevegem,Steven,Mannelijk,09/30/2019
Boussu,Bernadette,Vrouwelijk,09/15/2019
Namen,Théa,Vrouwelijk,09/16/2019
Brussel,Andres,Mannelijk,10/02/2019
Antwerpen,Maurice,Mannelijk,09/14/2019
Flémalle,Jacques,Mannelijk,09/10/2019
Evergem,Lucien,Mannelijk,09/26/2019
Kasterlee,Inne,Vrouwelijk,09/24/2019
Sint-Lambrechts-Woluwe,Caroline,Vrouwelijk,09/11/2019
Antwerpen,Zohal,Vrouwelijk,09/18/2019
Waregem,Kasper,Mannelijk,09/18/2019
Laakdal,Jozef,Mannelijk,10/25/2019
Wetteren,Peter,Mannelijk,09/22/2019
Kruibeke,Sabine,Vrouwelijk,09/10/2019
Wevelgem,Liam,Mannelijk,10/17/2019
Bonheiden,Jozef,Mannelijk,09/22/2019
Hamont-Achel,Marcus,Mannelijk,09/19/2019
Lessen,Alain,Mannelijk,09/29/2019
Seraing,Jacqueline,Vrouwelijk,09/20/2019
Brugge,Carina,Vrouwelijk,09/23/2019
De Haan,Georges,Mannelijk,09/23/2019
Izegem,Annelies,Vrouwelijk,09/21/2019
Sint-Niklaas (Sint-Niklaas),Maaike,Vrouwelijk,09/16/2019
Bergen,Elise,Vrouwelijk,09/18/2019
Antwerpen,Yens,Mannelijk,09/22/2019
Antwerpen,Maryam,Vrouwelijk,09/27/2019
Quaregnon,Lucette,Vrouwelijk,09/10/2019
La Louvière,Sanae,Vrouwelijk,09/27/2019
Andenne,Josiane,Vrouwelijk,09/30/2019
Luik,Aylin,Vrouwelijk,09/26/2019
Luik,Hélène,Vrouwelijk,09/28/2019
Yvoir,José,Mannelijk,09/23/2019
Hooglede,Christiana,Vrouwelijk,10/11/2019
Rumst,Bart,Mannelijk,09/21/2019
Hamme (Dendermonde),Nicole,Vrouwelijk,09/29/2019
Tremelo,Nick,Mannelijk,09/23/2019
Liedekerke,Bram,Mannelijk,09/19/2019
Montigny-le-Tilleul,Thierry,Mannelijk,09/23/2019
Retie,Willy,Mannelijk,10/13/2019
Sint-Niklaas (Sint-Niklaas),Joke,Vrouwelijk,10/14/2019
Antwerpen,Sevdalin,Mannelijk,09/22/2019
Oudenaarde,Nicolas,Mannelijk,10/01/2019
Musson,Jacques,Mannelijk,09/22/2019
Waterloo,Sarah,Vrouwelijk,10/03/2019
Leuven,Mohamed,Mannelijk,09/20/2019
Libramont-Chevigny,François,Mannelijk,09/11/2019
Antwerpen,Joeri,Mannelijk,10/05/2019
Kortrijk,Jens,Mannelijk,09/13/2019
Anderlecht,Fatiha,Vrouwelijk,10/01/2019
Tielt (Tielt),Nancy,Vrouwelijk,09/25/2019
Lede,Pierre,Mannelijk,09/24/2019
Charleroi,Nadia,Vrouwelijk,09/30/2019
Hasselt,Jürgen,Mannelijk,09/20/2019
Libramont-Chevigny,Charles,Mannelijk,09/14/2019
Aalter,Lennert,Mannelijk,09/18/2019
Harelbeke,Dirk,Mannelijk,09/28/2019
Esneux,Noé,Mannelijk,09/18/2019
Schoten,Jeannine,Vrouwelijk,09/18/2019
Bouillon,Jacques,Mannelijk,09/20/2019
Gedinne,Bastien,Mannelijk,09/16/2019
Brugge,Lilly,Vrouwelijk,09/23/2019
Bonheiden,Kristel,Vrouwelijk,09/16/2019
Temse,Noor,Vrouwelijk,10/12/2019
Mettet,Francine,Vrouwelijk,09/26/2019
Zemst,Laura,Vrouwelijk,09/17/2019
Brecht,Tessa,Vrouwelijk,09/25/2019
Sint-Lievens-Houtem,Jana,Vrouwelijk,10/14/2019
Fléron,Marie,Vrouwelijk,10/10/2019
Balen,Stan,Mannelijk,09/22/2019
Florennes,Cédric,Mannelijk,09/23/2019
Eigenbrakel,Malo,Mannelijk,09/16/2019
Rumes,Alexandre,Mannelijk,09/30/2019
Blankenberge,Serge,Mannelijk,09/26/2019
Leuven,Bruno,Mannelijk,09/18/2019
Antwerpen,Maria,Vrouwelijk,09/27/2019
Antoing,Frédéric,Mannelijk,09/24/2019
Assenede,Etienne,Mannelijk,09/19/2019
Boussu,Grégory,Mannelijk,09/22/2019
Antwerpen,Sonja,Vrouwelijk,09/11/2019
Geraardsbergen,Maxime,Mannelijk,09/23/2019
Gent,Melissa,Vrouwelijk,09/17/2019
Geel,Eva,Vrouwelijk,09/18/2019
Moeskroen,Nicolas,Mannelijk,09/17/2019
Verviers,Mathieu,Mannelijk,09/22/2019
Linkebeek,Nicole,Vrouwelijk,09/15/2019
Brecht,Anthony,Mannelijk,09/24/2019
Genk,Chris,Mannelijk,09/18/2019
Brussel,Semih,Mannelijk,09/25/2019
Schaarbeek,Enes,Mannelijk,09/28/2019
Herk-de-Stad,Julia,Vrouwelijk,09/11/2019
Halle (Halle-Vilvoorde),Felix,Mannelijk,09/26/2019
Brakel,Jana,Vrouwelijk,09/17/2019
Zwalm,Freddy,Mannelijk,09/17/2019
Torhout,Jill,Vrouwelijk,09/25/2019
Luik,Michael,Mannelijk,09/13/2019
Elsene,Alice,Vrouwelijk,09/19/2019
Wezembeek-Oppem,Jennifer,Vrouwelijk,09/15/2019
Nieuwpoort,Wim,Mannelijk,09/10/2019
Mettet,Morgane,Vrouwelijk,09/17/2019
Nijlen,Kurt,Mannelijk,09/12/2019
Maasmechelen,Alex,Mannelijk,09/19/2019
Burdinne,Sarah,Vrouwelijk,09/13/2019
Hemiksem,Lutgardis,Vrouwelijk,09/30/2019
Oostende,Leo,Mannelijk,09/15/2019
Heusden-Zolder,Massimo,Mannelijk,10/07/2019
Ninove,Bert,Mannelijk,10/29/2019
Doornik,Jocelyne,Vrouwelijk,09/25/2019
Lebbeke,Rudi,Mannelijk,09/17/2019
Aalst (Aalst),Jeroen,Mannelijk,09/23/2019
Bilzen,Kim,Mannelijk,09/27/2019
Sint-Pieters-Leeuw,Sabrina,Vrouwelijk,09/15/2019
Binche,Dino,Mannelijk,09/11/2019
Seraing,Danielle,Vrouwelijk,09/29/2019
Evere,Elena,Vrouwelijk,09/25/2019
Moeskroen,Julie,Vrouwelijk,09/17/2019
Antwerpen,Fatma,Vrouwelijk,09/22/2019
Leuze-en-Hainaut,Chantal,Vrouwelijk,09/27/2019
Fontaine-l’Evêque,Céline,Vrouwelijk,09/11/2019
Gent,Nur,Vrouwelijk,09/29/2019
Kortrijk,Joost,Mannelijk,09/23/2019
Herstal,Jeanne,Vrouwelijk,10/03/2019
Buggenhout,Kim,Vrouwelijk,10/08/2019
Courcelles,Coralie,Vrouwelijk,10/05/2019
Geel,Natalia,Vrouwelijk,09/17/2019
Tubeke,Cyril,Mannelijk,09/16/2019
Aalst (Aalst),Tom,Mannelijk,09/23/2019
Beveren (Sint-Niklaas),Guy,Mannelijk,10/06/2019
Sint-Truiden,Daniël,Mannelijk,10/11/2019
Zulte,Maya,Vrouwelijk,09/19/2019
Antwerpen,Michiel,Mannelijk,09/21/2019
Elsene,Valérie,Vrouwelijk,09/19/2019
Moeskroen,Frédéric,Mannelijk,09/19/2019
Tielt (Tielt),Jean-Pierre,Mannelijk,09/15/2019
Herne,Ruben,Mannelijk,09/21/2019
Tongeren,Dominique,Mannelijk,09/30/2019
Andenne,Elodie,Vrouwelijk,09/25/2019
Dentergem,Maria,Vrouwelijk,09/20/2019
Affligem,Lieve,Vrouwelijk,09/22/2019
Charleroi,Nikos,Mannelijk,09/23/2019
Brussel,Mohamed,Mannelijk,09/16/2019
Opwijk,Amber,Vrouwelijk,09/26/2019
Namen,Claude,Mannelijk,09/19/2019
Charleroi,Cloé,Vrouwelijk,10/14/2019
Oud-Heverlee,Johnny,Mannelijk,09/26/2019
Manage,Nino,Mannelijk,09/11/2019
Antwerpen,Kim,Vrouwelijk,09/18/2019
Oostende,Etienne,Mannelijk,09/18/2019
Seraing,Catherine,Vrouwelijk,09/26/2019
Ranst,Eddy,Mannelijk,09/12/2019
Hamme (Dendermonde),Ann,Vrouwelijk,09/10/2019
Antwerpen,Reem,Vrouwelijk,09/28/2019
