gemeente,naam,geslacht,verwachte datum
Farciennes,Marie,Vrouwelijk,12/05/2019
Lokeren,Rachid,Mannelijk,12/17/2019
Namen,Carmela,Vrouwelijk,12/14/2019
Philippeville,Marie,Vrouwelijk,12/24/2019
Schaarbeek,Benoit,Mannelijk,12/08/2019
Lubbeek,Melissa,Vrouwelijk,12/13/2019
Ukkel,Anne,Vrouwelijk,12/04/2019
Schilde,Anne-Marie,Vrouwelijk,11/29/2019
Sint-Pieters-Woluwe,Julie,Vrouwelijk,12/09/2019
Ramillies,Raphaël,Mannelijk,12/04/2019
Incourt,Michaël,Mannelijk,12/03/2019
Bergen,Florence,Vrouwelijk,12/02/2019
Watermaal-Bosvoorde,Maria,Vrouwelijk,12/03/2019
Roeselare,Cynthia,Vrouwelijk,12/14/2019
Antwerpen,Ronald,Mannelijk,12/02/2019
Beveren (Sint-Niklaas),Willy,Mannelijk,11/27/2019
Geraardsbergen,Steve,Mannelijk,12/06/2019
Mechelen,Fabian,Mannelijk,12/08/2019
Frasnes-lez-Anvaing,Sylvie,Vrouwelijk,12/06/2019
Saint-Nicolas (Luik),Laetitia,Vrouwelijk,12/02/2019
Sint-Pieters-Woluwe,Alexandru,Mannelijk,12/12/2019
Huldenberg,Johan,Mannelijk,12/28/2019
Gembloux,Céline,Vrouwelijk,12/01/2019
Turnhout,Eduard,Mannelijk,12/13/2019
Opzullik,Nicolas,Mannelijk,12/17/2019
Bilzen,Yvon,Mannelijk,12/21/2019
Andenne,Valérie,Vrouwelijk,12/07/2019
Elsene,Sylvie,Vrouwelijk,12/04/2019
Kraainem,Nicolas,Mannelijk,12/01/2019
Grimbergen,Corinne,Vrouwelijk,11/28/2019
Antwerpen,Leny,Vrouwelijk,11/27/2019
Kortrijk,Jonathan,Mannelijk,12/02/2019
Drogenbos,Mohamed,Mannelijk,12/10/2019
Bonheiden,Kaat,Vrouwelijk,12/24/2019
Merksplas,Ludo,Mannelijk,12/30/2019
Antwerpen,Nataliya,Vrouwelijk,01/04/2020
Wezet,Sylvie,Vrouwelijk,12/15/2019
Oostkamp,Geert,Mannelijk,12/09/2019
Genk,Sarah,Vrouwelijk,12/15/2019
Brussel,Nour,Vrouwelijk,12/06/2019
Péruwelz,Jenny,Vrouwelijk,11/28/2019
Diest,Nathalie,Vrouwelijk,12/01/2019
Ukkel,Maria,Vrouwelijk,12/05/2019
Zele,Antoine,Mannelijk,12/08/2019
Zwevegem,Christiaan,Mannelijk,12/08/2019
Diksmuide,Bert,Mannelijk,11/30/2019
Antwerpen,Roger,Mannelijk,12/30/2019
Wetteren,Annemie,Vrouwelijk,12/08/2019
Dilbeek,Sabine,Vrouwelijk,12/03/2019
Antwerpen,Anita,Vrouwelijk,12/14/2019
Sambreville,Franz,Mannelijk,12/11/2019
Oostende,Camille,Vrouwelijk,12/16/2019
Komen-Waasten,Rita,Vrouwelijk,12/10/2019
Ham-sur-Heure-Nalinnes,Tom,Mannelijk,12/29/2019
Frameries,Nicola,Mannelijk,12/16/2019
Ganshoren,Mohamed,Mannelijk,11/28/2019
Sint-Lambrechts-Woluwe,Françoise,Vrouwelijk,12/09/2019
Charleroi,Martine,Vrouwelijk,12/10/2019
Doornik,Gauthier,Mannelijk,12/07/2019
Herk-de-Stad,Robert,Mannelijk,11/30/2019
Binche,Romeo,Mannelijk,12/09/2019
Antwerpen,Yasmine,Vrouwelijk,11/26/2019
Laarne,Gino,Mannelijk,12/04/2019
Sint-Niklaas (Sint-Niklaas),Roger,Mannelijk,12/04/2019
Elsene,Tony,Mannelijk,12/15/2019
Brussel,Ismael,Mannelijk,12/17/2019
Brunehaut,Julien,Mannelijk,11/30/2019
Oudergem,Pierre,Mannelijk,11/26/2019
Soumagne,Elisabeth,Vrouwelijk,12/14/2019
Brecht,Dieuwke,Vrouwelijk,12/02/2019
Turnhout,Wendy,Vrouwelijk,12/09/2019
Mechelen,Noah,Mannelijk,12/17/2019
Merelbeke,Sharon,Vrouwelijk,12/10/2019
Zele,Merel,Vrouwelijk,12/06/2019
Beersel,Jules,Mannelijk,12/11/2019
Buggenhout,Maggy,Vrouwelijk,12/20/2019
Hamme (Dendermonde),Ellis,Vrouwelijk,12/12/2019
Machelen (Halle-Vilvoorde),Denis,Mannelijk,12/13/2019
Scherpenheuvel-Zichem,André,Mannelijk,12/13/2019
Gavere,Andre,Mannelijk,12/01/2019
Merelbeke,Oona,Vrouwelijk,12/11/2019
Luik,Roger,Mannelijk,12/10/2019
Sint-Truiden,David,Mannelijk,12/05/2019
Antwerpen,Inaya,Vrouwelijk,12/05/2019
Herentals,Lore,Vrouwelijk,12/04/2019
Luik,Paola,Vrouwelijk,12/28/2019
Antwerpen,Katrien,Vrouwelijk,12/03/2019
Wielsbeke,Katrien,Vrouwelijk,12/13/2019
Mol,Maria,Vrouwelijk,01/24/2020
Antwerpen,Katarzyna,Vrouwelijk,12/05/2019
Chaumont-Gistoux,Bruno,Mannelijk,12/10/2019
Charleroi,Wendy,Vrouwelijk,12/06/2019
Wevelgem,Monique,Vrouwelijk,11/26/2019
Vilvoorde,Soufiane,Mannelijk,12/04/2019
Harelbeke,Lars,Mannelijk,12/08/2019
Beersel,Jacqueline,Vrouwelijk,12/21/2019
Antwerpen,Nicole,Vrouwelijk,12/04/2019
Anderlecht,Lucienne,Vrouwelijk,12/05/2019
Elzele,Jacqueline,Vrouwelijk,12/14/2019
Neupré,Julien,Mannelijk,11/30/2019
Brussel,Mohamed,Mannelijk,12/12/2019
Bergen,Monique,Vrouwelijk,12/01/2019
Halle (Halle-Vilvoorde),Jeannine,Vrouwelijk,12/13/2019
Sint-Lievens-Houtem,Daan,Mannelijk,12/16/2019
Chièvres,Mathéo,Mannelijk,12/01/2019
Boussu,Mégane,Vrouwelijk,12/14/2019
Rixensart,Marie-Noëlle,Vrouwelijk,01/19/2020
Zinnik,Maria,Vrouwelijk,12/02/2019
Schilde,Wout,Mannelijk,12/04/2019
Gent,Natasja,Vrouwelijk,12/11/2019
Willebroek,Aya,Vrouwelijk,12/09/2019
Gembloux,Philippe,Mannelijk,12/24/2019
Riemst,Elias,Mannelijk,12/11/2019
Anderlues,Wendy,Vrouwelijk,12/04/2019
Soumagne,Adriano,Mannelijk,12/09/2019
Fleurus,Cécile,Vrouwelijk,12/16/2019
Hasselt,Paul,Mannelijk,12/05/2019
Wuustwezel,Jeannine,Vrouwelijk,12/08/2019
Gembloux,Sébastien,Mannelijk,12/05/2019
Diest,Diane,Vrouwelijk,12/08/2019
Maasmechelen,Jean,Mannelijk,12/23/2019
Oostende,Jean,Mannelijk,12/03/2019
Zulte,René,Mannelijk,12/04/2019
Sint-Martens-Latem,Annelies,Vrouwelijk,12/16/2019
Izegem,Ann,Vrouwelijk,12/02/2019
Sint-Niklaas (Sint-Niklaas),André,Mannelijk,12/12/2019
Wijnegem,Erik,Mannelijk,12/01/2019
Namen,Carine,Vrouwelijk,12/01/2019
Heist-op-den-Berg,Monique,Vrouwelijk,12/03/2019
Puurs-Sint-Amands,Alexandra,Vrouwelijk,12/10/2019
Waregem,Francky,Mannelijk,12/07/2019
Doornik,Roger,Mannelijk,12/04/2019
Florennes,Eric,Mannelijk,12/06/2019
Haacht,Emilia,Vrouwelijk,12/06/2019
Heist-op-den-Berg,Albert,Mannelijk,12/07/2019
Oostende,Jason,Mannelijk,12/11/2019
Scherpenheuvel-Zichem,Vanessa,Vrouwelijk,12/16/2019
Seraing,Jeremy,Mannelijk,12/09/2019
Brasschaat,Josepha,Vrouwelijk,12/03/2019
Diksmuide,Jeannette,Vrouwelijk,12/18/2019
Frameries,Patrice,Mannelijk,12/14/2019
Edegem,Maria,Vrouwelijk,12/05/2019
Philippeville,Jean,Mannelijk,12/15/2019
Charleroi,Marie,Vrouwelijk,12/08/2019
Moeskroen,Romane,Vrouwelijk,11/29/2019
Antwerpen,Marcus,Mannelijk,01/02/2020
Antwerpen,Aloys,Mannelijk,12/10/2019
Boom,Marc,Mannelijk,12/28/2019
Oostkamp,Simonne,Vrouwelijk,12/09/2019
Esneux,Willy,Mannelijk,12/16/2019
Etterbeek,Carla,Vrouwelijk,12/24/2019
Edegem,Pascale,Vrouwelijk,11/28/2019
Sint-Niklaas (Sint-Niklaas),Christianne,Vrouwelijk,12/11/2019
Chaudfontaine,Marie,Vrouwelijk,12/08/2019
Dilsen-Stokkem,Johnny,Mannelijk,11/29/2019
Aalst (Aalst),Bart,Mannelijk,12/05/2019
Antwerpen,Maria,Vrouwelijk,12/28/2019
Ieper,Lutgart,Vrouwelijk,12/14/2019
Leopoldsburg,Maria,Vrouwelijk,12/05/2019
Berlare,Hendrik,Mannelijk,12/09/2019
Moeskroen,Henriette,Vrouwelijk,12/01/2019
Beersel,David,Mannelijk,12/07/2019
Bilzen,Carina,Vrouwelijk,12/19/2019
Gent,Ronny,Mannelijk,12/05/2019
Koekelberg,Tarik,Mannelijk,12/08/2019
Verviers,Marie,Vrouwelijk,11/26/2019
Charleroi,Maxime,Mannelijk,12/29/2019
Eghezée,René,Mannelijk,12/30/2019
Verviers,Nathalie,Vrouwelijk,12/05/2019
Brussel,Kadiatou,Vrouwelijk,11/28/2019
Tongeren,Steve,Mannelijk,11/26/2019
Houthalen-Helchteren,Heidi,Vrouwelijk,01/09/2020
Jemeppe-sur-Sambre,Olivier,Mannelijk,12/08/2019
Charleroi,Marcel,Mannelijk,12/03/2019
Lierde,Jenny,Vrouwelijk,12/10/2019
Sint-Agatha-Berchem,Alain,Mannelijk,12/03/2019
Brugge,David,Mannelijk,12/13/2019
Ninove,Inge,Vrouwelijk,12/07/2019
Brecht,Pieter,Mannelijk,12/10/2019
Eghezée,Jean-François,Mannelijk,12/07/2019
Pont-à-Celles,Christiane,Vrouwelijk,12/02/2019
Ninove,Tessa,Vrouwelijk,11/29/2019
Borgworm,Josiane,Vrouwelijk,12/04/2019
Bornem,Natalie,Vrouwelijk,12/09/2019
Gent,Bert,Mannelijk,12/01/2019
Antwerpen,Ronny,Mannelijk,12/19/2019
Westerlo,Maria,Vrouwelijk,12/05/2019
Antwerpen,Abu,Mannelijk,12/03/2019
Mechelen,Faysal,Mannelijk,12/04/2019
Boussu,Yvette,Vrouwelijk,12/04/2019
Zemst,Ivo,Mannelijk,12/09/2019
Namen,Lindon,Mannelijk,12/07/2019
Meise,Christiaan,Mannelijk,12/16/2019
Rebecq,Muriel,Vrouwelijk,12/22/2019
Gent,Hildegard,Vrouwelijk,11/28/2019
Diksmuide,Lieve,Vrouwelijk,11/29/2019
Zonhoven,David,Mannelijk,12/02/2019
Erquelinnes,Amandine,Vrouwelijk,12/06/2019
Middelkerke,Sandra,Vrouwelijk,12/06/2019
Fleurus,Salvatore,Mannelijk,12/10/2019
Geraardsbergen,Patrick,Mannelijk,12/13/2019
De Haan,Erik,Mannelijk,12/28/2019
Graven,Charlotte,Vrouwelijk,11/26/2019
Dendermonde,Kelly,Vrouwelijk,01/28/2020
Mechelen,Patrick,Mannelijk,12/05/2019
Ans,Nadia,Vrouwelijk,11/30/2019
Etterbeek,Irina,Vrouwelijk,12/04/2019
Gent,Lore,Vrouwelijk,01/03/2020
Londerzeel,Juliaan,Mannelijk,12/16/2019
Doornik,Gwenaëlle,Vrouwelijk,12/02/2019
Ciney,François,Mannelijk,11/26/2019
Schaarbeek,Michal,Mannelijk,11/26/2019
Zutendaal,John,Mannelijk,12/07/2019
Florennes,Adrien,Mannelijk,12/16/2019
Schaarbeek,Aissata,Vrouwelijk,12/08/2019
Ukkel,Jérôme,Mannelijk,12/06/2019
Antwerpen,Zakaria,Mannelijk,12/02/2019
Kapelle-op-den-Bos,Thierry,Mannelijk,12/07/2019
Eupen,Bruno,Mannelijk,12/16/2019
Jemeppe-sur-Sambre,Sabrina,Vrouwelijk,12/08/2019
Kasterlee,Maria,Vrouwelijk,01/24/2020
Hasselt,Laure,Vrouwelijk,12/30/2019
Lessen,Sarah,Vrouwelijk,12/05/2019
Leuven,Maurice,Mannelijk,12/05/2019
Ninove,Susanne,Vrouwelijk,12/04/2019
Mol,Theo,Mannelijk,12/03/2019
Lokeren,Laurette,Vrouwelijk,12/15/2019
Seraing,Nathan,Mannelijk,11/26/2019
Vilvoorde,Adam,Mannelijk,11/29/2019
Brussel,Ali,Mannelijk,12/09/2019
Willebroek,Veerle,Vrouwelijk,11/29/2019
Dilbeek,Jean-Claude,Mannelijk,12/07/2019
Hoeselt,Jens,Mannelijk,11/28/2019
Hooglede,Rita,Vrouwelijk,11/30/2019
Anderlecht,Jacqueline,Vrouwelijk,11/29/2019
Antwerpen,Basile,Mannelijk,12/15/2019
Opwijk,Nadia,Vrouwelijk,12/12/2019
Tongeren,Kevin,Mannelijk,12/08/2019
Dour,Hubert,Mannelijk,12/16/2019
Zonhoven,Benny,Mannelijk,12/22/2019
Turnhout,Debby,Vrouwelijk,12/16/2019
Asse,Anthony,Mannelijk,12/18/2019
Seraing,David,Mannelijk,12/13/2019
Heist-op-den-Berg,Ann,Vrouwelijk,12/01/2019
Erquelinnes,Déborah,Vrouwelijk,12/08/2019
Durbuy,Anne,Vrouwelijk,01/10/2020
Colfontaine,Vincenza,Vrouwelijk,12/30/2019
Sombreffe,Jean,Mannelijk,12/16/2019
Nijlen,Yana,Vrouwelijk,12/09/2019
Spa,Murielle,Vrouwelijk,11/29/2019
Charleroi,Silvana,Vrouwelijk,12/17/2019
Diepenbeek,Sem,Mannelijk,12/06/2019
Brussel,Rahma,Vrouwelijk,12/11/2019
Geraardsbergen,Christiaan,Mannelijk,12/08/2019
Thimister-Clermont,Jean,Mannelijk,12/17/2019
Jette,Karin,Vrouwelijk,12/11/2019
Wetteren,Patricia,Vrouwelijk,12/04/2019
Rixensart,Albert,Mannelijk,11/30/2019
Lebbeke,Femke,Vrouwelijk,11/30/2019
Anderlecht,Louis,Mannelijk,12/16/2019
Kapellen (Antwerpen),Sven,Mannelijk,12/19/2019
Maasmechelen,Anneke,Vrouwelijk,12/09/2019
Hannuit,Catherine,Vrouwelijk,12/08/2019
Namen,Martin,Mannelijk,12/23/2019
Oupeye,Jean-Paul,Mannelijk,12/26/2019
Sint-Niklaas (Sint-Niklaas),Mark,Mannelijk,11/30/2019
Courcelles,Anaïs,Vrouwelijk,12/03/2019
Waterloo,Joseph,Mannelijk,12/04/2019
Eeklo,Marina,Vrouwelijk,12/21/2019
Morlanwelz,Benjamin,Mannelijk,12/12/2019
Luik,Ilyana,Vrouwelijk,12/16/2019
Wanze,Manon,Vrouwelijk,12/11/2019
Ottignies-Louvain-la-Neuve,Margaux,Vrouwelijk,11/26/2019
Oostende,Cathy,Vrouwelijk,12/06/2019
Oudsbergen,Jan,Mannelijk,12/01/2019
Herentals,Emily,Vrouwelijk,12/08/2019
Brussel,Josette,Vrouwelijk,12/05/2019
Sint-Truiden,Ann,Vrouwelijk,12/18/2019
Schaarbeek,Alice,Vrouwelijk,12/14/2019
Kortrijk,Lander,Mannelijk,12/04/2019
Schilde,Rosette,Vrouwelijk,12/16/2019
Antwerpen,Nada,Vrouwelijk,12/05/2019
Heist-op-den-Berg,André,Mannelijk,12/15/2019
Gent,Jonas,Mannelijk,12/07/2019
Kinrooi,Hilde,Vrouwelijk,12/10/2019
Attert,Samuel,Mannelijk,11/30/2019
Sint-Lambrechts-Woluwe,Per,Mannelijk,12/09/2019
Luik,Bernard,Mannelijk,12/09/2019
Blankenberge,Jan,Mannelijk,12/12/2019
Sambreville,Daniela,Vrouwelijk,01/20/2020
Stabroek,Deborah,Vrouwelijk,12/03/2019
Waterloo,Liliane,Vrouwelijk,11/29/2019
Sint-Truiden,Lise,Vrouwelijk,12/01/2019
Rendeux,Lucien,Mannelijk,12/15/2019
Oostende,Achiel,Mannelijk,12/12/2019
Sint-Gillis,Elias,Mannelijk,01/08/2020
Vorst (Brussel-Hoofdstad),Manuel,Mannelijk,11/29/2019
Genk,Ivo,Mannelijk,12/15/2019
Oostende,André,Mannelijk,12/01/2019
