gemeente,naam,geslacht,verwachte datum
Etterbeek,Daniela,Vrouwelijk,12/02/2019
Avelgem,Marie,Vrouwelijk,12/08/2019
Vosselaar,Helga,Vrouwelijk,12/06/2019
Antwerpen,Nelly,Vrouwelijk,11/30/2019
La Louvière,Shanon,Vrouwelijk,12/16/2019
Brussel,John,Mannelijk,12/23/2019
Evere,Ionela,Vrouwelijk,12/10/2019
Hamme (Dendermonde),Ivan,Mannelijk,11/28/2019
Erpe-Mere,Maria,Vrouwelijk,11/23/2019
Anderlecht,Zaina,Vrouwelijk,12/11/2019
Antwerpen,Letizia,Vrouwelijk,12/02/2019
Fosses-la-Ville,Chloé,Vrouwelijk,12/19/2019
Beveren (Sint-Niklaas),Tom,Mannelijk,11/30/2019
Stekene,Gaby,Vrouwelijk,12/11/2019
Bastenaken,Hugues,Mannelijk,12/01/2019
Sint-Niklaas (Sint-Niklaas),Annie,Vrouwelijk,12/09/2019
Bornem,Leonard,Mannelijk,11/23/2019
Itter,Rachel,Vrouwelijk,12/09/2019
Schaarbeek,Martine,Vrouwelijk,11/27/2019
Namen,Daphné,Vrouwelijk,12/01/2019
Jurbeke,Sébastien,Mannelijk,12/02/2019
Aalst (Aalst),Odette,Vrouwelijk,12/19/2019
Bergen,Melisa,Vrouwelijk,12/01/2019
Charleroi,Marie-France,Vrouwelijk,11/22/2019
Brakel,Tom,Mannelijk,12/06/2019
Antwerpen,Elisabeth,Vrouwelijk,11/24/2019
Maasmechelen,Maria,Vrouwelijk,11/26/2019
Charleroi,Eloïse,Vrouwelijk,11/29/2019
Temse,Kim,Vrouwelijk,12/06/2019
Sint-Jans-Molenbeek,Elisabeth,Vrouwelijk,12/03/2019
Charleroi,Chantal,Vrouwelijk,11/28/2019
Anderlecht,Anastasia,Vrouwelijk,12/19/2019
Zandhoven,Daan,Mannelijk,12/01/2019
Charleroi,Didier,Mannelijk,12/16/2019
Liedekerke,Jurgen,Mannelijk,12/02/2019
Beersel,Ella,Vrouwelijk,12/01/2019
Elzele,Léa,Vrouwelijk,12/06/2019
Rotselaar,Carla,Vrouwelijk,11/26/2019
Ciney,Gilberte,Vrouwelijk,12/20/2019
Sint-Joost-ten-Node,Lina,Vrouwelijk,12/07/2019
Evergem,Arne,Mannelijk,12/11/2019
Somme-Leuze,Laëtitia,Vrouwelijk,12/09/2019
Profondeville,José,Mannelijk,01/14/2020
Kapellen (Antwerpen),Sonja,Vrouwelijk,12/03/2019
Luik,Georges,Mannelijk,11/30/2019
Brussel,Jamal,Mannelijk,12/04/2019
Gent,Mireille,Vrouwelijk,11/28/2019
Oostkamp,Bruno,Mannelijk,11/30/2019
Sint-Gillis-Waas,Hilaire,Mannelijk,12/07/2019
Doornik,Pauline,Vrouwelijk,12/17/2019
Antwerpen,Erwin,Mannelijk,12/09/2019
Fosses-la-Ville,Gaëtan,Mannelijk,12/01/2019
Chimay,Paul,Mannelijk,12/06/2019
Fleurus,Véronique,Vrouwelijk,11/29/2019
Bergen,Loïc,Mannelijk,12/17/2019
Lievegem,Peter,Mannelijk,12/01/2019
Beersel,Sara,Vrouwelijk,12/06/2019
Veurne,Simonne,Vrouwelijk,12/07/2019
Namen,Alix,Vrouwelijk,12/10/2019
Geetbets,Elza,Vrouwelijk,11/28/2019
Haacht,Martine,Vrouwelijk,12/09/2019
Antwerpen,Arnout,Mannelijk,11/24/2019
Quaregnon,Giuseppe,Mannelijk,12/02/2019
Rotselaar,Georges,Mannelijk,12/08/2019
Trooz,Alice,Vrouwelijk,11/28/2019
Beveren (Sint-Niklaas),Anna,Vrouwelijk,11/28/2019
Roeselare,Jacques,Mannelijk,01/10/2020
Lebbeke,Monique,Vrouwelijk,12/18/2019
Lubbeek,Bram,Mannelijk,11/30/2019
Kruibeke,Magdalena,Vrouwelijk,12/09/2019
Oupeye,Josiane,Vrouwelijk,12/09/2019
Kortrijk,Hamza,Mannelijk,12/08/2019
Grobbendonk,Eline,Vrouwelijk,11/21/2019
Evere,Wassim,Mannelijk,12/05/2019
Gembloux,Anne,Vrouwelijk,11/21/2019
Schaarbeek,Fatma,Vrouwelijk,12/10/2019
Pelt,Hildegard,Vrouwelijk,11/24/2019
Elsene,Joan,Vrouwelijk,11/28/2019
Melle,Kris,Mannelijk,12/04/2019
Hulshout,Louis,Mannelijk,12/15/2019
Merksplas,Koen,Mannelijk,11/27/2019
Wachtebeke,Franky,Mannelijk,11/27/2019
Turnhout,Johan,Mannelijk,12/24/2019
Antwerpen,Thomas,Mannelijk,12/08/2019
Elsene,Anne,Vrouwelijk,11/26/2019
Chastre,Marie,Vrouwelijk,12/03/2019
Leuze-en-Hainaut,Gilbert,Mannelijk,12/28/2019
Dalhem,Sabrina,Vrouwelijk,11/27/2019
Grâce-Hollogne,Bruno,Mannelijk,12/24/2019
Verviers,Madina,Vrouwelijk,11/30/2019
Brecht,Karine,Vrouwelijk,11/29/2019
Kortrijk,Dina,Vrouwelijk,12/04/2019
Hechtel-Eksel,Maria,Vrouwelijk,12/15/2019
Doornik,Chantal,Vrouwelijk,12/25/2019
Büllingen,Angelika,Vrouwelijk,12/07/2019
Bergen,Yvonne,Vrouwelijk,12/11/2019
Mechelen,Tom,Mannelijk,11/25/2019
Sint-Gillis,Jan,Mannelijk,11/30/2019
Herentals,Nicolas,Mannelijk,12/10/2019
Dendermonde,Gunter,Mannelijk,12/15/2019
Mechelen,Jeannine,Vrouwelijk,12/01/2019
Walcourt,Pol,Mannelijk,12/01/2019
Jurbeke,Jean,Mannelijk,12/10/2019
Saint-Hubert,Léa,Vrouwelijk,12/02/2019
Luik,Patrice,Mannelijk,12/01/2019
Saint-Ghislain,Antonio,Mannelijk,11/25/2019
Graven,Huguette,Vrouwelijk,12/25/2019
Sint-Niklaas (Sint-Niklaas),Ilano,Mannelijk,11/30/2019
Hasselt,Jeannette,Vrouwelijk,11/30/2019
Walcourt,Mélanie,Vrouwelijk,11/28/2019
Rebecq,Danielle,Vrouwelijk,12/02/2019
Aat,Jacqueline,Vrouwelijk,12/08/2019
Sint-Agatha-Berchem,Loubna,Vrouwelijk,12/02/2019
Hoei,Jean,Mannelijk,12/02/2019
Wezembeek-Oppem,Maria,Vrouwelijk,11/25/2019
Charleroi,Zoubida,Vrouwelijk,11/21/2019
Zwevegem,Johan,Mannelijk,12/20/2019
Duffel,Mark,Mannelijk,12/14/2019
Pelt,Alicia,Vrouwelijk,12/06/2019
Dendermonde,Stijn,Mannelijk,12/11/2019
Hooglede,Lotte,Vrouwelijk,11/24/2019
Estinnes,Lucie,Vrouwelijk,11/24/2019
Heist-op-den-Berg,Josephina,Vrouwelijk,11/29/2019
Antwerpen,Huguette,Vrouwelijk,12/11/2019
Merchtem,Inge,Vrouwelijk,11/24/2019
Waregem,Michael,Mannelijk,12/03/2019
Sint-Lambrechts-Woluwe,Godelieve,Vrouwelijk,12/02/2019
Houyet,Henri,Mannelijk,12/07/2019
Aubange,Fernande,Vrouwelijk,12/07/2019
Genk,Ismail,Mannelijk,12/04/2019
Hannuit,Thomas,Mannelijk,12/05/2019
Deerlijk,Erna,Vrouwelijk,12/06/2019
Antwerpen,Joseph,Mannelijk,12/09/2019
Heist-op-den-Berg,Geert,Mannelijk,11/27/2019
Hooglede,Maurice,Mannelijk,11/28/2019
Veurne,Davy,Mannelijk,11/23/2019
Antwerpen,Nadia,Vrouwelijk,11/29/2019
Zinnik,Sarah,Vrouwelijk,01/19/2020
Herne,Nathalie,Vrouwelijk,11/30/2019
Gent,Celine,Vrouwelijk,11/30/2019
Deinze,Dirk,Mannelijk,12/06/2019
Antwerpen,Vanesa,Vrouwelijk,11/30/2019
Herentals,Lea,Vrouwelijk,11/27/2019
Sint-Lambrechts-Woluwe,Abdoulaye,Mannelijk,11/29/2019
Hamont-Achel,Helena,Vrouwelijk,12/19/2019
Gent,Giovanni,Mannelijk,11/22/2019
Leuven,Jan,Mannelijk,12/02/2019
Charleroi,Michel,Mannelijk,12/11/2019
Maldegem,Georges,Mannelijk,12/25/2019
Waterloo,Claude,Mannelijk,11/27/2019
Oudenaarde,Beau,Mannelijk,11/25/2019
Mechelen,Nikki,Vrouwelijk,11/29/2019
Saint-Ghislain,Luna,Vrouwelijk,12/06/2019
Beringen,Rudy,Mannelijk,12/06/2019
Aalst (Aalst),Luna,Vrouwelijk,12/03/2019
Namen,Nadine,Vrouwelijk,12/05/2019
Riemst,Gaston,Mannelijk,12/05/2019
Rochefort,Jean-François,Mannelijk,11/28/2019
Antwerpen,Mathilda,Vrouwelijk,12/02/2019
Antwerpen,Martha,Vrouwelijk,12/05/2019
Brecht,Carine,Vrouwelijk,11/25/2019
Diepenbeek,Cindy,Vrouwelijk,11/25/2019
Leuze-en-Hainaut,Inès,Vrouwelijk,12/05/2019
Kapelle-op-den-Bos,Marleen,Vrouwelijk,11/29/2019
Wanze,Carine,Vrouwelijk,12/11/2019
Aalst (Aalst),Christiane,Vrouwelijk,12/11/2019
Zedelgem,Sophie,Vrouwelijk,12/15/2019
Namen,Jean,Mannelijk,12/06/2019
Sint-Gillis,Abdelhafid,Mannelijk,12/16/2019
Sambreville,Sylviane,Vrouwelijk,12/04/2019
Lochristi,Isabelle,Vrouwelijk,12/11/2019
Fleurus,Josiane,Vrouwelijk,12/01/2019
Mechelen,Patrick,Mannelijk,12/06/2019
Ronse,Christiane,Vrouwelijk,12/08/2019
Turnhout,Alina,Vrouwelijk,11/21/2019
Eigenbrakel,Nadine,Vrouwelijk,12/11/2019
Essen,Jozef,Mannelijk,12/16/2019
Leuven,Raoul,Mannelijk,11/24/2019
Asse,Lydia,Vrouwelijk,12/07/2019
Lier,Gustaaf,Mannelijk,12/02/2019
Hamont-Achel,Antoinette,Vrouwelijk,12/21/2019
Ranst,Marcel,Mannelijk,11/29/2019
Mont-de-l’Enclus,Hugo,Mannelijk,12/10/2019
Tessenderlo,Robby,Mannelijk,12/02/2019
Ninove,Miranda,Vrouwelijk,11/26/2019
Erquelinnes,Sophie,Vrouwelijk,12/08/2019
Colfontaine,Adeline,Vrouwelijk,11/24/2019
Zele,Dirk,Mannelijk,11/30/2019
Heusden-Zolder,Jan,Mannelijk,12/12/2019
Elsene,Claudia,Vrouwelijk,12/10/2019
Somme-Leuze,Didier,Mannelijk,11/22/2019
Diest,Christoph,Mannelijk,12/08/2019
Herent,Dominique,Vrouwelijk,12/25/2019
Gent,Andrée,Vrouwelijk,11/27/2019
Ravels,Maria,Vrouwelijk,12/03/2019
Ieper,Greet,Vrouwelijk,12/02/2019
Brussel,Konstantinos,Mannelijk,12/03/2019
De Haan,Edouard,Mannelijk,11/27/2019
Merbes-le-Château,François,Mannelijk,12/08/2019
Maaseik,Mariam,Vrouwelijk,11/30/2019
Brussel,Krzysztof,Mannelijk,12/10/2019
Antwerpen,Safi,Mannelijk,11/30/2019
Lokeren,Joris,Mannelijk,11/28/2019
Overijse,Britt,Vrouwelijk,12/21/2019
Turnhout,Joeri,Mannelijk,12/06/2019
Merelbeke,Ivo,Mannelijk,11/27/2019
Moeskroen,Anne-Marie,Vrouwelijk,11/26/2019
Eeklo,Hilde,Vrouwelijk,12/10/2019
Rumst,Axel,Mannelijk,11/28/2019
Antwerpen,Jessica,Vrouwelijk,12/08/2019
Waterloo,Arnaud,Mannelijk,11/23/2019
Edegem,Frans,Mannelijk,11/27/2019
Antwerpen,Sofie,Vrouwelijk,11/21/2019
Antwerpen,Richard,Mannelijk,12/02/2019
Ciney,Francis,Mannelijk,12/04/2019
Sint-Niklaas (Sint-Niklaas),Dirk,Mannelijk,11/24/2019
Sint-Truiden,Marc,Mannelijk,12/07/2019
Antwerpen,Sofia,Vrouwelijk,12/11/2019
Hannuit,Paul,Mannelijk,12/14/2019
Beveren (Sint-Niklaas),Thierry,Mannelijk,11/28/2019
Eghezée,Olivier,Mannelijk,12/10/2019
Sombreffe,Nadine,Vrouwelijk,11/22/2019
Aat,Olivier,Mannelijk,11/30/2019
Chaudfontaine,Jean,Mannelijk,12/23/2019
Namen,Liliane,Vrouwelijk,12/30/2019
Steenokkerzeel,Robert,Mannelijk,12/07/2019
Hasselt,Beatrix,Vrouwelijk,12/22/2019
Elsene,David,Mannelijk,12/01/2019
Seraing,Jeanne,Vrouwelijk,11/29/2019
Anderlecht,Giovanna,Vrouwelijk,12/11/2019
Herentals,Peter,Mannelijk,11/28/2019
Andenne,Alain,Mannelijk,11/30/2019
Eeklo,Ann,Vrouwelijk,12/11/2019
Waterloo,Ambre,Vrouwelijk,11/28/2019
Antwerpen,Diana,Vrouwelijk,11/27/2019
Ninove,Nancy,Vrouwelijk,12/19/2019
Destelbergen,Lien,Vrouwelijk,11/22/2019
Le Roeulx,Victoria,Vrouwelijk,12/02/2019
Sint-Gillis,Agnieszka,Vrouwelijk,11/24/2019
Aat,Gérard,Mannelijk,11/29/2019
Maasmechelen,Freddy,Mannelijk,11/24/2019
Westerlo,Bertha,Vrouwelijk,11/24/2019
Diepenbeek,Alda,Vrouwelijk,11/24/2019
Pittem,Wim,Mannelijk,12/22/2019
Jalhay,Micheline,Vrouwelijk,11/30/2019
Tielt (Tielt),Elisabeth,Vrouwelijk,12/22/2019
Sint-Pieters-Leeuw,Nicolas,Mannelijk,12/04/2019
Deinze,Noëla,Vrouwelijk,11/29/2019
Charleroi,Clément,Mannelijk,11/30/2019
Antwerpen,Mohamed,Mannelijk,11/25/2019
Bergen,Julie,Vrouwelijk,12/06/2019
De Panne,Jozef,Mannelijk,11/28/2019
Raeren,Maria,Vrouwelijk,11/25/2019
Sint-Pieters-Woluwe,Juliette,Vrouwelijk,12/05/2019
Bertem,An,Vrouwelijk,11/30/2019
Moeskroen,Isabelle,Vrouwelijk,12/10/2019
Frasnes-lez-Anvaing,Hélène,Vrouwelijk,12/14/2019
Blankenberge,Emma,Vrouwelijk,11/26/2019
Esneux,Juliette,Vrouwelijk,12/09/2019
Stekene,Marleen,Vrouwelijk,12/08/2019
Aubange,Adrien,Mannelijk,12/09/2019
Sint-Katelijne-Waver,Maarten,Mannelijk,11/29/2019
Evergem,Patrick,Mannelijk,12/03/2019
Assenede,Marie,Vrouwelijk,12/03/2019
Meulebeke,Hilde,Vrouwelijk,12/19/2019
Halle (Halle-Vilvoorde),Irène,Vrouwelijk,12/17/2019
Ninove,Monique,Vrouwelijk,11/21/2019
Sambreville,Pauline,Vrouwelijk,12/01/2019
Sint-Katelijne-Waver,Geert,Mannelijk,12/08/2019
Brakel,Katrien,Vrouwelijk,11/25/2019
Habay,Marie,Vrouwelijk,11/26/2019
Scherpenheuvel-Zichem,Elke,Vrouwelijk,11/25/2019
Fleurus,Christian,Mannelijk,12/10/2019
Herentals,Roger,Mannelijk,11/26/2019
Seraing,Cécile,Vrouwelijk,11/29/2019
Ronse,Delphine,Vrouwelijk,11/25/2019
Ciney,Kévin,Mannelijk,11/28/2019
Antwerpen,Josephina,Vrouwelijk,12/25/2019
Leuven,Yvan,Mannelijk,12/02/2019
Gent,Mario,Mannelijk,12/03/2019
Roeselare,Myriam,Vrouwelijk,11/23/2019
Schaarbeek,Coralie,Vrouwelijk,11/21/2019
Luik,Malika,Vrouwelijk,12/05/2019
Sint-Jans-Molenbeek,Soukaina,Vrouwelijk,11/28/2019
Marche-en-Famenne,Noël,Mannelijk,12/02/2019
Oostende,Walter,Mannelijk,11/27/2019
Lochristi,Emmy,Vrouwelijk,11/23/2019
Zandhoven,Andreas,Mannelijk,11/29/2019
Sint-Agatha-Berchem,Henriette,Vrouwelijk,12/06/2019
Namen,Pierre,Mannelijk,12/02/2019
Berlare,Davy,Mannelijk,12/10/2019
Schaarbeek,Marcella,Vrouwelijk,12/12/2019
Elsene,Laure,Vrouwelijk,11/25/2019
Schaarbeek,Soulaymane,Mannelijk,12/02/2019
Antwerpen,Mira,Vrouwelijk,12/02/2019
Ronse,Alain,Mannelijk,12/08/2019
