gemeente,naam,geslacht,verwachte datum
Galmaarden,Lien,Vrouwelijk,02/27/2019
Nijvel,Vincent,Mannelijk,02/23/2019
Charleroi,Hatice,Vrouwelijk,02/28/2019
Lokeren,Jamal,Mannelijk,02/26/2019
Aalst (Aalst),Yvette,Vrouwelijk,02/21/2019
Heusden-Zolder,Rebecca,Vrouwelijk,03/04/2019
Courcelles,Anthony,Mannelijk,02/16/2019
Ottignies-Louvain-la-Neuve,Chantal,Vrouwelijk,04/05/2019
Courcelles,Bastien,Mannelijk,02/14/2019
Grâce-Hollogne,Nicolas,Mannelijk,02/19/2019
Beringen,Dirk,Mannelijk,02/26/2019
Geraardsbergen,Anna,Vrouwelijk,03/02/2019
Herzele,Freddy,Mannelijk,02/18/2019
Edingen,Nicolas,Mannelijk,03/01/2019
Ravels,Laura,Vrouwelijk,03/05/2019
Oupeye,Michael,Mannelijk,02/24/2019
Wezet,Céline,Vrouwelijk,02/26/2019
Antwerpen,Hüsniye,Vrouwelijk,02/26/2019
Destelbergen,Emile,Mannelijk,02/22/2019
Tongeren,Pierrot,Mannelijk,02/25/2019
Schaarbeek,Sébastien,Mannelijk,02/21/2019
Knokke-Heist,Wouter,Mannelijk,02/16/2019
Chapelle-lez-Herlaimont,Massimo,Mannelijk,02/27/2019
Schoten,Gunter,Mannelijk,02/25/2019
Assesse,Francis,Mannelijk,03/18/2019
Lens,Michel,Mannelijk,02/23/2019
Aarschot,Joannes,Mannelijk,03/02/2019
Oostende,Jan,Mannelijk,02/27/2019
Charleroi,Michel,Mannelijk,02/14/2019
Kortrijk,Josiane,Vrouwelijk,02/18/2019
Mechelen,Lobke,Vrouwelijk,03/03/2019
Hoogstraten,Kelly,Vrouwelijk,02/21/2019
Messancy,Nadine,Vrouwelijk,03/05/2019
Brussel,Jamal,Mannelijk,03/06/2019
Lede,David,Mannelijk,02/22/2019
Lummen,Silke,Vrouwelijk,03/07/2019
Gent,Pauline,Vrouwelijk,02/26/2019
Waregem,Chloé,Vrouwelijk,02/23/2019
Erquelinnes,John,Mannelijk,02/25/2019
Oudenburg,Karine,Vrouwelijk,02/14/2019
Zutendaal,Senne,Mannelijk,02/18/2019
Pelt,Guillaume,Mannelijk,02/21/2019
Bergen,Marcelle,Vrouwelijk,03/02/2019
Rumst,Maria,Vrouwelijk,02/15/2019
Hasselt,Jochen,Mannelijk,03/01/2019
Thuin,Paul,Mannelijk,02/25/2019
Antwerpen,Viktoria,Vrouwelijk,03/03/2019
Mechelen,Greta,Vrouwelijk,02/24/2019
Marche-en-Famenne,Luc,Mannelijk,02/16/2019
La Bruyère,Sylvie,Vrouwelijk,02/21/2019
Amel,Maria,Vrouwelijk,02/19/2019
Sint-Gillis,Céline,Vrouwelijk,02/20/2019
Walhain,Charlotte,Vrouwelijk,02/24/2019
Soumagne,Robert,Mannelijk,03/12/2019
Luik,Anne,Vrouwelijk,02/15/2019
Diksmuide,Sandra,Vrouwelijk,03/03/2019
Neufchâteau (Neufchâteau),Julien,Mannelijk,03/08/2019
Binche,Rosa,Vrouwelijk,02/18/2019
Cerfontaine,Virginie,Vrouwelijk,02/27/2019
Gent,Kezban,Vrouwelijk,03/05/2019
Couvin,Lionel,Mannelijk,03/03/2019
Geel,Jan,Mannelijk,03/03/2019
Brussel,Nurcan,Vrouwelijk,02/23/2019
Olne,Paul,Mannelijk,02/24/2019
Tubeke,Bryan,Mannelijk,03/06/2019
Gent,Hugo,Mannelijk,02/28/2019
Pecq,Dorian,Mannelijk,02/19/2019
Blegny,Jean,Mannelijk,02/25/2019
Dentergem,Hans,Mannelijk,02/22/2019
Maaseik,Godelieve,Vrouwelijk,02/21/2019
Courcelles,Giulia,Vrouwelijk,03/02/2019
Brugge,Annie,Vrouwelijk,02/22/2019
Oudenaarde,Isaura,Vrouwelijk,02/21/2019
Paliseul,Luc,Mannelijk,03/04/2019
Dilbeek,Ayse,Vrouwelijk,02/20/2019
Roosdaal,Jeanne,Vrouwelijk,02/25/2019
Mont-Saint-Guibert,Lionel,Mannelijk,02/24/2019
Trooz,Laetitia,Vrouwelijk,03/03/2019
Wevelgem,Christel,Vrouwelijk,02/20/2019
Charleroi,Benoit,Mannelijk,02/24/2019
Edegem,Els,Vrouwelijk,03/13/2019
Luik,Jean,Mannelijk,02/21/2019
Aat,Frédéric,Mannelijk,03/19/2019
Gent,Fee,Vrouwelijk,02/19/2019
Knokke-Heist,Paul,Mannelijk,02/25/2019
Huldenberg,Dylan,Mannelijk,02/25/2019
Fleurus,Amina,Vrouwelijk,03/18/2019
Olen,Michel,Mannelijk,02/26/2019
Puurs-Sint-Amands,Dirk,Mannelijk,02/14/2019
Harelbeke,Stéphane,Mannelijk,02/14/2019
Courcelles,Monique,Vrouwelijk,03/13/2019
Essen,Steven,Mannelijk,03/05/2019
Asse,Kurt,Mannelijk,02/27/2019
Genk,Bekir,Mannelijk,02/27/2019
Antwerpen,Nils,Mannelijk,02/28/2019
Turnhout,Martina,Vrouwelijk,02/15/2019
Luik,Maxime,Mannelijk,02/27/2019
Waver,Renée,Vrouwelijk,03/06/2019
Zwijndrecht,Willy,Mannelijk,02/23/2019
Zonhoven,Lewis,Mannelijk,02/24/2019
Brussel,Rose,Vrouwelijk,02/27/2019
Brugge,Marc,Mannelijk,02/27/2019
Schaarbeek,Rifat,Mannelijk,02/26/2019
Gent,Véronique,Vrouwelijk,02/24/2019
Sint-Gillis-Waas,Silke,Vrouwelijk,03/06/2019
Seraing,Martine,Vrouwelijk,02/21/2019
Hasselt,Elza,Vrouwelijk,03/12/2019
Rijkevorsel,Jan,Mannelijk,02/28/2019
Grâce-Hollogne,Angela,Vrouwelijk,02/21/2019
Dendermonde,Anny,Vrouwelijk,02/27/2019
Hasselt,Katrien,Vrouwelijk,03/01/2019
Bergen,André,Mannelijk,02/27/2019
’s Gravenbrakel,Danielle,Vrouwelijk,02/28/2019
Dendermonde,Xavier,Mannelijk,03/05/2019
Roeselare,Luc,Mannelijk,04/03/2019
Gent,Ann-Sophie,Vrouwelijk,03/07/2019
Charleroi,Theo,Mannelijk,02/27/2019
Eupen,Françoise,Vrouwelijk,02/22/2019
Vresse-sur-Semois,Daniel,Mannelijk,03/03/2019
Kampenhout,Julie,Vrouwelijk,02/18/2019
Jette,Alina,Vrouwelijk,03/14/2019
Wommelgem,Eva,Vrouwelijk,02/26/2019
Gent,Steven,Mannelijk,02/24/2019
Fosses-la-Ville,José,Mannelijk,02/26/2019
Vielsalm,Jacqueline,Vrouwelijk,02/26/2019
Nijvel,Alexander,Mannelijk,02/24/2019
Büllingen,Rolf,Mannelijk,03/08/2019
Anderlecht,Luc,Mannelijk,03/02/2019
Namen,Emmanuel,Mannelijk,02/25/2019
Beersel,Magali,Vrouwelijk,02/25/2019
Waterloo,Ophélie,Vrouwelijk,03/03/2019
Waterloo,Marine,Vrouwelijk,03/06/2019
Antwerpen,Axana,Vrouwelijk,02/25/2019
Brussel,Alexia,Vrouwelijk,03/19/2019
Doornik,Matteo,Mannelijk,03/03/2019
Schaarbeek,Johanna,Vrouwelijk,02/22/2019
Hasselt,Annick,Vrouwelijk,03/04/2019
Antwerpen,Tarik,Mannelijk,02/26/2019
Oudenaarde,Luc,Mannelijk,03/17/2019
Châtelet,Carmine,Mannelijk,03/03/2019
Schaarbeek,Marian,Mannelijk,02/22/2019
Elsene,Cécile,Vrouwelijk,02/18/2019
Liedekerke,Mario,Mannelijk,02/22/2019
Lille,Michel,Mannelijk,02/14/2019
Brugge,Daniel,Mannelijk,03/02/2019
Yvoir,Nathalie,Vrouwelijk,02/25/2019
Charleroi,Alison,Vrouwelijk,02/26/2019
Knokke-Heist,Guy,Mannelijk,02/23/2019
Schaarbeek,Emilie,Vrouwelijk,02/28/2019
Lier,Joke,Vrouwelijk,04/21/2019
Bierbeek,Maria,Vrouwelijk,03/01/2019
Antwerpen,Oliver,Mannelijk,02/24/2019
Brugge,Willy,Mannelijk,03/08/2019
Chimay,Alice,Vrouwelijk,03/20/2019
Luik,Anaïs,Vrouwelijk,02/23/2019
Luik,Gaetan,Mannelijk,02/25/2019
Soumagne,Valérie,Vrouwelijk,02/15/2019
Evergem,Mieke,Vrouwelijk,02/23/2019
Mechelen,Alfons,Mannelijk,02/23/2019
Oudergem,Armand,Mannelijk,02/25/2019
Sint-Gillis-Waas,Fien,Vrouwelijk,02/28/2019
Brasschaat,Thomas,Mannelijk,02/22/2019
Anzegem,José,Mannelijk,02/15/2019
Charleroi,Jordy,Mannelijk,03/01/2019
Gent,Hayat,Vrouwelijk,02/14/2019
Charleroi,Kévin,Mannelijk,02/16/2019
Meise,Ronald,Mannelijk,02/22/2019
Leuze-en-Hainaut,Marie,Vrouwelijk,02/23/2019
Tongeren,Joeri,Mannelijk,02/27/2019
Boom,Willy,Mannelijk,02/24/2019
Wichelen,Martine,Vrouwelijk,02/18/2019
La Bruyère,Luc,Mannelijk,03/09/2019
Lier,Jorne,Mannelijk,03/02/2019
Wevelgem,Celine,Vrouwelijk,02/22/2019
Modave,Jean-Luc,Mannelijk,02/26/2019
Sint-Niklaas (Sint-Niklaas),Hanne,Vrouwelijk,03/12/2019
Avelgem,Marie-Jeanne,Vrouwelijk,03/02/2019
Aubange,Marc,Mannelijk,02/14/2019
Antwerpen,René,Mannelijk,03/04/2019
Les Bons Villers,Alice,Vrouwelijk,02/20/2019
Aalter,Daniël,Mannelijk,02/17/2019
Deinze,Jonas,Mannelijk,02/24/2019
Wommelgem,Sofie,Vrouwelijk,02/26/2019
Ciney,Maggy,Vrouwelijk,02/14/2019
Sint-Katelijne-Waver,Thomas,Mannelijk,02/14/2019
Aarschot,Jacqueline,Vrouwelijk,03/04/2019
Lubbeek,Klaas,Mannelijk,03/03/2019
Péruwelz,Lucie,Vrouwelijk,02/20/2019
Zaventem,Anne,Vrouwelijk,03/04/2019
Schilde,Olivier,Mannelijk,04/11/2019
Büllingen,Marcel,Mannelijk,02/23/2019
Tienen,Thomas,Mannelijk,03/05/2019
Jette,Kevin,Mannelijk,02/22/2019
Ukkel,Geneviève,Vrouwelijk,02/21/2019
Retie,Karel,Mannelijk,02/22/2019
Meise,Augusta,Vrouwelijk,02/24/2019
Borgloon,Sylvie,Vrouwelijk,03/06/2019
Namen,Serge,Mannelijk,02/18/2019
Turnhout,Peter,Mannelijk,02/25/2019
Ottignies-Louvain-la-Neuve,Jean-Claude,Mannelijk,03/15/2019
Habay,Sophie,Vrouwelijk,02/19/2019
Antwerpen,Clara,Vrouwelijk,02/16/2019
Charleroi,Gennaro,Mannelijk,02/17/2019
Charleroi,Martine,Vrouwelijk,02/24/2019
Theux,Hubert,Mannelijk,03/05/2019
Gent,Jeanine,Vrouwelijk,02/14/2019
Gent,Quinten,Mannelijk,02/19/2019
Court-Saint-Etienne,Sébastien,Mannelijk,02/28/2019
Châtelet,Fabian,Mannelijk,02/21/2019
Gent,Maarten,Mannelijk,02/28/2019
Schelle,Sabrina,Vrouwelijk,03/02/2019
Zwevegem,Etienne,Mannelijk,02/28/2019
Zemst,Ward,Mannelijk,03/02/2019
Antwerpen,Can,Mannelijk,02/17/2019
Menen,Albert,Mannelijk,03/13/2019
Neufchâteau (Neufchâteau),Mélissa,Vrouwelijk,02/17/2019
Turnhout,Nele,Vrouwelijk,03/07/2019
Brussel,Emanuele,Mannelijk,03/03/2019
Heusden-Zolder,Fatma,Vrouwelijk,02/28/2019
Evere,Jacques,Mannelijk,02/22/2019
Charleroi,Aurélie,Vrouwelijk,02/21/2019
Fernelmont,Benjamin,Mannelijk,02/23/2019
Bree,Marc,Mannelijk,02/20/2019
Bastenaken,Céline,Vrouwelijk,03/01/2019
Gent,Tim,Mannelijk,02/15/2019
La Louvière,Teresa,Vrouwelijk,02/23/2019
Melle,Arne,Mannelijk,02/15/2019
Bertem,Angèle,Vrouwelijk,02/27/2019
Dilbeek,Mounir,Mannelijk,03/07/2019
Bergen,Noa,Mannelijk,02/22/2019
Oostende,Virginie,Vrouwelijk,02/20/2019
Gent,Axel,Mannelijk,02/24/2019
Luik,Edouard,Mannelijk,03/04/2019
Ronse,Marjorie,Vrouwelijk,02/25/2019
Doornik,Davy,Mannelijk,02/15/2019
Beveren (Sint-Niklaas),Marleen,Vrouwelijk,02/20/2019
Rumes,Jeanine,Vrouwelijk,02/23/2019
Lebbeke,Stijn,Mannelijk,02/26/2019
Sint-Jans-Molenbeek,Rayan,Mannelijk,02/21/2019
Scherpenheuvel-Zichem,Tom,Mannelijk,04/09/2019
Sint-Pieters-Leeuw,Jacqueline,Vrouwelijk,02/18/2019
Evergem,Jenny,Vrouwelijk,02/18/2019
Pont-à-Celles,Jean,Mannelijk,02/15/2019
Ottignies-Louvain-la-Neuve,Nicolas,Mannelijk,02/28/2019
Eigenbrakel,Chantal,Vrouwelijk,03/02/2019
Vilvoorde,Victor,Mannelijk,02/25/2019
Destelbergen,Monique,Vrouwelijk,03/06/2019
Oostende,Michael,Mannelijk,02/25/2019
Anderlecht,Muriel,Vrouwelijk,02/15/2019
Elzele,Emilien,Mannelijk,03/03/2019
Lebbeke,Rita,Vrouwelijk,02/28/2019
Sint-Pieters-Leeuw,Marie,Vrouwelijk,02/25/2019
Antwerpen,Stefan,Mannelijk,02/27/2019
Tubeke,Samuel,Mannelijk,02/26/2019
La Louvière,Rafael,Mannelijk,03/09/2019
Mettet,Philippe,Mannelijk,02/22/2019
Charleroi,El,Mannelijk,02/26/2019
Turnhout,Kris,Mannelijk,03/03/2019
Yvoir,Carine,Vrouwelijk,02/26/2019
Eigenbrakel,Nathalie,Vrouwelijk,02/17/2019
Heusden-Zolder,Elif,Vrouwelijk,02/15/2019
Seraing,Vincenzo,Mannelijk,03/15/2019
Eigenbrakel,Stéphanie,Vrouwelijk,03/15/2019
Zulte,André,Mannelijk,03/03/2019
Hannuit,Robert,Mannelijk,02/24/2019
Jemeppe-sur-Sambre,Elodie,Vrouwelijk,03/02/2019
Turnhout,Hortentia,Vrouwelijk,03/10/2019
Binche,Florence,Vrouwelijk,02/14/2019
Landen,Bertha,Vrouwelijk,04/19/2019
Sombreffe,Jeanne,Vrouwelijk,02/17/2019
Roeselare,Amélie,Vrouwelijk,02/23/2019
Grâce-Hollogne,Marie-Claire,Vrouwelijk,02/16/2019
Niel,Dirk,Mannelijk,02/19/2019
Wevelgem,Lander,Mannelijk,03/05/2019
Beringen,Tugay,Mannelijk,02/23/2019
Beerse,Louis,Mannelijk,02/17/2019
Lokeren,Ismail,Mannelijk,02/22/2019
Antwerpen,Patrick,Mannelijk,03/02/2019
Leuven,Johanna,Vrouwelijk,02/23/2019
Zottegem,Patrick,Mannelijk,02/17/2019
Ieper,Björn,Mannelijk,02/28/2019
Jurbeke,Célia,Vrouwelijk,03/03/2019
Zemst,Ingrid,Vrouwelijk,03/15/2019
Wielsbeke,Els,Vrouwelijk,02/16/2019
Bree,Maria,Vrouwelijk,02/15/2019
Chimay,Céline,Vrouwelijk,02/22/2019
Dison,Dylan,Mannelijk,02/19/2019
Sint-Lambrechts-Woluwe,Eve,Vrouwelijk,03/06/2019
La Louvière,Etienne,Mannelijk,02/24/2019
Hasselt,Nadia,Vrouwelijk,02/26/2019
Hensies,Anita,Vrouwelijk,03/04/2019
La Louvière,Marc,Mannelijk,02/16/2019
Jette,Avni,Mannelijk,03/05/2019
Haaltert,Frank,Mannelijk,02/15/2019
Aarschot,Anni,Vrouwelijk,02/24/2019
Sprimont,Benjamin,Mannelijk,02/18/2019
Aat,Yves,Mannelijk,02/18/2019
Lessen,Carine,Vrouwelijk,02/26/2019
Sint-Gillis-Waas,Chris,Mannelijk,02/21/2019
Antwerpen,Bram,Mannelijk,02/25/2019
Deinze,Margot,Vrouwelijk,02/27/2019
’s Gravenbrakel,Carole,Vrouwelijk,03/07/2019
Etterbeek,Rabia,Vrouwelijk,03/02/2019
Brussel,Abdessalam,Mannelijk,02/27/2019
Vorst (Brussel-Hoofdstad),Said,Mannelijk,02/23/2019
Halen,Filip,Mannelijk,02/25/2019
Antwerpen,Choi,Vrouwelijk,02/19/2019
Roeselare,Nicole,Vrouwelijk,03/05/2019
Aubange,Jean-Claude,Mannelijk,03/17/2019
Dilsen-Stokkem,Liliane,Vrouwelijk,02/28/2019
Dendermonde,Olivier,Mannelijk,02/22/2019
Oostende,Jürgen,Mannelijk,02/26/2019
Binche,Tom,Mannelijk,02/21/2019
Blegny,Philippe,Mannelijk,02/26/2019
Luik,Aïcha,Vrouwelijk,02/22/2019
Sprimont,Aurore,Vrouwelijk,03/06/2019
Pelt,Jacob,Mannelijk,02/27/2019
Aalst (Aalst),Leo,Mannelijk,03/15/2019
Lokeren,Magdalena,Vrouwelijk,02/17/2019
Zoersel,Nathan,Mannelijk,02/22/2019
Wuustwezel,Koenraad,Mannelijk,03/04/2019
Oostende,Petra,Vrouwelijk,02/25/2019
Leuven,Linda,Vrouwelijk,02/25/2019
Wevelgem,Jorre,Mannelijk,03/19/2019
Kalmthout,Chris,Mannelijk,03/02/2019
Wervik,Françoise,Vrouwelijk,02/26/2019
Antwerpen,Maria,Vrouwelijk,03/18/2019
Clavier,Marie,Vrouwelijk,03/01/2019
Lier,Lutgarde,Vrouwelijk,03/08/2019
Schaarbeek,Sohaib,Mannelijk,02/26/2019
Stekene,Tom,Mannelijk,02/28/2019
Ninove,Maria,Vrouwelijk,02/22/2019
Gent,Bart,Mannelijk,03/07/2019
