gemeente,naam,geslacht,verwachte datum
Gent,Naziha,Vrouwelijk,10/16/2019
Virton,Francis,Mannelijk,10/01/2019
Izegem,Léonie,Vrouwelijk,11/01/2019
Ukkel,Constance,Vrouwelijk,10/17/2019
Lendelede,Erna,Vrouwelijk,10/02/2019
Genk,Gülay,Vrouwelijk,10/10/2019
Ninove,Jan,Mannelijk,10/10/2019
Essen,Leonardus,Mannelijk,10/11/2019
Sint-Pieters-Leeuw,Françoise,Vrouwelijk,10/09/2019
Machelen (Halle-Vilvoorde),Magda,Vrouwelijk,10/08/2019
Boussu,Olivier,Mannelijk,10/11/2019
Hensies,Guillaume,Mannelijk,10/21/2019
Antwerpen,Thomas,Mannelijk,10/14/2019
Gent,Amina,Vrouwelijk,10/31/2019
Zonhoven,Daniel,Mannelijk,10/14/2019
Aalst (Aalst),Anja,Vrouwelijk,10/05/2019
Steenokkerzeel,Sabrina,Vrouwelijk,10/25/2019
Gedinne,Carine,Vrouwelijk,10/10/2019
Sint-Jans-Molenbeek,Jennifer,Vrouwelijk,10/10/2019
Stekene,Sylvia,Vrouwelijk,10/24/2019
Brussel,Mihaela,Vrouwelijk,10/13/2019
Oupeye,Corentin,Mannelijk,10/09/2019
Etterbeek,Nicolas,Mannelijk,10/03/2019
Essen,Liam,Mannelijk,10/10/2019
Antwerpen,Eric,Mannelijk,10/29/2019
Vorst (Brussel-Hoofdstad),Xavier,Mannelijk,10/26/2019
Grimbergen,Claire,Vrouwelijk,10/18/2019
Flémalle,Margherita,Vrouwelijk,10/19/2019
Laarne,Angélique,Vrouwelijk,10/15/2019
Jette,Jeanne,Vrouwelijk,10/14/2019
Antwerpen,Aziza,Vrouwelijk,10/08/2019
Lokeren,Nora,Vrouwelijk,10/15/2019
Verviers,Shirley,Vrouwelijk,10/22/2019
Jemeppe-sur-Sambre,Céline,Vrouwelijk,10/13/2019
Lille,Vince,Mannelijk,10/07/2019
Brasschaat,Gerrit,Mannelijk,10/03/2019
Weismes,Tom,Mannelijk,10/10/2019
Holsbeek,Jozef,Mannelijk,10/10/2019
Balen,Danny,Mannelijk,10/20/2019
Luik,Phoebe,Vrouwelijk,10/25/2019
Antwerpen,Geert,Mannelijk,10/14/2019
Moeskroen,Maryse,Vrouwelijk,10/14/2019
Hasselt,Iliana,Vrouwelijk,10/10/2019
Maaseik,Kim,Vrouwelijk,10/21/2019
Jette,Anita,Vrouwelijk,10/23/2019
Schaarbeek,Huriye,Vrouwelijk,10/16/2019
Rumes,Marie-Paule,Vrouwelijk,10/08/2019
Welkenraedt,Geneviève,Vrouwelijk,10/20/2019
Chiny,Suzanne,Vrouwelijk,10/26/2019
Anderlues,Nicolas,Mannelijk,10/08/2019
Oud-Turnhout,Franciscus,Mannelijk,10/06/2019
Beveren (Sint-Niklaas),Jacqueline,Vrouwelijk,10/01/2019
Gent,Damiën,Mannelijk,11/15/2019
Vilvoorde,Emma,Vrouwelijk,10/07/2019
De Panne,Nicolas,Mannelijk,10/04/2019
Beringen,Liam,Mannelijk,10/04/2019
Mol,Jozef,Mannelijk,10/10/2019
Leuven,Justine,Vrouwelijk,10/15/2019
Mechelen,Mohamed,Mannelijk,10/16/2019
Heers,Michel,Mannelijk,10/26/2019
Profondeville,Sophie,Vrouwelijk,10/09/2019
Poperinge,Daisy,Vrouwelijk,10/08/2019
Charleroi,Ines,Vrouwelijk,10/14/2019
Lievegem,Jenny,Vrouwelijk,10/13/2019
Genk,Claudia,Vrouwelijk,10/09/2019
Brussel,Fatiha,Vrouwelijk,10/01/2019
Honnelles,René,Mannelijk,11/04/2019
Laarne,Yvonne,Vrouwelijk,10/26/2019
Sint-Jans-Molenbeek,Vassiliki,Vrouwelijk,10/20/2019
Sankt Vith,Oliver,Mannelijk,10/01/2019
Aalst (Aalst),Guy,Mannelijk,10/18/2019
La Louvière,France,Vrouwelijk,10/10/2019
Tubeke,Patricia,Vrouwelijk,10/05/2019
Lokeren,Lara,Vrouwelijk,10/12/2019
Jette,Sarah,Vrouwelijk,11/02/2019
Charleroi,Claude,Mannelijk,10/06/2019
Elsene,Ali,Mannelijk,10/24/2019
Lommel,Victor,Mannelijk,10/31/2019
Willebroek,Maria,Vrouwelijk,10/12/2019
Tienen,Marc,Mannelijk,10/20/2019
Mechelen,Marie,Vrouwelijk,10/12/2019
Namen,Isabelle,Vrouwelijk,10/13/2019
Binche,Bernadette,Vrouwelijk,10/14/2019
Schaarbeek,Carmelo,Mannelijk,10/15/2019
Oostende,Charlotte,Vrouwelijk,10/13/2019
Terhulpen,Frédéric,Mannelijk,10/16/2019
Brussel,Francis,Mannelijk,10/20/2019
Knokke-Heist,Marie,Vrouwelijk,10/04/2019
Luik,Marie,Vrouwelijk,10/08/2019
Brussel,Korneel,Mannelijk,10/02/2019
Lierde,Hans,Mannelijk,10/05/2019
Kortemark,Caitlin,Vrouwelijk,10/18/2019
Schaarbeek,Betül,Vrouwelijk,10/12/2019
Lommel,Martine,Vrouwelijk,11/02/2019
Bonheiden,Samuel,Mannelijk,11/01/2019
Haaltert,Marie,Vrouwelijk,10/21/2019
Wetteren,Piotr,Mannelijk,11/06/2019
Dour,Mohammed,Mannelijk,10/08/2019
Chapelle-lez-Herlaimont,Luca,Mannelijk,10/14/2019
Seraing,Monique,Vrouwelijk,10/15/2019
Schaarbeek,Adem,Mannelijk,10/01/2019
Kinrooi,Brigitte,Vrouwelijk,10/05/2019
Charleroi,Annick,Vrouwelijk,10/03/2019
Gent,Huguette,Vrouwelijk,10/25/2019
Colfontaine,Giovanna,Vrouwelijk,10/12/2019
Duffel,Gerlinda,Vrouwelijk,10/10/2019
Sint-Niklaas (Sint-Niklaas),Patrick,Mannelijk,10/16/2019
Bastenaken,Anne,Vrouwelijk,10/24/2019
Luik,Muhammet,Mannelijk,10/13/2019
Antwerpen,Jimmy,Mannelijk,10/28/2019
Bertem,Rita,Vrouwelijk,12/06/2019
Lommel,Eugène,Mannelijk,10/20/2019
Hamme (Dendermonde),Freddy,Mannelijk,10/17/2019
Walhain,Maria,Vrouwelijk,10/08/2019
Brussel,Nadia,Vrouwelijk,10/05/2019
Schoten,Herman,Mannelijk,10/14/2019
La Louvière,Patrick,Mannelijk,10/02/2019
Keerbergen,Sabine,Vrouwelijk,10/06/2019
Zulte,Edouard,Mannelijk,10/17/2019
Antwerpen,Jakub,Mannelijk,10/20/2019
Kruibeke,Filip,Mannelijk,10/08/2019
Aat,Jean-Claude,Mannelijk,10/12/2019
Bergen,Jacqueline,Vrouwelijk,10/06/2019
Oudsbergen,Willem,Mannelijk,10/18/2019
Estinnes,Delphine,Vrouwelijk,10/12/2019
Langemark-Poelkapelle,Anny,Vrouwelijk,10/18/2019
Gent,Lukas,Mannelijk,10/28/2019
Brugge,Marleen,Vrouwelijk,10/10/2019
Diest,Marc,Mannelijk,10/20/2019
Antwerpen,Jean,Mannelijk,10/13/2019
Hasselt,Mario,Mannelijk,10/30/2019
Charleroi,Delphine,Vrouwelijk,10/01/2019
Knokke-Heist,Camille,Vrouwelijk,10/17/2019
Luik,Sandra,Vrouwelijk,10/09/2019
Morlanwelz,Sabine,Vrouwelijk,10/12/2019
Bornem,Ingrid,Vrouwelijk,10/22/2019
Gingelom,Paul,Mannelijk,10/11/2019
Ciney,Valéry,Mannelijk,10/17/2019
Antwerpen,Lily,Vrouwelijk,10/13/2019
Saint-Hubert,Sarah,Vrouwelijk,10/16/2019
Antwerpen,Ingmar,Mannelijk,10/23/2019
Courcelles,Matthew,Mannelijk,10/13/2019
Geel,Alois,Mannelijk,10/09/2019
Ieper,Agnès,Vrouwelijk,10/10/2019
Peer,Joannes,Mannelijk,10/28/2019
Zoersel,Emma,Vrouwelijk,10/23/2019
Bonheiden,Annelies,Vrouwelijk,10/04/2019
Nijlen,Maarten,Mannelijk,10/12/2019
Torhout,Geert,Mannelijk,10/07/2019
Courcelles,Caroline,Vrouwelijk,10/14/2019
Brecht,Eline,Vrouwelijk,10/14/2019
Antwerpen,Salma,Vrouwelijk,11/27/2019
Kraainem,Danielle,Vrouwelijk,10/13/2019
Waasmunster,Christiana,Vrouwelijk,11/07/2019
Ruiselede,Paul,Mannelijk,10/11/2019
Halle (Halle-Vilvoorde),Phaedra,Vrouwelijk,10/09/2019
Aalter,Sarah,Vrouwelijk,10/14/2019
Incourt,Marie,Vrouwelijk,12/05/2019
Waterloo,David,Mannelijk,10/18/2019
Turnhout,Yana,Vrouwelijk,10/08/2019
Schoten,Betty,Vrouwelijk,10/21/2019
Koksijde,Anne,Vrouwelijk,10/16/2019
Elsene,Marianne,Vrouwelijk,10/19/2019
Antwerpen,Maria,Vrouwelijk,10/14/2019
Anzegem,Rita,Vrouwelijk,10/17/2019
Herstal,Patricia,Vrouwelijk,10/09/2019
Charleroi,Christian,Mannelijk,10/14/2019
Bergen,Noa,Mannelijk,10/19/2019
Elsene,Othmane,Mannelijk,10/11/2019
Lennik,Roger,Mannelijk,12/05/2019
Gent,Veerle,Vrouwelijk,10/08/2019
Profondeville,Amaury,Mannelijk,10/13/2019
Zulte,Rudy,Mannelijk,11/13/2019
Andenne,Freddy,Mannelijk,10/21/2019
Gent,Max,Mannelijk,11/02/2019
Wevelgem,Sylvie,Vrouwelijk,10/14/2019
Haaltert,Alfons,Mannelijk,10/21/2019
Bilzen,Jesse,Mannelijk,10/28/2019
Malle,Julia,Vrouwelijk,10/16/2019
Turnhout,Thomas,Mannelijk,10/21/2019
Oostende,Pierre,Mannelijk,10/14/2019
Meise,Nicole,Vrouwelijk,10/10/2019
Elsene,Isabel,Vrouwelijk,10/16/2019
Genepiën,Stéphanie,Vrouwelijk,10/05/2019
Roeselare,Griet,Vrouwelijk,10/15/2019
Spa,Rachel,Vrouwelijk,10/19/2019
Borgworm,Christophe,Mannelijk,10/01/2019
Oostrozebeke,Bieke,Vrouwelijk,10/15/2019
Oostende,Florence,Vrouwelijk,10/04/2019
Ninove,Evelyne,Vrouwelijk,10/12/2019
Sint-Niklaas (Sint-Niklaas),Marc,Mannelijk,10/12/2019
Antwerpen,Liam,Mannelijk,10/15/2019
Sambreville,Norah,Vrouwelijk,10/12/2019
Kapellen (Antwerpen),Ella,Vrouwelijk,11/17/2019
Fleurus,Odette,Vrouwelijk,10/09/2019
Eghezée,Jacques,Mannelijk,10/17/2019
Sint-Niklaas (Sint-Niklaas),Ayoub,Mannelijk,10/17/2019
Ardooie,Christian,Mannelijk,10/01/2019
Tongeren,Lotte,Vrouwelijk,10/18/2019
Gent,Aline,Vrouwelijk,10/19/2019
Wanze,Christian,Mannelijk,10/20/2019
Niel,David,Mannelijk,10/14/2019
Antwerpen,Sofia,Vrouwelijk,10/18/2019
Rumst,Hugo,Mannelijk,10/17/2019
Hasselt,Yolande,Vrouwelijk,10/08/2019
Leopoldsburg,Sandra,Vrouwelijk,10/04/2019
Stekene,Gert,Mannelijk,10/25/2019
Brasschaat,David,Mannelijk,10/02/2019
Maasmechelen,Derya,Vrouwelijk,10/15/2019
Chimay,Mélanie,Vrouwelijk,10/02/2019
Zonhoven,Pieter,Mannelijk,10/05/2019
Zulte,Dirk,Mannelijk,10/10/2019
Grâce-Hollogne,Vanessa,Vrouwelijk,10/12/2019
Ukkel,Charles,Mannelijk,10/18/2019
Florenville,Simon,Mannelijk,10/14/2019
Brugge,Jeroen,Mannelijk,10/03/2019
Zedelgem,Kris,Mannelijk,10/11/2019
Brugge,Dirk,Mannelijk,10/14/2019
Beveren (Sint-Niklaas),Sandra,Vrouwelijk,10/12/2019
Anderlecht,Gisèle,Vrouwelijk,10/22/2019
Boussu,Maël,Mannelijk,10/09/2019
Middelkerke,Godelieve,Vrouwelijk,10/15/2019
Beringen,Jolien,Vrouwelijk,10/12/2019
Antwerpen,Gerda,Vrouwelijk,10/20/2019
Namen,Samira,Vrouwelijk,10/08/2019
Bonheiden,Magda,Vrouwelijk,10/06/2019
Aalter,Annie,Vrouwelijk,10/20/2019
Sint-Gillis,Chantal,Vrouwelijk,10/10/2019
Herentals,Alfons,Mannelijk,10/11/2019
Frameries,Xavier,Mannelijk,10/05/2019
Dendermonde,Kris,Mannelijk,10/08/2019
Ukkel,Emma,Vrouwelijk,10/01/2019
Luik,Anne,Vrouwelijk,10/18/2019
Somme-Leuze,Guillaume,Mannelijk,10/09/2019
Zinnik,Anne-Marie,Vrouwelijk,10/08/2019
Halle (Halle-Vilvoorde),Raymond,Mannelijk,11/02/2019
Londerzeel,Ilse,Vrouwelijk,10/26/2019
Willebroek,Toon,Mannelijk,10/09/2019
Beerse,Lucas,Mannelijk,10/07/2019
Brugge,Nathalie,Vrouwelijk,10/12/2019
Schaarbeek,Nouh,Mannelijk,10/09/2019
Merelbeke,Patrick,Mannelijk,10/10/2019
Beringen,Nezahat,Vrouwelijk,10/24/2019
Marche-en-Famenne,Aline,Vrouwelijk,10/03/2019
Antwerpen,William,Mannelijk,10/14/2019
Denderleeuw,Daniel,Mannelijk,10/10/2019
Lint,Paul,Mannelijk,10/11/2019
Vilvoorde,Sarah,Vrouwelijk,10/15/2019
Etterbeek,Ivan,Mannelijk,10/14/2019
Walcourt,Raymond,Mannelijk,10/07/2019
Herentals,Heidi,Vrouwelijk,10/16/2019
Tongeren,Heidi,Vrouwelijk,10/18/2019
Turnhout,Marina,Vrouwelijk,10/24/2019
Chaudfontaine,Colette,Vrouwelijk,10/26/2019
Ninove,Quinten,Mannelijk,10/21/2019
Elsene,Nicolas,Mannelijk,10/21/2019
Bütgenbach,Johann,Mannelijk,10/20/2019
Zelzate,Marcel,Mannelijk,10/22/2019
Anderlecht,Cloé,Vrouwelijk,10/17/2019
Riemst,Edith,Vrouwelijk,10/23/2019
Gent,Sabine,Vrouwelijk,10/16/2019
Brugge,Noël,Mannelijk,10/11/2019
Rixensart,Charlotte,Vrouwelijk,10/14/2019
Soumagne,José,Mannelijk,10/03/2019
Kortenberg,Frank,Mannelijk,10/09/2019
Anderlecht,Imran,Mannelijk,10/09/2019
Gent,Andrea,Vrouwelijk,10/12/2019
Marchin,Anna,Vrouwelijk,10/20/2019
Kortrijk,Steven,Mannelijk,10/09/2019
Beloeil,Marianne,Vrouwelijk,10/04/2019
Genepiën,Nathalie,Vrouwelijk,10/14/2019
Oostende,Marie,Vrouwelijk,10/06/2019
Destelbergen,Dirk,Mannelijk,10/18/2019
Lievegem,Noël,Mannelijk,10/07/2019
Ternat,Fabienne,Vrouwelijk,10/13/2019
Balen,Nore,Vrouwelijk,10/13/2019
Moeskroen,Lydie,Vrouwelijk,10/10/2019
Zaventem,Ebru,Vrouwelijk,10/12/2019
Laakdal,Jozef,Mannelijk,10/09/2019
Mol,Patrick,Mannelijk,10/10/2019
Sint-Gillis-Waas,Maria,Vrouwelijk,10/07/2019
Luik,Metin,Mannelijk,10/09/2019
Geraardsbergen,Lynn,Vrouwelijk,10/11/2019
Maasmechelen,Julia,Vrouwelijk,10/12/2019
Antwerpen,Denisa,Vrouwelijk,10/04/2019
Aubange,Teresa,Vrouwelijk,10/18/2019
Aarschot,Anita,Vrouwelijk,10/05/2019
Ottignies-Louvain-la-Neuve,Florence,Vrouwelijk,10/04/2019
Herstal,David,Mannelijk,10/17/2019
Eupen,Dominique,Mannelijk,10/08/2019
Perwijs (Nijvel),Agnès,Vrouwelijk,10/20/2019
Herstal,Séverine,Vrouwelijk,10/13/2019
Charleroi,Evelyne,Vrouwelijk,10/14/2019
Sint-Pieters-Woluwe,Jason,Mannelijk,10/11/2019
Bree,Dirk,Mannelijk,10/05/2019
Doornik,Dominique,Vrouwelijk,10/05/2019
Morlanwelz,Roger,Mannelijk,10/08/2019
Herentals,Albert,Mannelijk,10/13/2019
Ham,Lara,Vrouwelijk,10/04/2019
Anderlecht,Emile,Mannelijk,10/13/2019
Charleroi,Fabienne,Vrouwelijk,10/25/2019
Namen,Robert,Mannelijk,10/04/2019
Bergen,Maria,Vrouwelijk,10/13/2019
Chaumont-Gistoux,Thierry,Mannelijk,10/13/2019
Beveren (Sint-Niklaas),Caroline,Vrouwelijk,10/10/2019
Willebroek,Helga,Vrouwelijk,10/09/2019
Durbuy,Eva,Vrouwelijk,10/03/2019
