gemeente,naam,geslacht,verwachte datum
Geel,Anna,Vrouwelijk,09/17/2019
Lierde,Véronique,Vrouwelijk,09/12/2019
Asse,Sylvie,Vrouwelijk,09/12/2019
Dendermonde,Rik,Mannelijk,09/15/2019
Buggenhout,Milan,Mannelijk,09/03/2019
Roeselare,Amir,Mannelijk,09/15/2019
Rebecq,Maxime,Mannelijk,09/10/2019
Schoten,Marc,Mannelijk,09/13/2019
Bredene,Jeannine,Vrouwelijk,09/13/2019
Bilzen,Mila,Vrouwelijk,09/20/2019
Wemmel,Eva,Vrouwelijk,09/08/2019
As,Katrien,Vrouwelijk,09/03/2019
Eupen,Romain,Mannelijk,09/04/2019
Namen,Didier,Mannelijk,09/27/2019
Beveren (Sint-Niklaas),Matthias,Mannelijk,09/14/2019
Schilde,Joseph,Mannelijk,09/21/2019
Charleroi,Anne,Vrouwelijk,09/10/2019
Turnhout,Antoinette,Vrouwelijk,09/18/2019
Waasmunster,Charlotte,Vrouwelijk,09/16/2019
Sint-Jans-Molenbeek,Daniel,Mannelijk,09/16/2019
Musson,Michaël,Mannelijk,09/25/2019
Willebroek,Hasan,Mannelijk,09/23/2019
Sint-Joost-ten-Node,Dilan,Mannelijk,09/08/2019
Oostrozebeke,Bieke,Vrouwelijk,10/15/2019
La Roche-en-Ardenne,Josette,Vrouwelijk,09/16/2019
Kortessem,Ingeborg,Vrouwelijk,09/05/2019
Schaarbeek,Hiba,Vrouwelijk,10/01/2019
Steenokkerzeel,Annie,Vrouwelijk,09/07/2019
Genepiën,Valérie,Vrouwelijk,09/17/2019
Wervik,Luc,Mannelijk,09/08/2019
Herent,Fien,Vrouwelijk,09/02/2019
Heist-op-den-Berg,Anna,Vrouwelijk,09/18/2019
Westerlo,Herman,Mannelijk,10/31/2019
Tongeren,Karl,Mannelijk,09/23/2019
Hove (Antwerpen),Koen,Mannelijk,09/15/2019
Lanaken,Chris,Mannelijk,09/09/2019
Boutersem,Chantal,Vrouwelijk,09/21/2019
Brussel,Nour,Vrouwelijk,09/10/2019
Beernem,Marie,Vrouwelijk,09/06/2019
Deinze,Michelle,Vrouwelijk,09/06/2019
Tremelo,Lea,Vrouwelijk,09/26/2019
Hasselt,Juliette,Vrouwelijk,09/10/2019
Antwerpen,Justyna,Vrouwelijk,09/14/2019
Bouillon,Jeannine,Vrouwelijk,09/04/2019
Schaarbeek,Julia,Vrouwelijk,09/04/2019
Herent,Joke,Vrouwelijk,09/28/2019
Aalst (Aalst),Samira,Vrouwelijk,10/10/2019
Kortrijk,Martine,Vrouwelijk,09/19/2019
Gent,Tom,Mannelijk,09/13/2019
Antwerpen,Tom,Mannelijk,09/17/2019
Fleurus,Jacques,Mannelijk,09/20/2019
Evere,Alejandro,Mannelijk,09/12/2019
Mol,Tania,Vrouwelijk,09/12/2019
Wervik,Paul,Mannelijk,09/11/2019
Middelkerke,Daniël,Mannelijk,09/22/2019
Antwerpen,Hulya,Vrouwelijk,09/11/2019
Tongeren,Rony,Mannelijk,09/08/2019
Oostrozebeke,Julien,Mannelijk,09/07/2019
Komen-Waasten,Philippe,Mannelijk,09/24/2019
Landen,Lena,Vrouwelijk,09/24/2019
Sint-Gillis,Jacques,Mannelijk,09/14/2019
Haacht,Karine,Vrouwelijk,09/21/2019
Brussel,Christophe,Mannelijk,09/10/2019
Raeren,Yvonne,Vrouwelijk,09/06/2019
Raeren,David,Mannelijk,09/07/2019
Courcelles,Marie-Christine,Vrouwelijk,09/10/2019
Boechout,Didier,Mannelijk,09/10/2019
Gedinne,Madeleine,Vrouwelijk,09/04/2019
Farciennes,Melike,Vrouwelijk,09/18/2019
Geraardsbergen,Victor,Mannelijk,09/07/2019
Zoersel,Geert,Mannelijk,09/21/2019
Sint-Niklaas (Sint-Niklaas),Vic,Mannelijk,09/08/2019
Sint-Katelijne-Waver,Rosa,Vrouwelijk,09/13/2019
Tongeren,Josette,Vrouwelijk,11/04/2019
Oostende,Yvette,Vrouwelijk,09/12/2019
Riemst,Ludo,Mannelijk,09/21/2019
Melle,Lydie,Vrouwelijk,09/22/2019
Antwerpen,Johan,Mannelijk,09/13/2019
Lommel,Ivo,Mannelijk,09/05/2019
Verviers,Micheline,Vrouwelijk,09/12/2019
Waregem,Liliane,Vrouwelijk,09/17/2019
Herent,Daniel,Mannelijk,09/22/2019
Ukkel,Valentina,Vrouwelijk,09/21/2019
Mechelen,Isra,Vrouwelijk,09/12/2019
Charleroi,Lola,Vrouwelijk,09/21/2019
Destelbergen,Diane,Vrouwelijk,10/05/2019
Maaseik,Rudolf,Mannelijk,09/09/2019
Laarne,Christine,Vrouwelijk,09/16/2019
Manage,Caterina,Vrouwelijk,09/14/2019
Evergem,Zoë,Vrouwelijk,09/10/2019
Sint-Gillis,Samira,Vrouwelijk,09/19/2019
Stavelot,Jérémy,Mannelijk,09/15/2019
Eupen,Linda,Vrouwelijk,09/13/2019
Fleurus,Monique,Vrouwelijk,09/20/2019
Gerpinnes,Laura,Vrouwelijk,09/15/2019
’s Gravenbrakel,Nathalie,Vrouwelijk,09/08/2019
Saint-Nicolas (Luik),Jean-Christophe,Mannelijk,09/13/2019
Jurbeke,Victor,Mannelijk,09/10/2019
Ardooie,Georges,Mannelijk,09/02/2019
Antwerpen,Gifty,Vrouwelijk,10/08/2019
Linter,Bart,Mannelijk,09/12/2019
Antwerpen,Alexey,Mannelijk,09/11/2019
Gingelom,Lars,Mannelijk,09/04/2019
Charleroi,Christine,Vrouwelijk,09/17/2019
Pelt,David,Mannelijk,09/22/2019
Genk,Eddy,Mannelijk,10/04/2019
Gerpinnes,Rose-Marie,Vrouwelijk,09/16/2019
Ranst,Pascale,Vrouwelijk,09/13/2019
Binche,Mélanie,Vrouwelijk,09/21/2019
Sankt Vith,Guido,Mannelijk,09/13/2019
Boutersem,Maria,Vrouwelijk,09/12/2019
Gent,Emma,Vrouwelijk,09/11/2019
Avelgem,Jens,Mannelijk,09/10/2019
Antwerpen,Gisèle,Vrouwelijk,09/14/2019
Maasmechelen,Elza,Vrouwelijk,09/12/2019
Bergen,Lydie,Vrouwelijk,09/12/2019
Beringen,Kris,Mannelijk,09/08/2019
Namen,Cathy,Vrouwelijk,09/16/2019
Haacht,Yasmine,Vrouwelijk,09/09/2019
Ans,Hubert,Mannelijk,09/14/2019
Sambreville,Théo,Mannelijk,09/10/2019
Flémalle,Alain,Mannelijk,09/27/2019
Morlanwelz,Sofiane,Mannelijk,09/21/2019
Huldenberg,Nancy,Vrouwelijk,09/17/2019
Beveren (Sint-Niklaas),Gitte,Vrouwelijk,09/10/2019
Brugge,Sil,Mannelijk,09/15/2019
Aarschot,Marie,Vrouwelijk,09/08/2019
Chastre,Olivier,Mannelijk,09/22/2019
Berlare,Milan,Mannelijk,09/09/2019
Zinnik,Clémence,Vrouwelijk,09/09/2019
Hechtel-Eksel,Luc,Mannelijk,09/19/2019
Brussel,Fatiha,Vrouwelijk,09/10/2019
Sint-Katelijne-Waver,Sanne,Vrouwelijk,09/13/2019
Hastière,Grégory,Mannelijk,09/15/2019
Rixensart,Fabrice,Mannelijk,10/05/2019
Sankt Vith,Gerhard,Mannelijk,09/10/2019
Bergen,Clara,Vrouwelijk,09/29/2019
Sint-Niklaas (Sint-Niklaas),Maxime,Vrouwelijk,09/15/2019
Geraardsbergen,Chloé,Vrouwelijk,09/09/2019
Waterloo,Coralie,Vrouwelijk,09/12/2019
Antwerpen,Martina,Vrouwelijk,09/07/2019
Menen,Paulette,Vrouwelijk,09/22/2019
Hasselt,Marc,Mannelijk,09/17/2019
Opwijk,Patricia,Vrouwelijk,10/01/2019
Flémalle,Nicolas,Mannelijk,09/09/2019
Heist-op-den-Berg,Simonne,Vrouwelijk,09/29/2019
Brugge,Kristof,Mannelijk,09/11/2019
Elsene,André,Mannelijk,09/22/2019
Oosterzele,Gabrielle,Vrouwelijk,09/22/2019
Sint-Lambrechts-Woluwe,Dalia,Vrouwelijk,09/10/2019
Roosdaal,Arlette,Vrouwelijk,09/03/2019
Kruibeke,Seppe,Mannelijk,10/25/2019
Veurne,David,Mannelijk,09/16/2019
Brugge,Steven,Mannelijk,09/09/2019
Wetteren,Els,Vrouwelijk,09/09/2019
Charleroi,Aaron,Mannelijk,09/14/2019
Ronse,Arthur,Mannelijk,09/05/2019
Bekkevoort,Geert,Mannelijk,09/11/2019
Brugge,Ingrid,Vrouwelijk,09/22/2019
Lanaken,Yvonne,Vrouwelijk,09/15/2019
Stekene,Julien,Mannelijk,09/16/2019
Aarschot,Viviane,Vrouwelijk,09/13/2019
Hooglede,Nancy,Vrouwelijk,09/10/2019
Kortrijk,Lorenzo,Mannelijk,09/09/2019
Zaventem,Nathalie,Vrouwelijk,09/15/2019
Riemst,Roan,Mannelijk,09/19/2019
Aalst (Aalst),Werner,Mannelijk,09/15/2019
Verviers,Gianni,Mannelijk,09/19/2019
Gent,Georgette,Vrouwelijk,09/14/2019
Temse,Frans,Mannelijk,09/24/2019
Lokeren,Lieze,Vrouwelijk,09/20/2019
Brussel,Michèle,Vrouwelijk,09/15/2019
Hasselt,Carolina,Vrouwelijk,09/23/2019
Eigenbrakel,Maxence,Mannelijk,09/09/2019
Eupen,Martin,Mannelijk,09/05/2019
Antwerpen,Sakina,Vrouwelijk,09/21/2019
Westerlo,Lisette,Vrouwelijk,09/13/2019
Schaarbeek,Nicole,Vrouwelijk,09/13/2019
Ottignies-Louvain-la-Neuve,Françoise,Vrouwelijk,09/10/2019
Aarschot,Ingrid,Vrouwelijk,09/22/2019
Antwerpen,Johnny,Mannelijk,09/15/2019
Putte,Elly,Vrouwelijk,09/15/2019
Antwerpen,Tommy,Mannelijk,09/03/2019
Seraing,Sonia,Vrouwelijk,09/14/2019
Zwijndrecht,Robert,Mannelijk,09/14/2019
Hoei,Thomas,Mannelijk,09/12/2019
Oupeye,Christiane,Vrouwelijk,09/10/2019
Elsene,Marie,Vrouwelijk,09/09/2019
Brasschaat,Ellen,Vrouwelijk,09/13/2019
Oostende,Regina,Vrouwelijk,09/17/2019
Antwerpen,Najat,Vrouwelijk,09/08/2019
Rotselaar,Maria,Vrouwelijk,10/04/2019
Jemeppe-sur-Sambre,Théo,Mannelijk,09/21/2019
Turnhout,Michael,Mannelijk,09/19/2019
Halle (Halle-Vilvoorde),Geert,Mannelijk,09/13/2019
Genepiën,Théodore,Mannelijk,09/02/2019
Sint-Laureins,Marleen,Vrouwelijk,09/02/2019
Libramont-Chevigny,Jean-Marie,Mannelijk,09/14/2019
Waterloo,Carolina,Vrouwelijk,09/13/2019
Schaarbeek,Brigitte,Vrouwelijk,09/09/2019
Aarlen,Emilie,Vrouwelijk,09/20/2019
Bilzen,Patrick,Mannelijk,09/16/2019
Mol,Guido,Mannelijk,09/21/2019
Beringen,Mustafa,Mannelijk,09/20/2019
Ronse,Marie,Vrouwelijk,09/11/2019
Beringen,Wouter,Mannelijk,09/09/2019
Yvoir,Raymond,Mannelijk,09/20/2019
Antwerpen,Eli,Mannelijk,09/04/2019
Oostkamp,Ilona,Vrouwelijk,09/17/2019
Luik,Lisette,Vrouwelijk,09/12/2019
Paliseul,Claudine,Vrouwelijk,09/09/2019
Profondeville,Chantal,Vrouwelijk,09/13/2019
Oudsbergen,Evy,Vrouwelijk,09/14/2019
Hasselt,Alice,Vrouwelijk,09/10/2019
Lommel,Katleen,Vrouwelijk,09/20/2019
Genk,Gunther,Mannelijk,09/18/2019
Denderleeuw,Karolien,Vrouwelijk,09/10/2019
Halle (Halle-Vilvoorde),Véronique,Vrouwelijk,09/14/2019
Charleroi,Aurélien,Mannelijk,09/15/2019
Erquelinnes,Viviane,Vrouwelijk,09/15/2019
Gent,Kazim,Mannelijk,09/04/2019
Gent,Jerom,Mannelijk,09/17/2019
Beveren (Sint-Niklaas),Mario,Mannelijk,09/03/2019
Schaarbeek,Mustafa,Mannelijk,09/10/2019
Landen,Koenraad,Mannelijk,09/05/2019
Eupen,Samuel,Mannelijk,09/21/2019
Kapellen (Antwerpen),Maria,Vrouwelijk,09/11/2019
Hove (Antwerpen),Louis,Mannelijk,09/02/2019
Ravels,Jeroen,Mannelijk,09/10/2019
Oud-Heverlee,Jacques,Mannelijk,09/18/2019
Sint-Jans-Molenbeek,Mohamed,Mannelijk,09/20/2019
Anderlecht,Adam,Mannelijk,09/30/2019
Genk,Ibrahim,Mannelijk,09/02/2019
Leuven,Marie,Vrouwelijk,09/09/2019
Haacht,Françoise,Vrouwelijk,09/16/2019
Bergen,Yvan,Mannelijk,09/12/2019
Turnhout,Franciscus,Mannelijk,09/17/2019
Hasselt,Pieter,Mannelijk,09/10/2019
Péruwelz,Marie-Line,Vrouwelijk,10/01/2019
Brussel,Hamid,Mannelijk,09/15/2019
Beernem,Greta,Vrouwelijk,09/10/2019
Nieuwerkerken (Hasselt),Matthias,Mannelijk,09/25/2019
Sint-Katelijne-Waver,Marianne,Vrouwelijk,09/13/2019
Zulte,Steven,Mannelijk,09/05/2019
Gembloux,Célia,Vrouwelijk,09/03/2019
Wemmel,Annelies,Vrouwelijk,09/11/2019
Aat,Laurence,Vrouwelijk,09/09/2019
Schaarbeek,Caroline,Vrouwelijk,10/01/2019
Sint-Joost-ten-Node,Natalia,Vrouwelijk,09/10/2019
Montigny-le-Tilleul,Philippe,Mannelijk,09/16/2019
Anderlecht,Nabil,Mannelijk,09/12/2019
Beersel,Louis,Mannelijk,09/11/2019
Heist-op-den-Berg,Anja,Vrouwelijk,09/08/2019
Nieuwpoort,Linda,Vrouwelijk,09/15/2019
Landen,Bruno,Mannelijk,09/14/2019
Edegem,Franciscus,Mannelijk,09/09/2019
Luik,Jean-Marie,Mannelijk,09/06/2019
Sint-Lievens-Houtem,Evelien,Vrouwelijk,09/13/2019
Gent,Debby,Vrouwelijk,09/16/2019
Wuustwezel,Monique,Vrouwelijk,09/08/2019
Gent,Miray,Vrouwelijk,09/14/2019
Evergem,Peter,Mannelijk,09/06/2019
Beaumont,Jonas,Mannelijk,09/09/2019
Flémalle,Marc,Mannelijk,09/20/2019
Asse,Helena,Vrouwelijk,10/16/2019
Izegem,Wesley,Mannelijk,09/17/2019
Brugge,Christa,Vrouwelijk,09/18/2019
Charleroi,Christelle,Vrouwelijk,09/15/2019
Tremelo,Guy,Mannelijk,09/15/2019
Gent,Anna,Vrouwelijk,09/16/2019
Namen,François,Mannelijk,09/02/2019
Sint-Jans-Molenbeek,Sarah,Vrouwelijk,09/09/2019
Tubeke,Christelle,Vrouwelijk,09/29/2019
Kortenberg,Kristel,Vrouwelijk,09/19/2019
Lede,Tom,Mannelijk,09/07/2019
Bergen,Marie-Aurore,Vrouwelijk,09/19/2019
Merelbeke,Marina,Vrouwelijk,09/18/2019
Antwerpen,Amélie,Vrouwelijk,09/22/2019
Zemst,Helena,Vrouwelijk,09/02/2019
Hoogstraten,Joanna,Vrouwelijk,09/19/2019
Antwerpen,Nelly,Vrouwelijk,09/15/2019
Anderlecht,Mohamed,Mannelijk,09/21/2019
Profondeville,Tom,Mannelijk,10/02/2019
Izegem,Luc,Mannelijk,09/11/2019
Herve,Sofia,Vrouwelijk,09/11/2019
Zottegem,Nadine,Vrouwelijk,09/18/2019
Brussel,Emrah,Mannelijk,09/23/2019
Sint-Pieters-Leeuw,Maxim,Mannelijk,09/19/2019
Kortenberg,Christiaan,Mannelijk,09/02/2019
Torhout,Christine,Vrouwelijk,09/11/2019
La Louvière,Prisca,Vrouwelijk,09/20/2019
Châtelet,Louise,Vrouwelijk,10/03/2019
Binche,Maria,Vrouwelijk,09/10/2019
Hasselt,Davy,Mannelijk,09/04/2019
Trooz,Justine,Vrouwelijk,09/18/2019
Grimbergen,Frida,Vrouwelijk,09/21/2019
Rijkevorsel,Anna,Vrouwelijk,09/08/2019
Genk,Wouter,Mannelijk,09/13/2019
Koekelare,Jordy,Mannelijk,09/10/2019
Schoten,Bram,Mannelijk,09/09/2019
Koekelberg,Mohammad,Mannelijk,09/12/2019
Luik,Etienne,Mannelijk,09/21/2019
Sint-Pieters-Woluwe,Etienne,Mannelijk,09/27/2019
Court-Saint-Etienne,Laurent,Mannelijk,09/14/2019
Couvin,Astrid,Vrouwelijk,09/26/2019
Libin,Dominique,Vrouwelijk,09/22/2019
Anderlecht,Yahya,Mannelijk,09/27/2019
Soumagne,Denise,Vrouwelijk,09/16/2019
Poperinge,Suzanne,Vrouwelijk,09/15/2019
Hasselt,Ward,Mannelijk,09/12/2019
Namen,Marie,Vrouwelijk,09/30/2019
Ham-sur-Heure-Nalinnes,Manon,Vrouwelijk,09/14/2019
Brasschaat,Guido,Mannelijk,09/02/2019
Antwerpen,Marc,Mannelijk,09/03/2019
Charleroi,Céline,Vrouwelijk,09/16/2019
Peer,Kirsten,Vrouwelijk,09/20/2019
