gemeente,naam,geslacht,verwachte datum
Wingene,Sandra,Vrouwelijk,05/20/2019
Libramont-Chevigny,Céline,Vrouwelijk,05/22/2019
Brugge,Dirk,Mannelijk,06/10/2019
Charleroi,Kiara,Vrouwelijk,05/26/2019
Mechelen,Mohamed,Mannelijk,06/14/2019
Knokke-Heist,Nathalie,Vrouwelijk,05/24/2019
Saint-Nicolas (Luik),Ophélie,Vrouwelijk,05/19/2019
Waver,Fabrice,Mannelijk,06/03/2019
Wijnegem,Geert,Mannelijk,05/21/2019
Bergen,Leslie,Vrouwelijk,05/27/2019
Grimbergen,Anouk,Vrouwelijk,05/23/2019
Lummen,Bert,Mannelijk,05/22/2019
Aalter,Wim,Mannelijk,06/03/2019
Beersel,Sami,Mannelijk,05/27/2019
Courcelles,Théo,Mannelijk,05/28/2019
Antwerpen,Petra,Vrouwelijk,05/23/2019
Brasschaat,Rudy,Mannelijk,05/18/2019
Herve,Geneviève,Vrouwelijk,06/03/2019
Eigenbrakel,Marie,Vrouwelijk,06/02/2019
Jalhay,Zoé,Vrouwelijk,06/06/2019
Asse,Suzanne,Vrouwelijk,06/08/2019
Bilzen,Tonny,Mannelijk,05/30/2019
Doornik,Ophélie,Vrouwelijk,06/04/2019
Antwerpen,Fien,Vrouwelijk,06/02/2019
Jette,Marc,Mannelijk,06/14/2019
Charleroi,Monique,Vrouwelijk,05/27/2019
Bilzen,Viviane,Vrouwelijk,06/15/2019
Etterbeek,Eleni,Vrouwelijk,05/14/2019
Anderlecht,Matthew,Mannelijk,05/25/2019
Bredene,Huguette,Vrouwelijk,05/25/2019
Gent,Jacopo,Mannelijk,06/16/2019
Oostende,Mohammed,Mannelijk,05/24/2019
Kortrijk,Glen,Mannelijk,05/22/2019
Berlare,Myriam,Vrouwelijk,05/23/2019
Antwerpen,Patricia,Vrouwelijk,05/23/2019
Herenthout,Christiaan,Mannelijk,05/29/2019
Limburg,Tom,Mannelijk,05/23/2019
Tienen,Erwin,Mannelijk,06/12/2019
Genepiën,Marie,Vrouwelijk,05/15/2019
Antwerpen,Karina,Vrouwelijk,06/03/2019
Luik,Damien,Mannelijk,06/11/2019
Lobbes,Denis,Mannelijk,06/02/2019
Schaarbeek,Aleksandra,Vrouwelijk,05/20/2019
Grobbendonk,Lars,Mannelijk,06/03/2019
Saint-Hubert,Stéphane,Mannelijk,05/29/2019
Charleroi,Valentine,Vrouwelijk,05/27/2019
Flémalle,Véronique,Vrouwelijk,05/14/2019
Brussel,Kevin,Mannelijk,05/31/2019
Lebbeke,Claire,Vrouwelijk,05/15/2019
Londerzeel,Michael,Mannelijk,05/26/2019
Brugge,Elise,Vrouwelijk,05/14/2019
Gent,Gaëlle,Vrouwelijk,05/21/2019
Waterloo,Raphaël,Mannelijk,06/03/2019
Anderlecht,Willy,Mannelijk,05/27/2019
Sint-Pieters-Woluwe,Marguerite,Vrouwelijk,05/31/2019
Jette,Cynthia,Vrouwelijk,05/27/2019
Nijvel,Thierry,Mannelijk,05/25/2019
Esneux,Sophie,Vrouwelijk,05/20/2019
Namen,Valérie,Vrouwelijk,05/19/2019
Brussel,Robert,Mannelijk,05/29/2019
Oudenaarde,Alexander,Mannelijk,05/17/2019
Lommel,Clementina,Vrouwelijk,05/25/2019
Leuze-en-Hainaut,Jean-Claude,Mannelijk,05/27/2019
Bilzen,Rita,Vrouwelijk,05/27/2019
Vorst (Brussel-Hoofdstad),Malgorzata,Vrouwelijk,06/14/2019
Schaarbeek,Maryam,Vrouwelijk,05/25/2019
Raeren,Bernd,Mannelijk,05/25/2019
Aalst (Aalst),Michaël,Mannelijk,05/23/2019
Sint-Genesius-Rode,Anne,Vrouwelijk,05/22/2019
Stabroek,Levi,Mannelijk,05/21/2019
Aarlen,Bernard,Mannelijk,05/21/2019
Hove (Antwerpen),Christina,Vrouwelijk,05/21/2019
Wetteren,Karine,Vrouwelijk,05/30/2019
Ieper,Cécile,Vrouwelijk,06/05/2019
Luik,Elisabeth,Vrouwelijk,05/16/2019
Bitsingen,Nathalie,Vrouwelijk,05/26/2019
Aalst (Aalst),Amina,Vrouwelijk,05/20/2019
Brakel,Elise,Vrouwelijk,05/15/2019
Anderlecht,Camelia,Vrouwelijk,05/14/2019
Zemst,Hilda,Vrouwelijk,05/26/2019
Brussel,Christophe,Mannelijk,05/18/2019
Vosselaar,Jan,Mannelijk,05/28/2019
Beyne-Heusay,Noémie,Vrouwelijk,05/25/2019
Marche-en-Famenne,Romain,Mannelijk,05/27/2019
Hannuit,Pierre,Mannelijk,05/29/2019
Bergen,Ludovic,Mannelijk,05/26/2019
Leuven,Luca,Mannelijk,05/17/2019
Leuven,Ingrid,Vrouwelijk,06/02/2019
Brussel,Malgorzata,Vrouwelijk,06/12/2019
Péruwelz,Isabelle,Vrouwelijk,06/02/2019
Oostrozebeke,Juliette,Vrouwelijk,05/31/2019
Eigenbrakel,Quentin,Mannelijk,05/16/2019
Mortsel,Eric,Mannelijk,06/16/2019
Assenede,Godelieve,Vrouwelijk,07/06/2019
Maasmechelen,Patricia,Vrouwelijk,05/28/2019
Pelt,Henny,Vrouwelijk,05/23/2019
Antwerpen,Abdelouahid,Mannelijk,05/27/2019
Sint-Truiden,Amina,Vrouwelijk,05/30/2019
Lede,Christel,Vrouwelijk,05/20/2019
Sint-Gillis-Waas,Lea,Vrouwelijk,05/31/2019
Frameries,Isabelle,Vrouwelijk,05/22/2019
Tessenderlo,Maria,Vrouwelijk,05/25/2019
Gent,Johan,Mannelijk,05/28/2019
Charleroi,Jean,Mannelijk,05/20/2019
Trooz,Arnaud,Mannelijk,05/20/2019
Lummen,Benjamin,Mannelijk,06/14/2019
Merchtem,Michel,Mannelijk,05/26/2019
Roeselare,Agnes,Vrouwelijk,05/15/2019
Herselt,Emma,Vrouwelijk,05/21/2019
Aalst (Aalst),Yvan,Mannelijk,05/27/2019
Hasselt,Julie,Vrouwelijk,05/30/2019
Honnelles,Frédéric,Mannelijk,05/15/2019
Sint-Niklaas (Sint-Niklaas),Shari,Vrouwelijk,05/18/2019
Charleroi,Antonina,Vrouwelijk,05/22/2019
Boechout,Dorien,Vrouwelijk,05/31/2019
Waver,Marius,Mannelijk,05/15/2019
Sint-Agatha-Berchem,Etienne,Mannelijk,05/27/2019
Antwerpen,Aya,Vrouwelijk,05/28/2019
Antwerpen,Christiane,Vrouwelijk,05/16/2019
Oudenaarde,Dirk,Mannelijk,05/27/2019
Libramont-Chevigny,Pascal,Mannelijk,06/15/2019
La Louvière,Vito,Mannelijk,05/23/2019
Damme,Marc,Mannelijk,05/26/2019
Nazareth,Francine,Vrouwelijk,06/11/2019
Laakdal,Maria,Vrouwelijk,05/24/2019
Antwerpen,Cokun,Mannelijk,06/06/2019
Nijvel,Yvette,Vrouwelijk,05/21/2019
Scherpenheuvel-Zichem,Tom,Mannelijk,06/05/2019
Gent,Anton,Mannelijk,05/15/2019
Bree,Leo,Mannelijk,05/23/2019
Brussel,Evelyne,Vrouwelijk,05/26/2019
Antwerpen,Frank,Mannelijk,05/26/2019
Quaregnon,Claudette,Vrouwelijk,05/16/2019
Leuven,Tom,Mannelijk,05/18/2019
Laakdal,Johan,Mannelijk,05/25/2019
Elsene,Manon,Vrouwelijk,05/26/2019
Flémalle,Marianne,Vrouwelijk,05/15/2019
Koekelberg,Yvonne,Vrouwelijk,05/30/2019
Zinnik,Myriam,Vrouwelijk,06/01/2019
Schoten,Mathis,Mannelijk,05/20/2019
Mechelen,Juno,Vrouwelijk,05/20/2019
Ukkel,Souad,Vrouwelijk,05/26/2019
Ans,Véronique,Vrouwelijk,05/20/2019
Zaventem,Anja,Vrouwelijk,05/26/2019
Bergen,Irina,Vrouwelijk,05/26/2019
Genepiën,Lucien,Mannelijk,05/30/2019
Deinze,Rita,Vrouwelijk,05/24/2019
Chaudfontaine,Jean-Claude,Mannelijk,06/05/2019
Jemeppe-sur-Sambre,Christiane,Vrouwelijk,05/26/2019
Ichtegem,Daniel,Mannelijk,06/05/2019
Verviers,Dominique,Vrouwelijk,05/15/2019
Torhout,Sabine,Vrouwelijk,06/01/2019
Ternat,Lucien,Mannelijk,07/16/2019
Willebroek,Lenn,Mannelijk,05/26/2019
Torhout,Stijn,Mannelijk,05/22/2019
Tongeren,Anne-Marie,Vrouwelijk,05/27/2019
Dilsen-Stokkem,Jozef,Mannelijk,05/27/2019
Stekene,Irma,Vrouwelijk,06/02/2019
Moeskroen,Pascale,Vrouwelijk,05/31/2019
Chièvres,Viviane,Vrouwelijk,05/21/2019
Sint-Lambrechts-Woluwe,Sara,Vrouwelijk,05/30/2019
Haaltert,Patricia,Vrouwelijk,05/14/2019
Ieper,Olivia,Vrouwelijk,06/09/2019
Dendermonde,Jan,Mannelijk,05/25/2019
Anderlecht,Hugo,Mannelijk,05/30/2019
Moeskroen,Robert,Mannelijk,05/19/2019
Court-Saint-Etienne,Bernadette,Vrouwelijk,06/03/2019
Etterbeek,Charlotte,Vrouwelijk,05/26/2019
Gent,Tommy,Mannelijk,06/13/2019
Oostrozebeke,Anthony,Mannelijk,05/27/2019
Harelbeke,Jacques,Mannelijk,06/02/2019
Bergen,Laura,Vrouwelijk,05/22/2019
Affligem,Michaël,Mannelijk,05/30/2019
Saint-Georges-sur-Meuse,Marie,Vrouwelijk,06/01/2019
Tielt (Tielt),Greet,Vrouwelijk,05/16/2019
Eupen,Elisabeth,Vrouwelijk,06/15/2019
Kortessem,Wendy,Vrouwelijk,05/19/2019
Antwerpen,Sofia,Vrouwelijk,06/04/2019
Morlanwelz,Angelo,Mannelijk,05/18/2019
Antoing,Cyril,Mannelijk,05/25/2019
Sint-Katelijne-Waver,Greta,Vrouwelijk,05/24/2019
Antwerpen,Maha,Vrouwelijk,05/28/2019
Antwerpen,Anje,Vrouwelijk,05/22/2019
Lommel,Maria,Vrouwelijk,05/24/2019
Roeselare,Elle,Vrouwelijk,05/21/2019
Lummen,Georges,Mannelijk,05/28/2019
Opwijk,Yana,Vrouwelijk,05/28/2019
Blankenberge,Mireille,Vrouwelijk,05/26/2019
Oostkamp,Marleen,Vrouwelijk,05/25/2019
Stekene,Quinten,Mannelijk,05/19/2019
Zedelgem,Sabine,Vrouwelijk,07/12/2019
Scherpenheuvel-Zichem,Nicole,Vrouwelijk,05/27/2019
Awans,Marc,Mannelijk,05/30/2019
Musson,Joseph,Mannelijk,06/01/2019
Boussu,Nathalie,Vrouwelijk,05/26/2019
Overijse,Erik,Mannelijk,06/17/2019
Hamme (Dendermonde),Muhammed,Mannelijk,06/08/2019
Deerlijk,William,Mannelijk,05/24/2019
Deinze,Firmin,Mannelijk,05/27/2019
Roeselare,Marleen,Vrouwelijk,05/19/2019
Meerhout,Maria,Vrouwelijk,05/24/2019
Aiseau-Presles,Olivia,Vrouwelijk,05/21/2019
Oostende,Norbert,Mannelijk,05/16/2019
As,Maria,Vrouwelijk,06/03/2019
Bergen,Marie,Vrouwelijk,05/30/2019
Hoei,Cécile,Vrouwelijk,05/28/2019
Nandrin,Pierre,Mannelijk,06/30/2019
Grimbergen,Marc,Mannelijk,05/25/2019
Chastre,Charlotte,Vrouwelijk,05/24/2019
Lichtervelde,Thomas,Mannelijk,05/21/2019
Luik,Valérie,Vrouwelijk,06/02/2019
Hoogstraten,Arno,Mannelijk,05/30/2019
Brussel,Aurélie,Vrouwelijk,05/22/2019
Oudenaarde,Christian,Mannelijk,05/14/2019
Waregem,Sylvie,Vrouwelijk,05/30/2019
Dilbeek,Virginie,Vrouwelijk,05/27/2019
Halle (Halle-Vilvoorde),Miranda,Vrouwelijk,05/30/2019
Lommel,Fatih,Mannelijk,05/20/2019
Brussel,Jennifer,Vrouwelijk,06/12/2019
Wervik,Gerdy,Mannelijk,06/03/2019
Itter,Olivier,Mannelijk,05/27/2019
Tienen,Sonia,Vrouwelijk,05/27/2019
Oostrozebeke,Mauro,Mannelijk,05/24/2019
Wezet,Alison,Vrouwelijk,05/17/2019
Wommelgem,Mats,Mannelijk,06/10/2019
Nandrin,David,Mannelijk,05/31/2019
Herzele,Indra,Vrouwelijk,05/28/2019
Dour,Eric,Mannelijk,05/25/2019
Brugge,Nicola,Mannelijk,05/26/2019
Elsene,Juan,Mannelijk,05/19/2019
Rumst,Monica,Vrouwelijk,05/22/2019
Perwijs (Nijvel),Jean,Mannelijk,06/10/2019
Antwerpen,Ingrid,Vrouwelijk,05/21/2019
Londerzeel,Joris,Mannelijk,06/03/2019
Hoogstraten,Sonja,Vrouwelijk,05/22/2019
Boortmeerbeek,Milan,Mannelijk,06/13/2019
Schaarbeek,Rahma,Vrouwelijk,05/27/2019
Schaarbeek,Fatma,Vrouwelijk,05/21/2019
Gedinne,Roland,Mannelijk,05/26/2019
Spa,Marina,Vrouwelijk,06/16/2019
Oostende,Cindy,Vrouwelijk,05/31/2019
Halle (Halle-Vilvoorde),Milan,Mannelijk,05/28/2019
Balen,Vic,Mannelijk,06/05/2019
Heusden-Zolder,Michel,Mannelijk,05/27/2019
Bergen,Mireille,Vrouwelijk,05/15/2019
Ronse,Carmen,Vrouwelijk,07/02/2019
Damme,Matthias,Mannelijk,06/01/2019
Estinnes,Paulette,Vrouwelijk,05/25/2019
Manhay,Mireille,Vrouwelijk,05/23/2019
Oudergem,Thérèse,Vrouwelijk,05/30/2019
Genk,Helena,Vrouwelijk,05/22/2019
Hoeilaart,Freddy,Mannelijk,05/26/2019
Binche,Arnaud,Mannelijk,05/30/2019
Lommel,Rita,Vrouwelijk,06/28/2019
Vaux-sur-Sûre,Martine,Vrouwelijk,05/21/2019
Herzele,Els,Vrouwelijk,05/26/2019
Kruibeke,Annelies,Vrouwelijk,05/20/2019
Hastière,Nathan,Mannelijk,05/30/2019
Charleroi,Ali,Mannelijk,06/04/2019
Temse,Kevin,Mannelijk,05/24/2019
Wetteren,Brigitte,Vrouwelijk,05/27/2019
Moeskroen,Manon,Vrouwelijk,05/27/2019
Bergen,Laurence,Vrouwelijk,06/01/2019
Graven,Brigitte,Vrouwelijk,05/23/2019
Izegem,Filip,Mannelijk,05/25/2019
Leuze-en-Hainaut,Paul,Mannelijk,05/26/2019
Wingene,Agnes,Vrouwelijk,05/27/2019
Liedekerke,Stefan,Mannelijk,05/28/2019
Rijkevorsel,Tess,Vrouwelijk,05/24/2019
Oudenburg,Daniel,Mannelijk,05/25/2019
Opzullik,Lucie,Vrouwelijk,05/22/2019
Turnhout,Amine,Mannelijk,05/23/2019
Blankenberge,Rudolf,Mannelijk,05/19/2019
’s Gravenbrakel,Patricia,Vrouwelijk,05/24/2019
Halle (Halle-Vilvoorde),Els,Vrouwelijk,06/05/2019
Wervik,Kim,Vrouwelijk,05/29/2019
Fléron,Michèle,Vrouwelijk,05/27/2019
Kortrijk,Guillaume,Mannelijk,05/30/2019
Leuven,Lucienne,Vrouwelijk,05/27/2019
Beersel,Katia,Vrouwelijk,06/02/2019
Houthulst,Liliane,Vrouwelijk,06/09/2019
Herbeumont,Michel,Mannelijk,05/31/2019
Lochristi,Steven,Mannelijk,05/30/2019
Overijse,Bertrand,Mannelijk,05/24/2019
Oudenburg,Christiana,Vrouwelijk,05/19/2019
Eghezée,Catherine,Vrouwelijk,05/28/2019
Antwerpen,Najat,Vrouwelijk,05/26/2019
Hannuit,Grégory,Mannelijk,05/16/2019
Beringen,Daniëlla,Vrouwelijk,06/01/2019
Bergen,Michele,Mannelijk,05/31/2019
Leuven,Bastien,Mannelijk,06/01/2019
Lummen,Magda,Vrouwelijk,05/26/2019
Oudsbergen,Niels,Mannelijk,06/07/2019
Antwerpen,Katrien,Vrouwelijk,05/26/2019
Waterloo,Pierre,Mannelijk,06/05/2019
Manage,Julien,Mannelijk,05/27/2019
Sint-Truiden,Esther,Vrouwelijk,06/13/2019
Schilde,Lien,Vrouwelijk,06/07/2019
Kalmthout,Irena,Vrouwelijk,06/10/2019
Antoing,Liliane,Vrouwelijk,05/27/2019
Waregem,Guy,Mannelijk,06/01/2019
Sint-Truiden,Nancy,Vrouwelijk,05/15/2019
Maasmechelen,Francesco,Mannelijk,05/23/2019
Saint-Nicolas (Luik),Patricia,Vrouwelijk,05/30/2019
Libramont-Chevigny,Emmanuelle,Vrouwelijk,05/28/2019
Ninove,Daniel,Mannelijk,05/27/2019
Flémalle,Zoé,Vrouwelijk,06/14/2019
Herentals,Stephania,Vrouwelijk,05/18/2019
Evergem,Ruben,Mannelijk,06/07/2019
Knokke-Heist,Singh,Mannelijk,05/27/2019
Châtelet,Logan,Mannelijk,05/24/2019
Maarkedal,Stijn,Mannelijk,06/03/2019
Hooglede,Thomas,Mannelijk,06/03/2019
Charleroi,Maryse,Vrouwelijk,05/27/2019
Luik,Nathalie,Vrouwelijk,05/21/2019
Hulshout,Sabina,Vrouwelijk,06/03/2019
Sint-Niklaas (Sint-Niklaas),Tom,Mannelijk,05/27/2019
Aalst (Aalst),Paul,Mannelijk,05/24/2019
Ukkel,Alain,Mannelijk,05/27/2019
Bergen,Elodie,Vrouwelijk,05/23/2019
Kaprijke,Frederik,Mannelijk,05/20/2019
Bergen,Abigaël,Vrouwelijk,05/29/2019
Anderlecht,Pieter,Mannelijk,05/19/2019
Sint-Genesius-Rode,Marc,Mannelijk,05/28/2019
Ans,Frédéric,Mannelijk,06/03/2019
Antwerpen,Noah,Mannelijk,05/25/2019
Sint-Joost-ten-Node,Sevil,Vrouwelijk,05/25/2019
Kapellen (Antwerpen),Evi,Vrouwelijk,05/24/2019
Veurne,Michel,Mannelijk,05/18/2019
Wevelgem,Merel,Vrouwelijk,05/22/2019
Leuven,Jan,Mannelijk,05/25/2019
