gemeente,naam,geslacht,verwachte datum
Antwerpen,Omar,Mannelijk,11/21/2019
Bornem,Vanessa,Vrouwelijk,11/22/2019
La Louvière,Georgette,Vrouwelijk,11/18/2019
Marche-en-Famenne,Georges,Mannelijk,11/09/2019
Namen,Martine,Vrouwelijk,12/11/2019
Moeskroen,Sarah,Vrouwelijk,11/20/2019
Waregem,Nicole,Vrouwelijk,11/18/2019
Kasterlee,Sven,Mannelijk,11/07/2019
Schaarbeek,El,Mannelijk,11/16/2019
Hoeilaart,Julie,Vrouwelijk,11/22/2019
Haacht,Jan,Mannelijk,11/12/2019
Berlare,Dirk,Mannelijk,11/14/2019
Luik,Siham,Vrouwelijk,11/26/2019
Gent,Els,Vrouwelijk,12/08/2019
Raeren,Renate,Vrouwelijk,11/09/2019
Schaarbeek,Blanca,Vrouwelijk,11/12/2019
Somme-Leuze,Jérémy,Mannelijk,11/30/2019
Charleroi,Franz,Mannelijk,11/07/2019
Antwerpen,Tom,Mannelijk,11/13/2019
Antwerpen,Carine,Vrouwelijk,11/19/2019
Alken,Gerda,Vrouwelijk,11/27/2019
Houthalen-Helchteren,Maria,Vrouwelijk,11/13/2019
Evere,Anne-Marie,Vrouwelijk,11/27/2019
Sint-Pieters-Leeuw,Ghislaine,Vrouwelijk,11/20/2019
Pont-à-Celles,Quentin,Mannelijk,11/18/2019
Mechelen,Marina,Vrouwelijk,11/08/2019
Antwerpen,Ishan,Mannelijk,11/10/2019
Sint-Jans-Molenbeek,Mohammed,Mannelijk,11/23/2019
Hannuit,Patricia,Vrouwelijk,11/09/2019
Beringen,Furkan,Mannelijk,12/02/2019
Welkenraedt,Gaston,Mannelijk,11/10/2019
Ronse,André,Mannelijk,11/22/2019
Tongeren,Wesley,Mannelijk,11/18/2019
Lede,Sofie,Vrouwelijk,11/14/2019
Antwerpen,Nora,Vrouwelijk,11/17/2019
Antwerpen,Luc,Mannelijk,11/12/2019
Turnhout,Brent,Mannelijk,12/29/2019
Mortsel,Thomas,Mannelijk,11/14/2019
Antwerpen,Natacha,Vrouwelijk,11/27/2019
Vloesberg,Maria,Vrouwelijk,11/23/2019
Heist-op-den-Berg,Marguerite,Vrouwelijk,11/25/2019
Moeskroen,Céline,Vrouwelijk,12/05/2019
Rumst,Hubert,Mannelijk,11/16/2019
Nijlen,Maria,Vrouwelijk,11/16/2019
Chaumont-Gistoux,Charlotte,Vrouwelijk,12/04/2019
Lokeren,Kimberly,Vrouwelijk,11/16/2019
Remicourt,Thierry,Mannelijk,11/27/2019
Dilbeek,Michel,Mannelijk,11/17/2019
Antwerpen,Felix,Mannelijk,11/07/2019
Ravels,Cornelia,Vrouwelijk,11/16/2019
Wingene,Bart,Mannelijk,11/15/2019
Gent,Stijn,Mannelijk,11/20/2019
Aalst (Aalst),Ethan,Mannelijk,12/13/2019
Heusden-Zolder,Annick,Vrouwelijk,11/07/2019
Lokeren,Caroline,Vrouwelijk,11/16/2019
Florennes,Olivier,Mannelijk,11/10/2019
Antwerpen,Karim,Mannelijk,11/23/2019
Ravels,Glenn,Mannelijk,12/10/2019
Maaseik,Bente,Vrouwelijk,11/19/2019
Antwerpen,Isabella,Vrouwelijk,11/15/2019
Hoeselt,Lucas,Mannelijk,11/23/2019
Sint-Gillis-Waas,Priscilla,Vrouwelijk,12/28/2019
Sint-Jans-Molenbeek,Danielle,Vrouwelijk,11/16/2019
Charleroi,Jacky,Mannelijk,11/18/2019
Spa,Isabelle,Vrouwelijk,11/11/2019
Geel,Nancy,Vrouwelijk,11/24/2019
Kampenhout,Toon,Mannelijk,12/02/2019
Haaltert,André,Mannelijk,11/24/2019
Chaudfontaine,Mathieu,Mannelijk,11/29/2019
Waregem,Lieze,Vrouwelijk,11/25/2019
Kortrijk,Chantal,Vrouwelijk,12/05/2019
Duffel,Anna,Vrouwelijk,11/16/2019
Bocholt,Emily,Vrouwelijk,11/15/2019
Houthulst,Stephanie,Vrouwelijk,11/12/2019
Boom,Anouk,Vrouwelijk,11/22/2019
Assenede,Remi,Mannelijk,12/03/2019
Schaarbeek,Marjorie,Vrouwelijk,11/20/2019
Malle,Anne-Marie,Vrouwelijk,11/16/2019
Izegem,Hanne,Vrouwelijk,11/23/2019
Bornem,Joseph,Mannelijk,11/14/2019
Ukkel,Chantal,Vrouwelijk,11/15/2019
Menen,Kevin,Mannelijk,11/21/2019
La Louvière,Jean-Pierre,Mannelijk,11/12/2019
Berlaar,Tina,Vrouwelijk,11/13/2019
Waterloo,Lisa,Vrouwelijk,11/08/2019
Bertrix,Martin,Mannelijk,11/16/2019
Thuin,Claire,Vrouwelijk,11/09/2019
Sint-Gillis-Waas,Roger,Mannelijk,12/07/2019
Schaarbeek,Lorenzo,Mannelijk,11/25/2019
Antwerpen,Silvia,Vrouwelijk,11/08/2019
Poperinge,Johan,Mannelijk,11/20/2019
Malmedy,Sophie,Vrouwelijk,11/20/2019
Overijse,Jacqueline,Vrouwelijk,11/07/2019
Ukkel,Saïd,Mannelijk,11/13/2019
Ganshoren,Paul,Mannelijk,11/10/2019
Harelbeke,Andrès,Mannelijk,12/04/2019
Opzullik,Claudine,Vrouwelijk,11/15/2019
Haaltert,Seppe,Mannelijk,11/16/2019
Damme,Isabelle,Vrouwelijk,11/22/2019
Torhout,Conny,Vrouwelijk,11/08/2019
Anderlecht,Marouane,Mannelijk,12/08/2019
Mechelen,Bo,Vrouwelijk,11/12/2019
Sint-Gillis,El,Mannelijk,11/20/2019
Westerlo,Sofie,Vrouwelijk,11/14/2019
Antwerpen,Bianca,Vrouwelijk,11/10/2019
Antwerpen,Glenn,Mannelijk,11/09/2019
Antwerpen,Malak,Vrouwelijk,12/11/2019
Denderleeuw,Carine,Vrouwelijk,11/20/2019
Elsene,Emilie,Vrouwelijk,12/08/2019
Geel,Paul,Mannelijk,11/15/2019
Torhout,Roger,Mannelijk,11/19/2019
Merbes-le-Château,Pascale,Vrouwelijk,11/25/2019
Beringen,Linda,Vrouwelijk,11/07/2019
Jette,David,Mannelijk,11/17/2019
Geldenaken,Andrée,Vrouwelijk,11/19/2019
Luik,Mouad,Mannelijk,11/17/2019
Antwerpen,Amira,Vrouwelijk,11/27/2019
Antwerpen,Marijke,Vrouwelijk,11/11/2019
Mechelen,Sara,Vrouwelijk,11/18/2019
La Louvière,Hasan,Mannelijk,11/25/2019
Merchtem,Lucie,Vrouwelijk,11/15/2019
Elsene,Hai,Mannelijk,12/02/2019
Chaudfontaine,Laurent,Mannelijk,11/21/2019
Antwerpen,Eli,Mannelijk,12/01/2019
Lille,Sonia,Vrouwelijk,11/14/2019
Büllingen,Stéphanie,Vrouwelijk,11/19/2019
Wanze,Louise,Vrouwelijk,12/05/2019
Jemeppe-sur-Sambre,Jessica,Vrouwelijk,11/12/2019
Fléron,Paul,Mannelijk,12/02/2019
Sint-Joost-ten-Node,Ismail,Mannelijk,12/08/2019
Eupen,Eldin,Mannelijk,11/23/2019
Ichtegem,Ben,Mannelijk,12/09/2019
Vielsalm,Laurence,Vrouwelijk,11/18/2019
Juprelle,Loris,Mannelijk,11/14/2019
Gent,Siemen,Mannelijk,12/21/2019
Aartselaar,Peter,Mannelijk,11/27/2019
Sint-Lambrechts-Woluwe,Maria,Vrouwelijk,11/23/2019
Overijse,Odette,Vrouwelijk,11/15/2019
Oostende,Lilou,Vrouwelijk,11/24/2019
Mol,Ella,Vrouwelijk,11/26/2019
Schaarbeek,Céline,Vrouwelijk,11/24/2019
Eupen,Karim,Mannelijk,11/13/2019
Roeselare,Francine,Vrouwelijk,11/17/2019
Bastenaken,Arthur,Mannelijk,11/16/2019
Evere,Claire,Vrouwelijk,11/25/2019
Zemst,Roland,Mannelijk,11/13/2019
Sint-Pieters-Woluwe,Myriam,Vrouwelijk,11/08/2019
Antwerpen,Henri,Mannelijk,11/16/2019
Roeselare,Jordi,Mannelijk,11/28/2019
Vorst (Brussel-Hoofdstad),Yamina,Vrouwelijk,11/23/2019
Zonnebeke,Frieda,Vrouwelijk,11/20/2019
Elsene,Yassine,Mannelijk,11/16/2019
Antwerpen,Daan,Mannelijk,11/21/2019
Turnhout,Anja,Vrouwelijk,11/19/2019
Brussel,Gonzalo,Mannelijk,11/27/2019
Sint-Pieters-Woluwe,Ingrid,Vrouwelijk,12/02/2019
Lint,Bert,Mannelijk,11/18/2019
Mol,An,Vrouwelijk,11/13/2019
Brugge,Kenneth,Mannelijk,11/21/2019
Mol,Cindy,Vrouwelijk,11/13/2019
Brecht,Cédric,Mannelijk,11/14/2019
Zutendaal,Martin,Mannelijk,11/12/2019
Hasselt,Maarten,Mannelijk,11/14/2019
Wevelgem,Steven,Mannelijk,11/18/2019
Beveren (Sint-Niklaas),Cindy,Vrouwelijk,11/07/2019
Londerzeel,Iris,Vrouwelijk,11/27/2019
Charleroi,Liliane,Vrouwelijk,11/07/2019
Knokke-Heist,Alexis,Mannelijk,11/20/2019
Evere,Lora,Vrouwelijk,11/27/2019
Aarlen,William,Mannelijk,11/10/2019
Brakel,Rita,Vrouwelijk,11/08/2019
Zwalm,Marleen,Vrouwelijk,11/24/2019
La Louvière,Michel,Mannelijk,11/19/2019
Maaseik,Giel,Mannelijk,11/26/2019
Brussel,Marek,Mannelijk,11/15/2019
Kruisem,Monique,Vrouwelijk,11/07/2019
Namen,Julie,Vrouwelijk,11/23/2019
Mortsel,Elien,Vrouwelijk,11/28/2019
Antwerpen,Asmae,Vrouwelijk,11/24/2019
Péruwelz,Mario,Mannelijk,11/12/2019
Moeskroen,Steven,Mannelijk,11/08/2019
Turnhout,Veronique,Vrouwelijk,11/14/2019
Seraing,Eric,Mannelijk,11/13/2019
Ottignies-Louvain-la-Neuve,Claude,Mannelijk,11/20/2019
Dinant,Patrick,Mannelijk,11/22/2019
Antwerpen,Rokhaya,Vrouwelijk,11/11/2019
Brugge,Franklin,Mannelijk,11/15/2019
Menen,Roland,Mannelijk,11/13/2019
Waver,Gérard,Mannelijk,11/26/2019
Mol,Nelly,Vrouwelijk,11/14/2019
Zottegem,Jeannine,Vrouwelijk,11/18/2019
Kontich,Nicole,Vrouwelijk,11/17/2019
Oostende,Robert,Mannelijk,11/25/2019
Genk,Martine,Vrouwelijk,11/14/2019
Oudenaarde,Erik,Mannelijk,01/01/2020
Herentals,Kurt,Mannelijk,11/20/2019
Ravels,Nick,Mannelijk,11/10/2019
Bergen,Giovanni,Mannelijk,11/15/2019
Luik,Hafsa,Vrouwelijk,11/15/2019
Kampenhout,Paul,Mannelijk,11/25/2019
Ukkel,Jean-Christophe,Mannelijk,11/26/2019
Ninove,Evy,Vrouwelijk,11/29/2019
Roeselare,Franky,Mannelijk,11/10/2019
Tubeke,Ayoub,Mannelijk,11/18/2019
Beersel,Manon,Vrouwelijk,11/22/2019
Zwevegem,Timothy,Mannelijk,11/21/2019
Mol,Jozef,Mannelijk,11/12/2019
Zele,René,Mannelijk,11/16/2019
Gent,Saban,Mannelijk,11/11/2019
Scherpenheuvel-Zichem,Jozef,Mannelijk,11/24/2019
Gent,Femke,Vrouwelijk,11/21/2019
Moeskroen,Laurie,Vrouwelijk,11/20/2019
Gembloux,Johanna,Vrouwelijk,11/16/2019
Asse,Odette,Vrouwelijk,11/13/2019
Antwerpen,Marc,Mannelijk,11/10/2019
Boechout,Karin,Vrouwelijk,11/23/2019
Brasschaat,Anja,Vrouwelijk,11/23/2019
Jurbeke,Elisa,Vrouwelijk,11/19/2019
Knokke-Heist,Tom,Mannelijk,11/20/2019
Gent,Daniël,Mannelijk,12/18/2019
Genepiën,Rosa,Vrouwelijk,11/19/2019
Charleroi,Manolis,Mannelijk,11/23/2019
Bergen,Rose,Vrouwelijk,12/14/2019
Saint-Hubert,Marie,Vrouwelijk,11/20/2019
Luik,Grégory,Mannelijk,11/19/2019
Hoei,Sébastien,Mannelijk,11/10/2019
Vorselaar,Julie,Vrouwelijk,11/14/2019
Ans,Virginie,Vrouwelijk,11/13/2019
Peer,Merel,Vrouwelijk,12/02/2019
Anderlecht,David,Mannelijk,11/15/2019
Ecaussinnes,Chantal,Vrouwelijk,11/24/2019
Sint-Gillis,Adriana,Vrouwelijk,12/01/2019
Destelbergen,Jeanine,Vrouwelijk,11/24/2019
Merksplas,August,Mannelijk,11/11/2019
Liedekerke,Hilde,Vrouwelijk,11/11/2019
Sint-Martens-Latem,Bart,Mannelijk,11/27/2019
Herzele,Christiane,Vrouwelijk,11/15/2019
Brecht,Bart,Mannelijk,12/04/2019
Profondeville,Catherine,Vrouwelijk,11/20/2019
Sint-Jans-Molenbeek,Yvette,Vrouwelijk,11/14/2019
Kortrijk,Ellen,Vrouwelijk,11/22/2019
Knokke-Heist,Dimitri,Mannelijk,11/25/2019
Zutendaal,Charlotte,Vrouwelijk,11/20/2019
Tervuren,Catherine,Vrouwelijk,11/15/2019
Izegem,Godelieve,Vrouwelijk,11/19/2019
Maasmechelen,Ilse,Vrouwelijk,11/18/2019
Evere,Francine,Vrouwelijk,12/06/2019
Bergen,Jean-Claude,Mannelijk,11/18/2019
Westerlo,Jozef,Mannelijk,11/17/2019
Sint-Jans-Molenbeek,Baptiste,Mannelijk,11/18/2019
Kontich,Kobe,Mannelijk,11/17/2019
Westerlo,Agnes,Vrouwelijk,11/18/2019
Hulshout,Laura,Vrouwelijk,11/11/2019
Mortsel,Janne,Vrouwelijk,11/26/2019
Eeklo,Julie,Vrouwelijk,11/16/2019
Middelkerke,Laura,Vrouwelijk,11/11/2019
Aalst (Aalst),Renée,Vrouwelijk,11/19/2019
Sint-Joost-ten-Node,Kadir,Mannelijk,11/15/2019
Elsene,Thomas,Mannelijk,11/16/2019
Brussel,Pierre,Mannelijk,11/19/2019
Tessenderlo,Mehmet,Mannelijk,11/20/2019
Gent,Zita,Vrouwelijk,11/29/2019
Lille,Nadine,Vrouwelijk,11/24/2019
Landen,Fernande,Vrouwelijk,12/20/2019
Sint-Lambrechts-Woluwe,Karol,Mannelijk,11/07/2019
Schaarbeek,Mina,Vrouwelijk,12/05/2019
Herentals,Eric,Mannelijk,11/11/2019
Namen,Alexandre,Mannelijk,11/13/2019
Waver,Mimoun,Mannelijk,11/23/2019
Fléron,Christiane,Vrouwelijk,11/25/2019
Quaregnon,Christophe,Mannelijk,11/25/2019
Aarschot,Dominik,Mannelijk,11/08/2019
Herzele,Olivier,Mannelijk,11/11/2019
Beernem,Julie,Vrouwelijk,11/14/2019
Dessel,Emiel,Mannelijk,11/22/2019
La Louvière,François,Mannelijk,11/16/2019
Antwerpen,Steve,Mannelijk,11/19/2019
Jurbeke,Sabrina,Vrouwelijk,11/21/2019
Farciennes,Esma,Vrouwelijk,11/22/2019
Bree,Maria,Vrouwelijk,11/15/2019
Heusden-Zolder,Emiel,Mannelijk,11/16/2019
Koekelberg,Hasan,Mannelijk,11/22/2019
Antwerpen,Matthew,Mannelijk,11/09/2019
Vorst (Brussel-Hoofdstad),Zyad,Mannelijk,11/26/2019
Charleroi,Alizée,Vrouwelijk,11/11/2019
Bergen,Julie,Vrouwelijk,11/19/2019
Diest,Veronique,Vrouwelijk,12/08/2019
Willebroek,Bart,Mannelijk,11/14/2019
Ichtegem,Nele,Vrouwelijk,11/15/2019
Stabroek,Ludovicus,Mannelijk,11/09/2019
Londerzeel,Marijke,Vrouwelijk,11/27/2019
Hasselt,Philippe,Mannelijk,11/08/2019
Ham-sur-Heure-Nalinnes,Guy,Mannelijk,11/08/2019
Beloeil,François,Mannelijk,11/24/2019
Dilbeek,Catharina,Vrouwelijk,11/13/2019
Brecht,Stefanie,Vrouwelijk,11/26/2019
Antwerpen,Edmond,Mannelijk,11/18/2019
Arendonk,Danielle,Vrouwelijk,11/23/2019
Viroinval,Maxence,Mannelijk,11/27/2019
Boussu,Germaine,Vrouwelijk,11/14/2019
Zoersel,Robin,Mannelijk,11/15/2019
Antoing,Patrick,Mannelijk,11/10/2019
Bornem,Isabelle,Vrouwelijk,11/18/2019
