gemeente,naam,geslacht,verwachte datum
Bertogne,Christiane,Vrouwelijk,05/09/2019
Genk,Massimo,Mannelijk,05/01/2019
Heusden-Zolder,Kris,Mannelijk,05/14/2019
Schaarbeek,Laëtitia,Vrouwelijk,05/24/2019
Gouvy,Marina,Vrouwelijk,05/02/2019
Waterloo,Albert,Mannelijk,05/09/2019
Poperinge,Paula,Vrouwelijk,05/08/2019
Etterbeek,Hervé,Mannelijk,05/16/2019
Châtelet,André,Mannelijk,05/10/2019
Vosselaar,Maria,Vrouwelijk,05/19/2019
Lint,Ellen,Vrouwelijk,05/08/2019
Hulshout,Seppe,Mannelijk,06/01/2019
Burg-Reuland,Chantal,Vrouwelijk,05/09/2019
Wervik,Pierre,Mannelijk,05/07/2019
Eghezée,Alexandre,Mannelijk,05/10/2019
Kinrooi,Maria,Vrouwelijk,06/25/2019
Moeskroen,Jacqueline,Vrouwelijk,06/02/2019
Sint-Truiden,Joke,Vrouwelijk,05/12/2019
Westerlo,Joren,Mannelijk,05/11/2019
Aalst (Aalst),Josephina,Vrouwelijk,05/07/2019
Aarlen,Valentin,Mannelijk,05/16/2019
Luik,Jeannine,Vrouwelijk,06/03/2019
Turnhout,Jan,Mannelijk,05/08/2019
Dendermonde,Stella,Vrouwelijk,06/21/2019
Zulte,Agnes,Vrouwelijk,05/13/2019
Knokke-Heist,Robert,Mannelijk,04/30/2019
Leuven,Angèle,Vrouwelijk,05/18/2019
Halle (Halle-Vilvoorde),Paulo,Mannelijk,05/17/2019
Thuin,Bernard,Mannelijk,05/18/2019
Vilvoorde,Kenny,Mannelijk,05/14/2019
Lanaken,Anne,Vrouwelijk,05/03/2019
Antwerpen,Ans,Vrouwelijk,05/22/2019
Ganshoren,Yvette,Vrouwelijk,05/07/2019
Kasterlee,Lea,Vrouwelijk,05/21/2019
Estaimpuis,Fabrice,Mannelijk,05/15/2019
Geraardsbergen,Marianne,Vrouwelijk,06/01/2019
Stavelot,Andrée,Vrouwelijk,05/11/2019
Luik,Onofrio,Mannelijk,05/19/2019
Waregem,Greta,Vrouwelijk,05/02/2019
Rijkevorsel,Marc,Mannelijk,05/02/2019
Moeskroen,Monique,Vrouwelijk,05/12/2019
Wervik,Brecht,Mannelijk,05/15/2019
Nijlen,Jozef,Mannelijk,05/12/2019
Thimister-Clermont,William,Mannelijk,05/07/2019
Koksijde,Ruben,Mannelijk,05/03/2019
Aarschot,Luc,Mannelijk,05/05/2019
Damme,Catherine,Vrouwelijk,05/19/2019
Antwerpen,Michiel,Mannelijk,05/03/2019
Elsene,Hugo,Mannelijk,05/04/2019
Ramillies,Bernard,Mannelijk,05/05/2019
Antwerpen,Manar,Vrouwelijk,05/18/2019
Estinnes,Marie,Vrouwelijk,05/19/2019
Jette,Michel,Mannelijk,05/26/2019
Antwerpen,Gwen,Vrouwelijk,05/24/2019
Wezembeek-Oppem,Annie,Vrouwelijk,05/16/2019
Gent,Tom,Mannelijk,05/05/2019
Trooz,Timéo,Mannelijk,05/05/2019
Willebroek,Lea,Vrouwelijk,05/09/2019
Saint-Ghislain,Georges,Mannelijk,05/15/2019
Borgworm,Maëlys,Vrouwelijk,05/07/2019
Saint-Nicolas (Luik),Nathalie,Vrouwelijk,05/18/2019
Brasschaat,Luc,Mannelijk,05/11/2019
Doornik,Marie-Christine,Vrouwelijk,05/19/2019
Schaarbeek,Maïlis,Vrouwelijk,05/13/2019
Jette,Sarah,Vrouwelijk,05/24/2019
Zemst,Jeannine,Vrouwelijk,05/01/2019
Thuin,Céline,Vrouwelijk,05/17/2019
Aarschot,Adelina,Vrouwelijk,05/09/2019
Merksplas,Jacqueline,Vrouwelijk,05/18/2019
Sint-Agatha-Berchem,Xavier,Mannelijk,05/19/2019
Geetbets,Willy,Mannelijk,05/09/2019
Spa,Vanessa,Vrouwelijk,05/09/2019
Vilvoorde,Brahim,Mannelijk,05/12/2019
Etterbeek,Ethan,Mannelijk,05/09/2019
Etterbeek,Daniela,Vrouwelijk,05/04/2019
Gent,Nelly,Vrouwelijk,05/15/2019
Niel,Shana,Vrouwelijk,05/15/2019
Izegem,Gino,Mannelijk,06/29/2019
Aubange,Mireille,Vrouwelijk,05/13/2019
Eupen,Cédric,Mannelijk,05/10/2019
Antwerpen,Marcel,Mannelijk,05/08/2019
Pepingen,Lotte,Vrouwelijk,05/02/2019
Charleroi,Axel,Mannelijk,05/06/2019
Veurne,Tim,Mannelijk,05/03/2019
Luik,Christine,Vrouwelijk,05/09/2019
Haaltert,Carine,Vrouwelijk,05/26/2019
Charleroi,Sandrine,Vrouwelijk,05/20/2019
Gedinne,Nelly,Vrouwelijk,05/03/2019
Anderlecht,Manuel,Mannelijk,05/16/2019
Charleroi,Maria,Vrouwelijk,05/13/2019
Leuven,Lucienne,Vrouwelijk,05/18/2019
Verviers,Bastien,Mannelijk,05/09/2019
Asse,Paul,Mannelijk,05/11/2019
Morlanwelz,Jocelyne,Vrouwelijk,05/09/2019
Ohey,François,Mannelijk,05/13/2019
Lanaken,René,Mannelijk,05/01/2019
Charleroi,Lara,Vrouwelijk,06/01/2019
La Louvière,Maria,Vrouwelijk,05/13/2019
Alken,Inge,Vrouwelijk,04/30/2019
Oostrozebeke,Kathleen,Vrouwelijk,06/03/2019
Elsene,Irina,Vrouwelijk,05/14/2019
Roeselare,Timo,Mannelijk,05/13/2019
Dilbeek,Marianne,Vrouwelijk,05/10/2019
Brugge,Lucien,Mannelijk,05/05/2019
Esneux,Anne-Marie,Vrouwelijk,05/13/2019
Maaseik,Rita,Vrouwelijk,05/12/2019
Geraardsbergen,Didier,Mannelijk,05/13/2019
Elsene,Carlo,Mannelijk,05/11/2019
Soumagne,Stéphane,Mannelijk,05/07/2019
Zoutleeuw,Pieter,Mannelijk,05/12/2019
Sint-Niklaas (Sint-Niklaas),Wout,Mannelijk,05/06/2019
Dendermonde,Marijke,Vrouwelijk,05/08/2019
Berlaar,Jef,Mannelijk,04/30/2019
Sint-Jans-Molenbeek,Sofia,Vrouwelijk,05/14/2019
Brecht,Greta,Vrouwelijk,05/10/2019
Diest,Leyla,Vrouwelijk,05/15/2019
Lokeren,Lien,Vrouwelijk,05/04/2019
Chapelle-lez-Herlaimont,Noah,Mannelijk,04/30/2019
Luik,Margot,Vrouwelijk,05/13/2019
Limburg,Henri,Mannelijk,05/07/2019
Bergen,Jean-Pierre,Mannelijk,05/13/2019
Blankenberge,Maria,Vrouwelijk,06/03/2019
Charleroi,Edouard,Mannelijk,05/08/2019
Diepenbeek,Hubertina,Vrouwelijk,05/09/2019
Boom,Kim,Vrouwelijk,05/04/2019
Brussel,Jean-Michel,Mannelijk,05/01/2019
Vilvoorde,Bachir,Mannelijk,05/15/2019
Tienen,Hans,Mannelijk,05/14/2019
Bilzen,Khadija,Vrouwelijk,05/18/2019
Stavelot,Pol,Mannelijk,05/09/2019
Gent,Christian,Mannelijk,04/30/2019
Beringen,Rudolf,Mannelijk,05/04/2019
Herent,Hilde,Vrouwelijk,05/13/2019
Frasnes-lez-Anvaing,Julien,Mannelijk,06/02/2019
Anderlecht,Mustafa,Mannelijk,06/01/2019
Willebroek,Dirk,Mannelijk,05/09/2019
Halen,Frank,Mannelijk,05/12/2019
Namen,Steven,Mannelijk,05/07/2019
Frasnes-lez-Anvaing,Jennifer,Vrouwelijk,05/23/2019
Veurne,Piet,Mannelijk,05/15/2019
Geraardsbergen,Fay,Vrouwelijk,05/18/2019
Gent,Emre,Mannelijk,05/10/2019
Oostende,Magdalena,Vrouwelijk,05/07/2019
Wetteren,Jean-Pierre,Mannelijk,05/01/2019
Kortrijk,Germain,Mannelijk,05/07/2019
Huldenberg,Rita,Vrouwelijk,05/04/2019
Chaudfontaine,Mary,Vrouwelijk,05/08/2019
Beernem,Anouk,Vrouwelijk,05/05/2019
Ieper,Sarah,Vrouwelijk,05/20/2019
Namen,Brigitte,Vrouwelijk,05/10/2019
Heusden-Zolder,Mathias,Mannelijk,05/09/2019
Leuze-en-Hainaut,Arthur,Mannelijk,05/13/2019
Namen,Isabelle,Vrouwelijk,05/08/2019
Lokeren,Marie,Vrouwelijk,05/01/2019
La Louvière,Eddy,Mannelijk,05/03/2019
Wachtebeke,Anne-Marie,Vrouwelijk,05/11/2019
De Pinte,Isabel,Vrouwelijk,05/16/2019
Brussel,Sara,Vrouwelijk,07/02/2019
Watermaal-Bosvoorde,Antoine,Mannelijk,05/13/2019
Luik,Patrice,Mannelijk,07/04/2019
Vorst (Brussel-Hoofdstad),Alida,Vrouwelijk,05/04/2019
Willebroek,Frans,Mannelijk,05/19/2019
Dilbeek,Nawal,Vrouwelijk,05/09/2019
Torhout,Magdalena,Vrouwelijk,05/03/2019
Zottegem,Danny,Mannelijk,05/16/2019
Sint-Agatha-Berchem,Sebastien,Mannelijk,05/18/2019
Walcourt,Bernard,Mannelijk,05/11/2019
Antwerpen,Monique,Vrouwelijk,05/20/2019
Diksmuide,Cindy,Vrouwelijk,05/19/2019
Luik,Antoine,Mannelijk,05/04/2019
Oostende,Marie,Vrouwelijk,05/04/2019
Frasnes-lez-Anvaing,Sabine,Vrouwelijk,05/20/2019
Sint-Agatha-Berchem,Alain,Mannelijk,05/10/2019
Brakel,Christian,Mannelijk,05/11/2019
Jabbeke,Mathias,Mannelijk,05/03/2019
Lebbeke,Ines,Vrouwelijk,05/09/2019
Ranst,Conny,Vrouwelijk,05/04/2019
Vorst (Brussel-Hoofdstad),Caroline,Vrouwelijk,05/07/2019
Sint-Agatha-Berchem,Jacqueline,Vrouwelijk,05/22/2019
Balen,Wendy,Vrouwelijk,05/11/2019
Herselt,Lars,Mannelijk,05/16/2019
Herent,Maria,Vrouwelijk,05/11/2019
Aalst (Aalst),Birgit,Vrouwelijk,05/11/2019
Antwerpen,Mattijs,Mannelijk,05/15/2019
Asse,Kristof,Mannelijk,05/08/2019
Lille,Wendy,Vrouwelijk,05/06/2019
Damme,Wim,Mannelijk,06/02/2019
Gent,Dirk,Mannelijk,06/25/2019
Retie,Nick,Mannelijk,05/27/2019
Zoutleeuw,Ann,Vrouwelijk,05/29/2019
Blankenberge,Jules,Mannelijk,05/17/2019
La Bruyère,Marcel,Mannelijk,05/17/2019
Antwerpen,Suraiya,Vrouwelijk,05/08/2019
Zele,Jo,Mannelijk,06/22/2019
Beloeil,Catherine,Vrouwelijk,05/05/2019
Geel,Johan,Mannelijk,05/13/2019
Geetbets,Lucienne,Vrouwelijk,05/01/2019
Luik,Mehmet,Mannelijk,05/11/2019
Anderlecht,Didier,Mannelijk,05/12/2019
Heusden-Zolder,Jozef,Mannelijk,05/13/2019
Aalst (Aalst),Ellen,Vrouwelijk,05/13/2019
Vaux-sur-Sûre,René,Mannelijk,05/07/2019
Westerlo,Peggy,Vrouwelijk,05/12/2019
Eghezée,Geoffrey,Mannelijk,05/14/2019
Charleroi,Nermin,Vrouwelijk,05/10/2019
Ukkel,Carmen,Vrouwelijk,05/15/2019
Zonnebeke,Denise,Vrouwelijk,05/01/2019
Denderleeuw,Paul,Mannelijk,05/12/2019
Londerzeel,An,Vrouwelijk,05/20/2019
Maldegem,Viviane,Vrouwelijk,05/21/2019
As,Lars,Mannelijk,05/03/2019
Pelt,Elisa,Vrouwelijk,05/08/2019
Machelen (Halle-Vilvoorde),Emma,Vrouwelijk,05/13/2019
Aalst (Aalst),Ineke,Vrouwelijk,06/01/2019
Jemeppe-sur-Sambre,Olivier,Mannelijk,05/06/2019
Menen,Ronald,Mannelijk,05/12/2019
Ukkel,Colette,Vrouwelijk,05/13/2019
Waterloo,Alexandre,Mannelijk,05/08/2019
Gent,Sabrina,Vrouwelijk,06/01/2019
Balen,Peter,Mannelijk,05/16/2019
Rumst,Charlotte,Vrouwelijk,04/30/2019
Bergen,Emilie,Vrouwelijk,05/12/2019
Hoei,Alban,Mannelijk,05/11/2019
Kapellen (Antwerpen),Cecilia,Vrouwelijk,05/06/2019
Moeskroen,Mélody,Vrouwelijk,05/03/2019
Heusden-Zolder,Sena,Vrouwelijk,05/02/2019
Lokeren,Jeannine,Vrouwelijk,05/12/2019
Borsbeek,Veerle,Vrouwelijk,05/28/2019
Anderlecht,Veronica,Vrouwelijk,05/09/2019
Maaseik,Marie,Vrouwelijk,05/18/2019
Meise,Karel,Mannelijk,04/30/2019
Rotselaar,Angèle,Vrouwelijk,05/09/2019
Gent,Jeanne,Vrouwelijk,05/27/2019
La Louvière,Thierry,Mannelijk,05/03/2019
Bree,Dirk,Mannelijk,05/19/2019
Boortmeerbeek,Dorien,Vrouwelijk,05/26/2019
Bergen,Nathan,Mannelijk,05/10/2019
Schaarbeek,Maria,Vrouwelijk,05/28/2019
Havelange,André,Mannelijk,05/08/2019
Rumst,Olivier,Mannelijk,05/07/2019
Moeskroen,Cécile,Vrouwelijk,05/10/2019
Ronse,Frédéric,Mannelijk,05/29/2019
Héron,Véronique,Vrouwelijk,05/10/2019
Beringen,Bo,Vrouwelijk,05/04/2019
Charleroi,Raphaël,Mannelijk,05/08/2019
Moeskroen,Mustapha,Mannelijk,05/13/2019
Eeklo,Antoine,Mannelijk,05/10/2019
Maasmechelen,Ricardo,Mannelijk,05/09/2019
Luik,Claudio,Mannelijk,05/07/2019
Luik,Geneviève,Vrouwelijk,05/11/2019
Mortsel,Kathleen,Vrouwelijk,05/17/2019
Oupeye,Arlette,Vrouwelijk,05/15/2019
Elsene,Capucine,Vrouwelijk,05/28/2019
Beringen,Marie-Claire,Vrouwelijk,05/02/2019
Borgworm,Marc,Mannelijk,05/03/2019
Antwerpen,Raoul,Mannelijk,05/12/2019
Schaarbeek,Sebaydin,Mannelijk,05/13/2019
Zele,Robin,Mannelijk,05/03/2019
Antwerpen,Carolina,Vrouwelijk,05/11/2019
Vilvoorde,Marijke,Vrouwelijk,05/24/2019
Luik,Anna,Vrouwelijk,05/15/2019
Hasselt,Mia,Vrouwelijk,05/12/2019
Brussel,Anas,Mannelijk,06/19/2019
Beringen,Stephania,Vrouwelijk,05/15/2019
Brasschaat,Dirk,Mannelijk,05/13/2019
As,Veronique,Vrouwelijk,05/19/2019
Kruibeke,Lisa,Vrouwelijk,05/09/2019
Schaarbeek,Edouard,Mannelijk,05/08/2019
Blankenberge,Charles,Mannelijk,05/15/2019
Moorslede,Hanne,Vrouwelijk,05/04/2019
Tienen,Marcelle,Vrouwelijk,05/09/2019
Oud-Heverlee,Maarten,Mannelijk,05/09/2019
Namen,Jean-Philippe,Mannelijk,05/14/2019
Grobbendonk,Maria,Vrouwelijk,05/13/2019
Hasselt,Sandra,Vrouwelijk,05/03/2019
Genk,Ummahan,Vrouwelijk,05/08/2019
Lokeren,Gilbert,Mannelijk,05/09/2019
Hoeselt,Tom,Mannelijk,05/01/2019
La Louvière,Agnès,Vrouwelijk,05/13/2019
Moeskroen,Jimmy,Mannelijk,05/23/2019
Musson,Sophie,Vrouwelijk,05/16/2019
Ingelmunster,Jan,Mannelijk,05/08/2019
Antwerpen,Heidi,Vrouwelijk,05/03/2019
Gent,Khalid,Mannelijk,05/21/2019
Leuven,Filip,Mannelijk,05/08/2019
Charleroi,Nicole,Vrouwelijk,05/12/2019
Leopoldsburg,Ingrid,Vrouwelijk,05/06/2019
Waver,Eliane,Vrouwelijk,05/18/2019
Anderlecht,Stefania,Vrouwelijk,04/30/2019
Roeselare,Anne,Vrouwelijk,04/30/2019
Andenne,Michel,Mannelijk,05/14/2019
Oostende,Nancy,Vrouwelijk,05/05/2019
Luik,Manon,Vrouwelijk,05/20/2019
Kasterlee,Maria,Vrouwelijk,05/15/2019
Florenville,Emile,Mannelijk,05/18/2019
Beveren (Sint-Niklaas),Barbara,Vrouwelijk,05/12/2019
Sint-Gillis,Joël,Mannelijk,05/15/2019
Wuustwezel,Tinneke,Vrouwelijk,05/27/2019
Nieuwerkerken (Hasselt),Marie,Vrouwelijk,05/26/2019
Doornik,Anthony,Mannelijk,05/06/2019
Tervuren,Clara,Vrouwelijk,05/11/2019
Asse,Josée,Vrouwelijk,05/24/2019
Aarlen,Liam,Mannelijk,05/10/2019
Roeselare,Michiel,Mannelijk,05/17/2019
Wuustwezel,Leo,Mannelijk,05/10/2019
Brussel,Véronique,Vrouwelijk,05/08/2019
Brugge,Bryan,Mannelijk,05/13/2019
Mortsel,Jeanne,Vrouwelijk,05/11/2019
Antwerpen,Peter,Mannelijk,05/12/2019
Lummen,Wim,Mannelijk,05/31/2019
Antwerpen,Aliye,Vrouwelijk,05/11/2019
Leuven,Alexander,Mannelijk,05/11/2019
Oostkamp,Petra,Vrouwelijk,05/10/2019
Pont-à-Celles,Jacques,Mannelijk,05/12/2019
Dessel,Kris,Mannelijk,05/09/2019
La Roche-en-Ardenne,Yvette,Vrouwelijk,05/05/2019
Kortrijk,Maria,Vrouwelijk,05/08/2019
Asse,Kevin,Mannelijk,05/17/2019
Peer,Eline,Vrouwelijk,05/17/2019
Sint-Gillis,Sofia,Vrouwelijk,05/08/2019
Brugge,Stephanie,Vrouwelijk,05/26/2019
Lierde,Britt,Vrouwelijk,05/19/2019
Pittem,Leona,Vrouwelijk,05/05/2019
Koekelberg,Sofia,Vrouwelijk,05/14/2019
Hasselt,Dirk,Mannelijk,05/12/2019
Quévy,Evelyne,Vrouwelijk,05/02/2019
Tienen,Erik,Mannelijk,05/08/2019
Vilvoorde,Dylan,Mannelijk,05/16/2019
Kortrijk,Xavier,Mannelijk,07/05/2019
Marchin,Nathalie,Vrouwelijk,05/19/2019
Brugge,Titus,Mannelijk,04/30/2019
Luik,Mohamed,Mannelijk,05/15/2019
Jette,Cornelia,Vrouwelijk,05/20/2019
Lievegem,David,Mannelijk,05/10/2019
