gemeente,naam,geslacht,verwachte datum
Anderlecht,Adel,Mannelijk,04/20/2019
Beringen,Talha,Mannelijk,04/15/2019
Dinant,Alessandro,Mannelijk,04/19/2019
Oud-Heverlee,Marie,Vrouwelijk,04/24/2019
Hechtel-Eksel,Lars,Mannelijk,04/25/2019
Zwijndrecht,Maria,Vrouwelijk,05/09/2019
Oostende,Matthew,Mannelijk,04/13/2019
La Louvière,Cyril,Mannelijk,04/08/2019
Sint-Gillis,Yves,Mannelijk,05/04/2019
Evergem,David,Mannelijk,04/13/2019
Erezée,Michaël,Mannelijk,04/20/2019
Anderlecht,Amira,Vrouwelijk,04/09/2019
Sint-Pieters-Leeuw,Marie,Vrouwelijk,04/11/2019
Beringen,Maria,Vrouwelijk,04/18/2019
Ukkel,Andres,Mannelijk,04/09/2019
Sint-Jans-Molenbeek,Mimouna,Vrouwelijk,04/15/2019
Gent,Nathalie,Vrouwelijk,04/22/2019
Willebroek,Lucienne,Vrouwelijk,05/01/2019
Fleurus,Nicole,Vrouwelijk,04/07/2019
Lokeren,Thomas,Mannelijk,04/16/2019
Dessel,Jozef,Mannelijk,04/20/2019
Brunehaut,Xavier,Mannelijk,04/25/2019
Lille,Greta,Vrouwelijk,04/23/2019
Ramillies,Victor,Mannelijk,05/03/2019
Namen,Laurent,Mannelijk,04/27/2019
Anderlecht,Thérèse,Vrouwelijk,04/07/2019
Andenne,Sébastien,Mannelijk,04/10/2019
Bergen,Nathalie,Vrouwelijk,04/18/2019
Berlaar,Anna,Vrouwelijk,04/22/2019
Herstal,Michaël,Mannelijk,04/17/2019
Kortrijk,Siegfried,Mannelijk,04/12/2019
Aalst (Aalst),Jeannine,Vrouwelijk,04/12/2019
Turnhout,Noa,Vrouwelijk,04/19/2019
La Louvière,Eric,Mannelijk,04/14/2019
Sint-Gillis-Waas,Irène,Vrouwelijk,04/17/2019
Rumst,Bart,Mannelijk,04/19/2019
Sint-Pieters-Leeuw,Sabrine,Vrouwelijk,04/13/2019
Heusden-Zolder,Ensar,Mannelijk,04/11/2019
Elsene,Ahmet,Mannelijk,04/06/2019
Gerpinnes,Jérôme,Mannelijk,04/17/2019
Berlaar,Wendy,Vrouwelijk,04/11/2019
Andenne,Laurence,Vrouwelijk,04/15/2019
Brugge,Steven,Mannelijk,04/05/2019
Sint-Pieters-Woluwe,Linda,Vrouwelijk,04/07/2019
Charleroi,Burak,Mannelijk,04/25/2019
Oudergem,Christian,Mannelijk,04/22/2019
Gent,Raja,Vrouwelijk,04/14/2019
Leuven,Catharina,Vrouwelijk,05/01/2019
Welkenraedt,Rosa,Vrouwelijk,04/06/2019
Zedelgem,Louis,Mannelijk,04/15/2019
Oostkamp,Tanja,Vrouwelijk,04/22/2019
Zottegem,Karine,Vrouwelijk,04/13/2019
Willebroek,Bianca,Vrouwelijk,04/10/2019
Lasne,Martine,Vrouwelijk,04/15/2019
Blegny,Henri,Mannelijk,04/12/2019
Sint-Truiden,Carine,Vrouwelijk,04/17/2019
Bergen,Jeannine,Vrouwelijk,04/06/2019
Luik,Cathy,Vrouwelijk,04/15/2019
Luik,Richard,Mannelijk,04/17/2019
Binche,Nicole,Vrouwelijk,04/13/2019
Sint-Pieters-Leeuw,Anja,Vrouwelijk,04/10/2019
Pepingen,Raymond,Mannelijk,04/21/2019
Vilvoorde,Axel,Mannelijk,04/05/2019
Moerbeke (Gent),Marie,Vrouwelijk,04/12/2019
Etterbeek,Alfred,Mannelijk,04/21/2019
Sint-Lambrechts-Woluwe,Maja,Vrouwelijk,04/06/2019
Roeselare,Wouter,Mannelijk,04/25/2019
Beernem,Lorenzo,Mannelijk,04/22/2019
Koekelberg,Luc,Mannelijk,04/07/2019
Bergen,Annie,Vrouwelijk,04/10/2019
Zuienkerke,Romain,Mannelijk,04/13/2019
Fleurus,Rosalia,Vrouwelijk,04/17/2019
Eeklo,Martin,Mannelijk,04/17/2019
Antwerpen,Douglas,Mannelijk,04/11/2019
Antwerpen,Jeannine,Vrouwelijk,04/13/2019
Schaarbeek,Ayse,Vrouwelijk,04/13/2019
Durbuy,Paul,Mannelijk,04/17/2019
Anderlecht,Liliane,Vrouwelijk,04/09/2019
Flémalle,Lina,Vrouwelijk,04/18/2019
Antwerpen,Godelieve,Vrouwelijk,04/22/2019
Westerlo,Anna,Vrouwelijk,04/12/2019
Borgworm,Christine,Vrouwelijk,04/19/2019
Haacht,Jonathan,Mannelijk,04/28/2019
Gent,Eddy,Mannelijk,04/12/2019
Namen,Sébastien,Mannelijk,04/16/2019
Bergen,Marjorie,Vrouwelijk,04/17/2019
Lommel,Paul,Mannelijk,04/23/2019
Kaprijke,Louise,Vrouwelijk,04/14/2019
Messancy,Georgette,Vrouwelijk,04/15/2019
Chaudfontaine,Clément,Mannelijk,05/08/2019
Ronse,Zoë,Vrouwelijk,04/08/2019
Pont-à-Celles,Emilie,Vrouwelijk,04/20/2019
Thuin,François,Mannelijk,04/22/2019
Lochristi,Maarten,Mannelijk,04/21/2019
Antwerpen,Rita,Vrouwelijk,04/25/2019
Zwevegem,Lieven,Mannelijk,04/17/2019
Namen,Bernard,Mannelijk,04/19/2019
Houthalen-Helchteren,Arno,Mannelijk,04/16/2019
Zonhoven,Lou,Mannelijk,04/22/2019
Knokke-Heist,Yasmine,Vrouwelijk,04/13/2019
Anderlecht,Johnny,Mannelijk,04/30/2019
Charleroi,Khaoula,Vrouwelijk,04/16/2019
Gent,Celine,Vrouwelijk,04/13/2019
Gouvy,Edith,Vrouwelijk,04/14/2019
Waregem,Denise,Vrouwelijk,04/13/2019
Essen,Anna,Vrouwelijk,04/12/2019
Scherpenheuvel-Zichem,Anni,Vrouwelijk,04/15/2019
Geel,Magda,Vrouwelijk,04/24/2019
Poperinge,Frans,Mannelijk,04/20/2019
Gent,Mieke,Vrouwelijk,04/07/2019
Antwerpen,Mohamed,Mannelijk,04/08/2019
Bertem,An,Vrouwelijk,04/17/2019
Scherpenheuvel-Zichem,Patrick,Mannelijk,04/09/2019
Quaregnon,Mandy,Vrouwelijk,04/15/2019
Torhout,Chayenne,Vrouwelijk,04/25/2019
Menen,Elise,Vrouwelijk,04/07/2019
Bilzen,Joseph,Mannelijk,04/20/2019
Ukkel,Guy,Mannelijk,04/17/2019
Watermaal-Bosvoorde,Mohammad,Mannelijk,04/30/2019
Diksmuide,Mathias,Mannelijk,04/18/2019
Herentals,Vincent,Mannelijk,04/24/2019
Kapelle-op-den-Bos,Noah,Mannelijk,04/11/2019
Anderlecht,Jean,Mannelijk,04/21/2019
Kasterlee,Jasmine,Vrouwelijk,04/05/2019
Beaumont,Valentin,Mannelijk,04/06/2019
Melle,Lisa,Vrouwelijk,04/08/2019
Heers,Martin,Mannelijk,04/10/2019
Zonhoven,Werner,Mannelijk,04/15/2019
’s Gravenbrakel,Valérie,Vrouwelijk,04/18/2019
Ronse,Karel,Mannelijk,04/14/2019
Willebroek,Louisette,Vrouwelijk,04/16/2019
Orp-Jauche,Patricia,Vrouwelijk,04/16/2019
Jette,Lina,Vrouwelijk,04/06/2019
Gent,Fernand,Mannelijk,04/05/2019
Willebroek,Maria,Vrouwelijk,04/19/2019
Deerlijk,Justine,Vrouwelijk,04/08/2019
Antwerpen,Charlotte,Vrouwelijk,04/10/2019
Landen,John,Mannelijk,04/05/2019
Antwerpen,Hilde,Vrouwelijk,05/07/2019
Herentals,Emma,Vrouwelijk,04/06/2019
Ukkel,Claudine,Vrouwelijk,04/16/2019
Aalst (Aalst),Norbert,Mannelijk,04/12/2019
Assenede,Rita,Vrouwelijk,04/20/2019
Wingene,Robert,Mannelijk,04/14/2019
Melle,Martine,Vrouwelijk,04/15/2019
Sint-Pieters-Woluwe,Valentin,Mannelijk,04/07/2019
Genk,Hamdi,Mannelijk,04/17/2019
Antwerpen,Alfons,Mannelijk,04/25/2019
Bergen,Blandine,Vrouwelijk,04/11/2019
Blegny,Marie,Vrouwelijk,04/16/2019
Ukkel,Clara,Vrouwelijk,04/15/2019
Wervik,Veronique,Vrouwelijk,04/22/2019
Kortemark,Emma,Vrouwelijk,04/25/2019
Walcourt,Thomas,Mannelijk,04/10/2019
Vorselaar,Ludo,Mannelijk,04/14/2019
Houthalen-Helchteren,Rudi,Mannelijk,04/22/2019
Antwerpen,Serge,Mannelijk,04/30/2019
Sint-Niklaas (Sint-Niklaas),Berlinda,Vrouwelijk,04/16/2019
Sint-Jans-Molenbeek,Guy,Mannelijk,04/20/2019
Zoersel,Jeroen,Mannelijk,04/15/2019
Wachtebeke,Seppe,Mannelijk,04/19/2019
Neupré,Francine,Vrouwelijk,04/15/2019
Waver,Lucas,Mannelijk,04/19/2019
Berlare,Luc,Mannelijk,04/13/2019
Aat,Hugues,Mannelijk,04/15/2019
De Panne,Georges,Mannelijk,04/09/2019
Beringen,Batuhan,Mannelijk,04/21/2019
Borgworm,Jean-Louis,Mannelijk,04/30/2019
Ledegem,Anneke,Vrouwelijk,04/12/2019
Retie,Jan,Mannelijk,04/17/2019
Sint-Niklaas (Sint-Niklaas),Fatima,Vrouwelijk,04/06/2019
Hamont-Achel,Cornelia,Vrouwelijk,05/08/2019
Rotselaar,Roger,Mannelijk,04/22/2019
Kasteelbrakel,Françoise,Vrouwelijk,04/14/2019
Luik,Aline,Vrouwelijk,04/23/2019
Nijvel,Juliette,Vrouwelijk,04/05/2019
Nieuwpoort,Annie,Vrouwelijk,04/21/2019
Farciennes,Tamara,Vrouwelijk,04/09/2019
La Louvière,Nathalie,Vrouwelijk,04/20/2019
Brugge,Francine,Vrouwelijk,04/06/2019
Andenne,Mario,Mannelijk,04/16/2019
Charleroi,Mimoun,Mannelijk,04/18/2019
Waterloo,Colin,Mannelijk,04/16/2019
Antwerpen,Valeria,Vrouwelijk,04/07/2019
Lievegem,Ellen,Vrouwelijk,04/08/2019
Dendermonde,Shana,Vrouwelijk,04/11/2019
Hamois,Edouard,Mannelijk,04/15/2019
Kortemark,Marnix,Mannelijk,04/09/2019
Hoogstraten,Christianne,Vrouwelijk,05/06/2019
Oud-Turnhout,Marc,Mannelijk,04/17/2019
Gent,Alain,Mannelijk,04/16/2019
Schoten,Maria,Vrouwelijk,04/21/2019
Gerpinnes,Valérie,Vrouwelijk,05/03/2019
Niel,Victoria,Vrouwelijk,04/18/2019
Etterbeek,Georgette,Vrouwelijk,04/14/2019
Komen-Waasten,Marleen,Vrouwelijk,04/25/2019
Oud-Turnhout,Anna,Vrouwelijk,04/15/2019
Poperinge,Hannah,Vrouwelijk,04/14/2019
Ledegem,Marleen,Vrouwelijk,04/05/2019
Gent,Yordan,Mannelijk,04/14/2019
Sint-Martens-Latem,José,Mannelijk,04/18/2019
Geldenaken,Samuel,Mannelijk,06/07/2019
Elsene,Annika,Vrouwelijk,04/16/2019
Leuven,Christine,Vrouwelijk,04/10/2019
Kontich,Joanna,Vrouwelijk,04/23/2019
Oostende,Georgette,Vrouwelijk,04/11/2019
Courcelles,Sophie,Vrouwelijk,04/16/2019
Lievegem,Eddy,Mannelijk,04/19/2019
Antwerpen,Kristel,Vrouwelijk,04/22/2019
Zwijndrecht,Ludo,Mannelijk,04/22/2019
Schaarbeek,Edmond,Mannelijk,04/06/2019
Pecq,Jérôme,Mannelijk,04/05/2019
Sint-Gillis-Waas,Lena,Vrouwelijk,04/12/2019
Mechelen,Mathias,Mannelijk,04/22/2019
’s Gravenbrakel,Valentine,Vrouwelijk,04/13/2019
Andenne,Francis,Mannelijk,04/24/2019
Anderlecht,Zakaria,Mannelijk,04/17/2019
Gent,Annelien,Vrouwelijk,04/13/2019
Deinze,Ivan,Mannelijk,04/07/2019
Mechelen,Walter,Mannelijk,04/06/2019
Turnhout,Christiana,Vrouwelijk,04/15/2019
Sint-Genesius-Rode,Ethan,Mannelijk,04/16/2019
Charleroi,Salvatore,Mannelijk,04/09/2019
Luik,Fernande,Vrouwelijk,04/09/2019
Aartselaar,Harry,Mannelijk,04/30/2019
Lokeren,Jenna,Vrouwelijk,04/16/2019
Doornik,Marie-Anne,Vrouwelijk,05/02/2019
Vresse-sur-Semois,Alexandre,Mannelijk,04/22/2019
Puurs-Sint-Amands,Godelieva,Vrouwelijk,04/10/2019
Péruwelz,Emilie,Vrouwelijk,04/12/2019
Anderlecht,Marie-Louise,Vrouwelijk,04/25/2019
Brussel,Madeleine,Vrouwelijk,04/15/2019
Ichtegem,Eric,Mannelijk,04/14/2019
Hannuit,Vinciane,Vrouwelijk,04/24/2019
Opzullik,Annie,Vrouwelijk,05/08/2019
Kasterlee,Aloysius,Mannelijk,04/05/2019
Sint-Lambrechts-Woluwe,Emilie,Vrouwelijk,04/21/2019
Kortrijk,Mohamad,Mannelijk,04/16/2019
Doornik,Alexandra,Vrouwelijk,04/15/2019
Meise,Paul,Mannelijk,04/16/2019
Seneffe,Christian,Mannelijk,04/12/2019
Zottegem,Bart,Mannelijk,04/17/2019
Evere,Youssef,Mannelijk,04/12/2019
Antoing,Ludivine,Vrouwelijk,04/13/2019
Antwerpen,Bilal,Mannelijk,04/23/2019
Le Roeulx,René,Mannelijk,04/14/2019
Lievegem,Dirk,Mannelijk,04/14/2019
Sambreville,Thomas,Mannelijk,04/24/2019
Lessen,David,Mannelijk,04/15/2019
Kortrijk,Morgane,Vrouwelijk,05/08/2019
Affligem,Sanne,Vrouwelijk,04/13/2019
Londerzeel,Elsie,Vrouwelijk,04/20/2019
Elsene,Laetitia,Vrouwelijk,04/17/2019
Ronse,Daan,Mannelijk,04/20/2019
Le Roeulx,Josette,Vrouwelijk,04/24/2019
Zottegem,Marguerite,Vrouwelijk,04/09/2019
Namen,Dominique,Vrouwelijk,04/22/2019
Gent,Frank,Mannelijk,04/20/2019
Beerse,Philomena,Vrouwelijk,04/23/2019
Sint-Jans-Molenbeek,Abdelrahman,Mannelijk,04/24/2019
Sint-Truiden,Rudi,Mannelijk,04/23/2019
Mortsel,Anne-Marie,Vrouwelijk,04/25/2019
Merelbeke,Robin,Mannelijk,04/08/2019
Aarlen,Arthur,Mannelijk,04/14/2019
Namen,Camille,Vrouwelijk,04/21/2019
Rotselaar,Christiane,Vrouwelijk,04/13/2019
Nijlen,Sofie,Vrouwelijk,04/25/2019
Gedinne,Anna,Vrouwelijk,04/16/2019
Wanze,Amélie,Vrouwelijk,04/12/2019
Etterbeek,Elena,Vrouwelijk,04/10/2019
Ravels,Geert,Mannelijk,04/19/2019
Izegem,Roger,Mannelijk,05/23/2019
Brussel,Naïma,Vrouwelijk,04/15/2019
Hasselt,André,Mannelijk,04/13/2019
Elsene,Matteo,Mannelijk,04/12/2019
Perwijs (Nijvel),Lisette,Vrouwelijk,04/15/2019
Esneux,Carine,Vrouwelijk,04/08/2019
Charleroi,Gabrielle,Vrouwelijk,04/05/2019
Libin,Christelle,Vrouwelijk,04/23/2019
Melle,Stefaan,Mannelijk,04/22/2019
Gistel,Nathan,Mannelijk,04/25/2019
Sint-Jans-Molenbeek,Ilyas,Mannelijk,04/18/2019
Beringen,Ilario,Mannelijk,04/10/2019
Menen,Ghislain,Mannelijk,04/15/2019
Meise,Mohammed,Mannelijk,04/24/2019
Jemeppe-sur-Sambre,Charlotte,Vrouwelijk,04/24/2019
Schoten,Leon,Mannelijk,04/08/2019
Putte,Ben,Mannelijk,04/12/2019
Sint-Gillis-Waas,Kevin,Mannelijk,04/10/2019
Antwerpen,Michiel,Mannelijk,04/24/2019
Aalst (Aalst),Zeno,Mannelijk,04/24/2019
Oostende,Mathis,Mannelijk,04/05/2019
Roeselare,Michel,Mannelijk,04/24/2019
Gent,Muhammet,Mannelijk,04/15/2019
Sint-Niklaas (Sint-Niklaas),Yvonne,Vrouwelijk,04/25/2019
Kampenhout,Guillaume,Mannelijk,05/03/2019
Spa,Jean,Mannelijk,04/21/2019
Wanze,Nicolas,Mannelijk,04/10/2019
Kortrijk,Stan,Mannelijk,04/09/2019
Maaseik,Walter,Mannelijk,04/06/2019
Ciney,Emmanuel,Mannelijk,04/19/2019
Middelkerke,Sara,Vrouwelijk,04/09/2019
Saint-Nicolas (Luik),Marie,Vrouwelijk,04/20/2019
Roeselare,Fabian,Mannelijk,04/07/2019
Ottignies-Louvain-la-Neuve,Nora,Vrouwelijk,04/14/2019
Kortenberg,Joke,Vrouwelijk,04/22/2019
Antwerpen,Yannick,Mannelijk,04/16/2019
Ravels,Simonne,Vrouwelijk,04/24/2019
Dendermonde,Frieda,Vrouwelijk,04/13/2019
Evere,Samet,Mannelijk,04/15/2019
Bilzen,Tom,Mannelijk,04/16/2019
Sint-Jans-Molenbeek,Yassine,Mannelijk,04/24/2019
Gent,Johan,Mannelijk,04/28/2019
Beernem,André,Mannelijk,04/15/2019
Sint-Gillis-Waas,Luc,Mannelijk,04/10/2019
Hoogstraten,Maria,Vrouwelijk,04/18/2019
Wichelen,Heidi,Vrouwelijk,04/29/2019
Lummen,Simonne,Vrouwelijk,04/07/2019
Luik,Laurent,Mannelijk,04/23/2019
Baarle-Hertog,Frank,Mannelijk,04/18/2019
Lievegem,Inge,Vrouwelijk,05/09/2019
