gemeente,naam,geslacht,verwachte datum
Nazareth,Stefaan,Mannelijk,06/14/2019
Doornik,Philippe,Mannelijk,06/11/2019
Namen,Anaïs,Vrouwelijk,06/24/2019
Beaumont,Martine,Vrouwelijk,07/06/2019
Geel,Eric,Mannelijk,06/27/2019
Buggenhout,Jonas,Mannelijk,06/14/2019
Jabbeke,Arnold,Mannelijk,06/20/2019
Meise,Marie,Vrouwelijk,06/16/2019
Gent,Margita,Vrouwelijk,06/13/2019
Hasselt,Raymond,Mannelijk,06/27/2019
Dendermonde,Mieke,Vrouwelijk,06/11/2019
Meise,Bram,Mannelijk,06/09/2019
Namen,Christian,Mannelijk,06/10/2019
Laarne,André,Mannelijk,06/20/2019
Genk,Leen,Vrouwelijk,06/18/2019
Beersel,Liliane,Vrouwelijk,06/18/2019
Evergem,Kenny,Mannelijk,07/05/2019
Zandhoven,Steven,Mannelijk,06/18/2019
Bergen,François,Mannelijk,06/17/2019
Herentals,Karel,Mannelijk,07/08/2019
Sint-Truiden,Evy,Vrouwelijk,06/26/2019
Zonhoven,Vincent,Mannelijk,06/16/2019
Schaarbeek,Martine,Vrouwelijk,06/28/2019
Zottegem,Gino,Mannelijk,06/15/2019
Aat,Elisa,Vrouwelijk,06/28/2019
Oudergem,Charles,Mannelijk,06/20/2019
Lokeren,Manon,Vrouwelijk,06/14/2019
Wommelgem,Roger,Mannelijk,06/18/2019
Kontich,Dirk,Mannelijk,06/28/2019
Luik,Geneviève,Vrouwelijk,06/26/2019
Elsene,Malika,Vrouwelijk,06/14/2019
Mortsel,Omar,Mannelijk,06/12/2019
Langemark-Poelkapelle,Mia,Vrouwelijk,06/16/2019
Westerlo,Michiel,Mannelijk,06/18/2019
Wommelgem,Mariette,Vrouwelijk,06/19/2019
Mettet,Jules,Mannelijk,06/19/2019
Torhout,Magda,Vrouwelijk,07/03/2019
Schaarbeek,Yusuf,Mannelijk,06/14/2019
’s Gravenbrakel,Maria,Vrouwelijk,06/18/2019
Affligem,Maria,Vrouwelijk,06/15/2019
Gent,Ilse,Vrouwelijk,06/14/2019
Sint-Gillis-Waas,Werner,Mannelijk,06/13/2019
Brasschaat,Rosalia,Vrouwelijk,06/21/2019
Dour,Gabriel,Mannelijk,06/15/2019
Elsene,Olivier,Mannelijk,06/26/2019
Heist-op-den-Berg,Annelies,Vrouwelijk,07/05/2019
Borgloon,Rita,Vrouwelijk,06/20/2019
Brugge,Monique,Vrouwelijk,06/08/2019
Lede,Jan,Mannelijk,06/19/2019
Rotselaar,Denise,Vrouwelijk,06/26/2019
Hoei,Nicolas,Mannelijk,06/15/2019
Lanaken,Maria,Vrouwelijk,06/13/2019
Kortrijk,Ronny,Mannelijk,06/19/2019
Roeselare,Nand,Mannelijk,06/10/2019
Vilvoorde,Maria,Vrouwelijk,07/11/2019
Gent,Michael,Mannelijk,06/25/2019
Deinze,Ann,Vrouwelijk,06/09/2019
Affligem,Willy,Mannelijk,06/17/2019
Sint-Katelijne-Waver,Liesbet,Vrouwelijk,06/27/2019
Ukkel,Benoit,Mannelijk,07/14/2019
Quaregnon,Hatice,Vrouwelijk,06/14/2019
Sint-Niklaas (Sint-Niklaas),Lena,Vrouwelijk,06/18/2019
Zonhoven,Wilfried,Mannelijk,06/15/2019
Tervuren,Charles,Mannelijk,06/21/2019
Gent,Hafsa,Vrouwelijk,06/20/2019
Linter,Peter,Mannelijk,06/11/2019
Hensies,Vincent,Mannelijk,06/18/2019
Halle (Halle-Vilvoorde),Thibo,Mannelijk,06/23/2019
Bergen,Paulette,Vrouwelijk,06/22/2019
Verviers,Nadine,Vrouwelijk,06/10/2019
Plombières,Logan,Mannelijk,06/23/2019
Beveren (Sint-Niklaas),Nicholas,Mannelijk,06/08/2019
Olen,Ben,Mannelijk,06/15/2019
Aat,Anne,Vrouwelijk,06/21/2019
Hastière,Noël,Mannelijk,06/13/2019
Wijnegem,Pascale,Vrouwelijk,06/17/2019
Sint-Lambrechts-Woluwe,Andrei,Mannelijk,06/14/2019
Antwerpen,Anass,Mannelijk,06/25/2019
Schaarbeek,Souad,Vrouwelijk,06/26/2019
Neupré,Martine,Vrouwelijk,07/04/2019
Seraing,Sibel,Vrouwelijk,06/14/2019
Oudergem,Isabelle,Vrouwelijk,06/24/2019
Essen,Michiel,Mannelijk,06/08/2019
Steenokkerzeel,Chantal,Vrouwelijk,06/21/2019
Aalter,Bart,Mannelijk,06/24/2019
Oupeye,Steve,Mannelijk,06/22/2019
Ravels,Sara,Vrouwelijk,07/03/2019
Moeskroen,Elsa,Vrouwelijk,06/12/2019
Jalhay,Pierre,Mannelijk,06/23/2019
Hasselt,Pieter,Mannelijk,06/21/2019
Aalst (Aalst),Amber,Vrouwelijk,06/16/2019
Brussel,Onur,Mannelijk,06/14/2019
Mechelen,Monique,Vrouwelijk,06/13/2019
Putte,Karl,Mannelijk,06/16/2019
Schaarbeek,Raïssa,Vrouwelijk,06/12/2019
Luik,Christel,Vrouwelijk,06/30/2019
Ieper,Remco,Mannelijk,06/25/2019
Antwerpen,Maria,Vrouwelijk,06/24/2019
Brasschaat,Bart,Mannelijk,07/07/2019
Balen,Christel,Vrouwelijk,06/19/2019
Torhout,Inge,Vrouwelijk,06/19/2019
Chaumont-Gistoux,Georges,Mannelijk,06/24/2019
Herzele,Patrick,Mannelijk,07/12/2019
Tubeke,Nathan,Mannelijk,07/01/2019
Charleroi,Didier,Mannelijk,07/10/2019
Kortrijk,Gustaaf,Mannelijk,06/10/2019
Namen,Emilienne,Vrouwelijk,06/20/2019
Anderlecht,Ronald,Mannelijk,06/13/2019
Kapellen (Antwerpen),Guido,Mannelijk,06/21/2019
La Louvière,Fernando,Mannelijk,06/18/2019
La Bruyère,Béatrice,Vrouwelijk,06/28/2019
Sint-Jans-Molenbeek,Joséphine,Vrouwelijk,06/09/2019
Charleroi,Amandine,Vrouwelijk,06/25/2019
Oudenburg,Michel,Mannelijk,07/12/2019
Balen,Marlies,Vrouwelijk,06/15/2019
Sint-Jans-Molenbeek,Bernard,Mannelijk,06/14/2019
Ukkel,Aleksandra,Vrouwelijk,06/29/2019
Antwerpen,Fouad,Mannelijk,06/15/2019
Oostende,Rosette,Vrouwelijk,06/13/2019
Aalst (Aalst),Pieter,Mannelijk,06/16/2019
Vorst (Brussel-Hoofdstad),Andreas,Mannelijk,06/13/2019
Oostende,Monique,Vrouwelijk,06/21/2019
Faimes,Liliane,Vrouwelijk,06/19/2019
Machelen (Halle-Vilvoorde),Anny,Vrouwelijk,06/14/2019
Poperinge,Erik,Mannelijk,06/19/2019
Tienen,Roger,Mannelijk,06/28/2019
Philippeville,Elise,Vrouwelijk,06/12/2019
Awans,Danielle,Vrouwelijk,06/26/2019
Gooik,Jan,Mannelijk,06/28/2019
Doornik,Damien,Mannelijk,06/13/2019
Aywaille,Christiane,Vrouwelijk,06/17/2019
Heers,Marleen,Vrouwelijk,07/05/2019
Oudsbergen,Sylvia,Vrouwelijk,06/11/2019
Luik,Florian,Mannelijk,06/24/2019
Bergen,Virginie,Vrouwelijk,06/26/2019
Sint-Pieters-Leeuw,Samira,Vrouwelijk,06/14/2019
Denderleeuw,Anouk,Vrouwelijk,06/23/2019
Herstal,Eliane,Vrouwelijk,07/06/2019
Sint-Joost-ten-Node,Zoulikha,Vrouwelijk,06/08/2019
Seraing,Assia,Vrouwelijk,06/14/2019
Namen,Elise,Vrouwelijk,06/19/2019
Antwerpen,Joanna,Vrouwelijk,06/16/2019
Zonhoven,Sandra,Vrouwelijk,06/18/2019
Ichtegem,Liliane,Vrouwelijk,07/02/2019
Kraainem,Hervé,Mannelijk,06/18/2019
Waregem,Rik,Mannelijk,06/19/2019
Saint-Georges-sur-Meuse,Nicole,Vrouwelijk,06/21/2019
Oostende,Melissa,Vrouwelijk,06/21/2019
Hamme (Dendermonde),Etienne,Mannelijk,06/18/2019
Brussel,Mihaela,Vrouwelijk,06/11/2019
Turnhout,Wesley,Mannelijk,06/20/2019
Leuven,Marcel,Mannelijk,06/16/2019
Sint-Truiden,Chloé,Vrouwelijk,06/09/2019
Brussel,Najat,Vrouwelijk,06/18/2019
Luik,Marie,Vrouwelijk,06/25/2019
Chastre,Nadine,Vrouwelijk,06/22/2019
Oostende,Marie,Vrouwelijk,06/18/2019
Mettet,Françoise,Vrouwelijk,07/08/2019
Kontich,Ilse,Vrouwelijk,06/16/2019
Sint-Truiden,Mark,Mannelijk,06/25/2019
Doornik,Grégory,Mannelijk,06/21/2019
Vosselaar,Rita,Vrouwelijk,06/21/2019
Kortenberg,Anna,Vrouwelijk,07/06/2019
Onhaye,Pierre,Mannelijk,06/09/2019
Libramont-Chevigny,Monique,Vrouwelijk,06/16/2019
Landen,Marie,Vrouwelijk,06/23/2019
Manage,Enrique,Mannelijk,07/10/2019
Hannuit,Fanny,Vrouwelijk,06/26/2019
Elsene,Maëlle,Vrouwelijk,07/07/2019
Péruwelz,Georges,Mannelijk,06/20/2019
Temse,Tine,Vrouwelijk,06/21/2019
Gent,Santiago,Mannelijk,06/28/2019
Luik,Cyrielle,Vrouwelijk,06/08/2019
Sint-Jans-Molenbeek,Amina,Vrouwelijk,06/25/2019
Pont-à-Celles,Maureen,Vrouwelijk,06/28/2019
Evere,Ömer,Mannelijk,06/08/2019
Kortrijk,Anja,Vrouwelijk,06/27/2019
Antwerpen,Erick,Mannelijk,06/16/2019
Brussel,Jan,Mannelijk,06/12/2019
Brussel,Marie,Vrouwelijk,08/13/2019
Oudsbergen,Mathieu,Mannelijk,06/16/2019
Zoutleeuw,Carine,Vrouwelijk,06/25/2019
Temse,Michaël,Mannelijk,06/30/2019
Herzele,Kris,Mannelijk,06/15/2019
Soumagne,Murielle,Vrouwelijk,06/29/2019
Kampenhout,Dimitri,Mannelijk,06/21/2019
Hoei,Manon,Vrouwelijk,06/22/2019
Halle (Halle-Vilvoorde),Lauren,Vrouwelijk,07/07/2019
Eigenbrakel,Sylvie,Vrouwelijk,06/08/2019
Heist-op-den-Berg,Seraphina,Vrouwelijk,06/21/2019
Hamois,Thierry,Mannelijk,06/11/2019
Waver,Paul,Mannelijk,06/13/2019
Elsene,Valentina,Vrouwelijk,06/28/2019
Sint-Jans-Molenbeek,Hanan,Vrouwelijk,06/11/2019
Lokeren,Kenneth,Mannelijk,06/26/2019
De Pinte,Benjamin,Mannelijk,06/24/2019
Bastenaken,Guy,Mannelijk,06/22/2019
Antwerpen,Lex,Mannelijk,07/09/2019
Leuven,Els,Vrouwelijk,07/01/2019
Charleroi,Joseph,Mannelijk,06/22/2019
Oudsbergen,Wim,Mannelijk,06/20/2019
Zottegem,Benny,Mannelijk,06/09/2019
Sint-Lambrechts-Woluwe,Clara,Vrouwelijk,06/17/2019
Heusden-Zolder,Evelien,Vrouwelijk,06/10/2019
Anthisnes,Monique,Vrouwelijk,06/20/2019
Ninove,Wendy,Vrouwelijk,06/23/2019
Le Roeulx,Christopher,Mannelijk,06/18/2019
Aarlen,Mike,Mannelijk,07/04/2019
Stabroek,Thomas,Mannelijk,06/26/2019
Dilsen-Stokkem,Jason,Mannelijk,06/12/2019
Roeselare,Hans,Mannelijk,06/17/2019
Mettet,Laura,Vrouwelijk,06/22/2019
Kortrijk,Noel,Mannelijk,06/20/2019
Heers,Fernand,Mannelijk,06/19/2019
Jurbeke,Nicolas,Mannelijk,06/20/2019
Etterbeek,Rabia,Vrouwelijk,06/13/2019
Tongeren,Catherine,Vrouwelijk,06/22/2019
Kortrijk,Lieven,Mannelijk,06/09/2019
Gembloux,Denise,Vrouwelijk,06/10/2019
Sint-Jans-Molenbeek,Luca,Mannelijk,06/17/2019
Jette,Marie,Vrouwelijk,06/23/2019
La Bruyère,Estelle,Vrouwelijk,06/16/2019
Kaprijke,Godelieve,Vrouwelijk,06/19/2019
Knokke-Heist,Rita,Vrouwelijk,06/21/2019
Schaarbeek,Kévin,Mannelijk,06/14/2019
Sint-Pieters-Woluwe,Maya,Vrouwelijk,06/16/2019
Langemark-Poelkapelle,Lucien,Mannelijk,06/24/2019
Orp-Jauche,Camille,Vrouwelijk,06/21/2019
Farciennes,Geoffrey,Mannelijk,06/27/2019
Durbuy,Clémence,Vrouwelijk,06/23/2019
Schaarbeek,Jean,Mannelijk,06/19/2019
Anderlecht,Ahmed,Mannelijk,06/19/2019
Bilzen,Patrick,Mannelijk,06/16/2019
Hasselt,Chelsea,Vrouwelijk,06/25/2019
Ieper,Christine,Vrouwelijk,06/28/2019
Flémalle,Maya,Vrouwelijk,06/21/2019
Maasmechelen,Irem,Vrouwelijk,06/20/2019
Mechelen,Daniel,Mannelijk,06/25/2019
Sint-Lambrechts-Woluwe,Mihai,Mannelijk,06/12/2019
Bütgenbach,Bruno,Mannelijk,06/19/2019
Zonnebeke,Joke,Vrouwelijk,06/21/2019
Haaltert,Jozef,Mannelijk,06/09/2019
Destelbergen,Warre,Mannelijk,06/24/2019
Luik,Suna,Vrouwelijk,06/15/2019
Lanaken,Alexandra,Vrouwelijk,06/15/2019
Wemmel,Danielle,Vrouwelijk,06/10/2019
Komen-Waasten,Michelle,Vrouwelijk,07/11/2019
Cerfontaine,Jeanne,Vrouwelijk,06/20/2019
Brussel,Elena,Vrouwelijk,06/28/2019
Limburg,Michaël,Mannelijk,06/20/2019
Amay,Sara,Vrouwelijk,06/21/2019
Heusden-Zolder,Lucia,Vrouwelijk,06/08/2019
Mortsel,Anna,Vrouwelijk,06/24/2019
Evere,Sami,Mannelijk,06/26/2019
Liedekerke,Geert,Mannelijk,06/14/2019
Ukkel,Delphine,Vrouwelijk,06/13/2019
Bertrix,Bénédicte,Vrouwelijk,06/17/2019
Antwerpen,Vera,Vrouwelijk,06/18/2019
Antwerpen,Marieke,Vrouwelijk,07/07/2019
Gent,Jana,Vrouwelijk,06/08/2019
La Louvière,Matthias,Mannelijk,06/17/2019
Habay,Théo,Mannelijk,06/10/2019
Hoeilaart,Jean,Mannelijk,06/11/2019
Lierde,Wim,Mannelijk,06/23/2019
Nazareth,Nathalie,Vrouwelijk,06/18/2019
La Bruyère,Didier,Mannelijk,06/23/2019
Wemmel,Pierre,Mannelijk,06/16/2019
Nazareth,Vanessa,Vrouwelijk,06/14/2019
Meerhout,Ruben,Mannelijk,06/16/2019
Overijse,Louise,Vrouwelijk,06/17/2019
Court-Saint-Etienne,Vanessa,Vrouwelijk,06/22/2019
Halle (Halle-Vilvoorde),Bart,Mannelijk,06/24/2019
Heusden-Zolder,Ludovicus,Mannelijk,06/15/2019
Antwerpen,Nathan,Mannelijk,08/05/2019
Itter,Edith,Vrouwelijk,06/24/2019
Harelbeke,Jurgen,Mannelijk,06/08/2019
Sambreville,Jean-Luc,Mannelijk,07/07/2019
Kapellen (Antwerpen),Jan,Mannelijk,06/18/2019
Anderlecht,Lamia,Vrouwelijk,06/16/2019
Bergen,Giulia,Vrouwelijk,06/15/2019
Hasselt,Koen,Mannelijk,06/28/2019
Mechelen,Johan,Mannelijk,06/24/2019
Frasnes-lez-Anvaing,Jean-Marie,Mannelijk,06/20/2019
Vorst (Brussel-Hoofdstad),Stéphanie,Vrouwelijk,07/06/2019
Gent,Géraldine,Vrouwelijk,06/17/2019
Tessenderlo,Gunther,Mannelijk,06/26/2019
Izegem,Yves,Mannelijk,06/20/2019
Waregem,Jenny,Vrouwelijk,06/14/2019
Schaarbeek,Marie-Dominique,Vrouwelijk,06/11/2019
Luik,Florent,Mannelijk,06/10/2019
Kuurne,Germain,Mannelijk,07/05/2019
Virton,Alexandre,Mannelijk,06/26/2019
Brakel,Oscar,Mannelijk,06/16/2019
Sint-Pieters-Leeuw,Nathalie,Vrouwelijk,06/22/2019
Schoten,Hubert,Mannelijk,06/19/2019
Ukkel,Sabina,Vrouwelijk,06/16/2019
Ninove,Sigrid,Vrouwelijk,06/23/2019
Gent,Sven,Mannelijk,06/19/2019
Ottignies-Louvain-la-Neuve,Benjamin,Mannelijk,06/19/2019
Brugge,Franklin,Mannelijk,06/13/2019
Maaseik,Peter,Mannelijk,06/11/2019
Gent,Aiden,Mannelijk,06/15/2019
Marche-en-Famenne,Océane,Vrouwelijk,06/15/2019
Charleroi,Véronique,Vrouwelijk,06/27/2019
Sombreffe,Caroline,Vrouwelijk,06/25/2019
Houthulst,Ronny,Mannelijk,07/09/2019
Geel,Willy,Mannelijk,06/16/2019
Houthulst,Jürgen,Mannelijk,06/17/2019
Hoegaarden,Ine,Vrouwelijk,06/21/2019
Luik,Mary,Vrouwelijk,06/10/2019
Heist-op-den-Berg,Filip,Mannelijk,06/09/2019
Verviers,Jean,Mannelijk,06/27/2019
Kapellen (Antwerpen),Annelies,Vrouwelijk,06/19/2019
Merchtem,Els,Vrouwelijk,07/01/2019
Etterbeek,Catherine,Vrouwelijk,06/27/2019
Roosdaal,Erik,Mannelijk,06/21/2019
Gent,Ada,Vrouwelijk,06/17/2019
Hoei,Stéphane,Mannelijk,06/26/2019
Lede,Robert,Mannelijk,06/18/2019
Hasselt,Rudi,Mannelijk,06/19/2019
Oostende,Hendrik,Mannelijk,06/09/2019
Wanze,Stéphanie,Vrouwelijk,06/19/2019
Brasschaat,Willy,Mannelijk,07/08/2019
