gemeente,naam,geslacht,verwachte datum
Turnhout,Kristof,Mannelijk,06/14/2019
Sint-Joost-ten-Node,Sabrina,Vrouwelijk,05/15/2019
Luik,Louise,Vrouwelijk,05/21/2019
Zaventem,Karima,Vrouwelijk,06/19/2019
Asse,Georgette,Vrouwelijk,05/29/2019
Sombreffe,Julien,Mannelijk,05/19/2019
Antwerpen,Ward,Mannelijk,05/20/2019
Paliseul,Adrien,Mannelijk,05/26/2019
Geel,Rosalie,Vrouwelijk,06/12/2019
Namen,Pierre,Mannelijk,05/24/2019
Chapelle-lez-Herlaimont,Célia,Vrouwelijk,05/22/2019
Lint,Rudy,Mannelijk,05/23/2019
Destelbergen,Jean,Mannelijk,05/31/2019
Namen,Angélique,Vrouwelijk,05/22/2019
Assenede,Godelieva,Vrouwelijk,06/27/2019
Lebbeke,Petra,Vrouwelijk,05/25/2019
Andenne,Natacha,Vrouwelijk,06/09/2019
Leuven,Jean,Mannelijk,05/19/2019
Mechelen,Rudolf,Mannelijk,05/14/2019
Maaseik,Sien,Vrouwelijk,05/23/2019
Lievegem,Lisa,Vrouwelijk,05/27/2019
Aalst (Aalst),Steve,Mannelijk,05/21/2019
Lennik,André,Mannelijk,05/27/2019
Eghezée,Frédéric,Mannelijk,05/30/2019
Tenneville,Sylvie,Vrouwelijk,05/26/2019
Bergen,Florence,Vrouwelijk,05/23/2019
Waterloo,Sara,Vrouwelijk,05/23/2019
Luik,Walid,Mannelijk,05/29/2019
Pepinster,Olivier,Mannelijk,05/15/2019
Verviers,Pierre,Mannelijk,07/01/2019
Verviers,Julien,Mannelijk,05/29/2019
Merksplas,Jan,Mannelijk,06/11/2019
Stekene,Maria,Vrouwelijk,06/04/2019
Lint,Alfons,Mannelijk,05/24/2019
Veurne,Rosa,Vrouwelijk,05/23/2019
Kalmthout,Pim,Mannelijk,05/30/2019
Charleroi,Laetitia,Vrouwelijk,05/22/2019
Roeselare,Dominiek,Mannelijk,05/12/2019
Aalst (Aalst),Yorick,Mannelijk,05/24/2019
Koekelberg,Mirela,Vrouwelijk,07/10/2019
Graven,Anne-Marie,Vrouwelijk,05/23/2019
Sint-Pieters-Woluwe,Daniel,Mannelijk,05/16/2019
Verviers,Téo,Mannelijk,05/20/2019
Lier,Jana,Vrouwelijk,05/20/2019
Avelgem,Françoise,Vrouwelijk,05/16/2019
Mechelen,Quinten,Mannelijk,05/29/2019
Sint-Pieters-Leeuw,Alfons,Mannelijk,06/04/2019
Saint-Nicolas (Luik),Vincent,Mannelijk,05/19/2019
Lint,Dominique,Vrouwelijk,05/26/2019
Waregem,Bart,Mannelijk,05/22/2019
Mechelen,Christoph,Mannelijk,05/31/2019
Anderlecht,Rui,Mannelijk,05/29/2019
Antwerpen,Luljeta,Vrouwelijk,05/27/2019
Antwerpen,Felix,Mannelijk,05/28/2019
Namen,Zoé,Vrouwelijk,05/14/2019
Mechelen,Henriette,Vrouwelijk,05/30/2019
Asse,Chantal,Vrouwelijk,05/14/2019
Ronse,Françoise,Vrouwelijk,05/19/2019
Deinze,Daniel,Mannelijk,05/24/2019
Eigenbrakel,Stéphane,Mannelijk,05/30/2019
Ganshoren,Véronique,Vrouwelijk,05/20/2019
Sint-Gillis,Mathias,Mannelijk,05/20/2019
Aarlen,Danielle,Vrouwelijk,05/29/2019
Genk,Guido,Mannelijk,05/31/2019
Peer,Lieze,Vrouwelijk,05/30/2019
Namen,Fabien,Mannelijk,05/23/2019
Ukkel,Jacques,Mannelijk,05/25/2019
Zoutleeuw,Rudi,Mannelijk,05/24/2019
Leuze-en-Hainaut,Hervé,Mannelijk,05/25/2019
Leuven,René,Mannelijk,05/24/2019
Lebbeke,Loïc,Mannelijk,05/13/2019
Waregem,Krist,Mannelijk,05/22/2019
Asse,Georges,Mannelijk,05/12/2019
Watermaal-Bosvoorde,Nicolas,Mannelijk,06/01/2019
Evergem,Davy,Mannelijk,05/27/2019
Beaumont,Mathieu,Mannelijk,05/22/2019
Bergen,Daniel,Mannelijk,05/24/2019
Lessen,Mélodie,Vrouwelijk,05/21/2019
Charleroi,Selim,Mannelijk,05/18/2019
Châtelet,Marie-Rose,Vrouwelijk,05/26/2019
Nijvel,Brice,Mannelijk,05/23/2019
Sint-Gillis,Nicolas,Mannelijk,06/23/2019
Anderlecht,Jalal,Mannelijk,05/14/2019
Sint-Lambrechts-Woluwe,Paulo,Mannelijk,06/01/2019
Tienen,Gunter,Mannelijk,06/01/2019
Knokke-Heist,Norbert,Mannelijk,05/24/2019
Hoegaarden,Fleur,Vrouwelijk,05/28/2019
Bergen,Simon,Mannelijk,07/05/2019
Tremelo,Kristof,Mannelijk,05/18/2019
Bertem,Jesse,Mannelijk,05/21/2019
Charleroi,Jean,Mannelijk,06/01/2019
Zutendaal,Jo,Mannelijk,05/30/2019
Deinze,Inge,Vrouwelijk,05/19/2019
Sint-Pieters-Leeuw,Nisrine,Vrouwelijk,05/29/2019
Châtelet,Jean-Claude,Mannelijk,05/20/2019
Jalhay,Lucas,Mannelijk,05/17/2019
Beaumont,Claude,Mannelijk,05/29/2019
Temse,Thomas,Mannelijk,05/14/2019
Brugge,Peter,Mannelijk,05/23/2019
Alken,Nicole,Vrouwelijk,05/21/2019
Diest,Jessica,Vrouwelijk,06/01/2019
Quévy,Céline,Vrouwelijk,05/19/2019
Doornik,Eric,Mannelijk,06/23/2019
Machelen (Halle-Vilvoorde),Karina,Vrouwelijk,05/24/2019
Puurs-Sint-Amands,Simone,Vrouwelijk,05/24/2019
Etterbeek,Anika,Vrouwelijk,05/27/2019
Cerfontaine,Romain,Mannelijk,05/15/2019
Luik,Robin,Mannelijk,05/30/2019
Zwevegem,Geert,Mannelijk,05/28/2019
Honnelles,Clémence,Vrouwelijk,06/08/2019
Antwerpen,Jonah,Mannelijk,05/19/2019
Attert,Christian,Mannelijk,05/22/2019
Boechout,Maria,Vrouwelijk,05/25/2019
Dendermonde,Frederik,Mannelijk,05/21/2019
Aalter,Emma,Vrouwelijk,05/24/2019
Seraing,Charles,Mannelijk,06/01/2019
Zelzate,Kenneth,Mannelijk,05/26/2019
Hasselt,Annelies,Vrouwelijk,05/26/2019
Gent,Lucie,Vrouwelijk,05/24/2019
Waregem,Amélie,Vrouwelijk,05/17/2019
Zwevegem,Marie,Vrouwelijk,05/22/2019
Roosdaal,Alfons,Mannelijk,05/19/2019
Walcourt,Annie,Vrouwelijk,05/24/2019
Wetteren,Maïté,Vrouwelijk,05/23/2019
Tielt-Winge,Roger,Mannelijk,05/24/2019
Bertrix,David,Mannelijk,06/13/2019
Brasschaat,Christiane,Vrouwelijk,05/24/2019
Antwerpen,Moussa,Mannelijk,05/28/2019
Oupeye,Jean,Mannelijk,05/29/2019
Chaudfontaine,Jacqueline,Vrouwelijk,05/24/2019
Gent,Mustafa,Mannelijk,05/21/2019
Bornem,Eline,Vrouwelijk,05/24/2019
Brussel,Marco,Mannelijk,06/11/2019
Ternat,Elias,Mannelijk,05/24/2019
Anderlecht,Mikail,Mannelijk,05/22/2019
Theux,Pierre,Mannelijk,05/21/2019
Sint-Pieters-Woluwe,Alain,Mannelijk,05/18/2019
Wachtebeke,Gino,Mannelijk,05/25/2019
Roeselare,Maxime,Mannelijk,05/26/2019
Philippeville,Samuel,Mannelijk,06/03/2019
Antwerpen,Reyhan,Vrouwelijk,05/15/2019
Lanaken,Amber,Vrouwelijk,06/10/2019
Lanaken,Isabella,Vrouwelijk,05/31/2019
Malle,Geert,Mannelijk,05/26/2019
Dendermonde,Patrick,Mannelijk,05/21/2019
Waver,Monique,Vrouwelijk,05/22/2019
Zulte,Eric,Mannelijk,05/20/2019
Antwerpen,Arben,Mannelijk,06/10/2019
Charleroi,Henriette,Vrouwelijk,05/22/2019
Edingen,Patrick,Mannelijk,05/24/2019
Schoten,Axel,Mannelijk,05/25/2019
Luik,Tanya,Vrouwelijk,05/30/2019
Dilsen-Stokkem,Xavier,Mannelijk,06/04/2019
Waterloo,Henri,Mannelijk,05/21/2019
Izegem,Ingrid,Vrouwelijk,05/24/2019
Eeklo,Jonas,Mannelijk,05/20/2019
Hasselt,Nordin,Mannelijk,05/31/2019
Brakel,Eric,Mannelijk,05/24/2019
Maasmechelen,Joeri,Mannelijk,06/03/2019
Westerlo,Ferdinand,Mannelijk,05/21/2019
Gent,Jonas,Mannelijk,05/30/2019
Elsene,Malik,Mannelijk,05/24/2019
Hasselt,Anita,Vrouwelijk,05/20/2019
Sint-Pieters-Woluwe,Katja,Vrouwelijk,06/09/2019
Wezet,Déborah,Vrouwelijk,06/14/2019
Frasnes-lez-Anvaing,Roger,Mannelijk,05/26/2019
Waregem,Louis,Mannelijk,05/25/2019
Eigenbrakel,Ana,Vrouwelijk,05/12/2019
Poperinge,Gilbert,Mannelijk,05/15/2019
Ranst,Franciscus,Mannelijk,05/28/2019
Nazareth,Dieter,Mannelijk,05/29/2019
Brugge,Eddy,Mannelijk,06/07/2019
Bilzen,Sterre,Vrouwelijk,05/14/2019
Mol,Joanna,Vrouwelijk,05/25/2019
Erpe-Mere,Robbe,Mannelijk,05/23/2019
Moeskroen,Edouard,Mannelijk,05/25/2019
Sint-Pieters-Woluwe,Javier,Mannelijk,05/28/2019
Virton,Chloé,Vrouwelijk,05/20/2019
Sint-Joost-ten-Node,Saida,Vrouwelijk,05/31/2019
Seraing,Jean-Luc,Mannelijk,05/20/2019
Beerse,Mathijs,Mannelijk,05/25/2019
Doornik,Bernard,Mannelijk,05/25/2019
Mortsel,Bernadette,Vrouwelijk,06/21/2019
Brussel,Martin,Mannelijk,05/12/2019
Sint-Lambrechts-Woluwe,Bruno,Mannelijk,05/27/2019
Leuven,Hans,Mannelijk,05/22/2019
Mechelen,Viviane,Vrouwelijk,06/01/2019
Harelbeke,Geert,Mannelijk,05/26/2019
Avelgem,Milan,Mannelijk,05/25/2019
Bergen,Zakaria,Mannelijk,06/02/2019
Kapellen (Antwerpen),Anna,Vrouwelijk,05/29/2019
Sint-Gillis,Adam,Mannelijk,05/20/2019
Antwerpen,Hatice,Vrouwelijk,05/27/2019
Etterbeek,Grégoire,Mannelijk,05/16/2019
Merelbeke,Thor,Mannelijk,05/19/2019
Maasmechelen,Luc,Mannelijk,06/07/2019
Neufchâteau (Neufchâteau),Sandrine,Vrouwelijk,05/16/2019
Houthulst,Marijke,Vrouwelijk,05/20/2019
Attert,Michaël,Mannelijk,05/24/2019
Berlaar,Karina,Vrouwelijk,05/12/2019
Verviers,Jacques,Mannelijk,05/15/2019
Ganshoren,Catherine,Vrouwelijk,05/27/2019
Soumagne,Mila,Vrouwelijk,05/19/2019
Antoing,Jeanine,Vrouwelijk,05/30/2019
Brasschaat,Peter,Mannelijk,07/10/2019
Knokke-Heist,Hilda,Vrouwelijk,05/16/2019
Harelbeke,Eric,Mannelijk,05/24/2019
Gembloux,Bernard,Mannelijk,06/01/2019
Manage,Walid,Mannelijk,05/25/2019
Aarlen,Nicolas,Mannelijk,05/20/2019
Tongeren,Frédéric,Mannelijk,05/30/2019
Antwerpen,Kobe,Mannelijk,05/14/2019
Antwerpen,Iosif,Mannelijk,05/25/2019
Peer,Hilde,Vrouwelijk,05/23/2019
Frameries,Pierre,Mannelijk,05/31/2019
Moeskroen,Carine,Vrouwelijk,05/19/2019
Kortemark,Camille,Vrouwelijk,05/20/2019
Verviers,Abdul,Mannelijk,05/30/2019
Oudenaarde,Jürgen,Mannelijk,05/28/2019
Gent,Aziz,Mannelijk,06/13/2019
Lokeren,Bart,Mannelijk,05/22/2019
Sint-Pieters-Woluwe,Mathilde,Vrouwelijk,05/25/2019
Tielt-Winge,Marie,Vrouwelijk,05/19/2019
Antwerpen,Jose,Mannelijk,05/17/2019
Mechelen,Lucienne,Vrouwelijk,05/21/2019
Ciney,William,Mannelijk,05/28/2019
Waasmunster,Mohamed,Mannelijk,05/16/2019
Steenokkerzeel,Roger,Mannelijk,05/23/2019
Morlanwelz,Laurence,Vrouwelijk,05/23/2019
Schaarbeek,Ayoub,Mannelijk,05/29/2019
Leuven,Stefan,Mannelijk,05/31/2019
Puurs-Sint-Amands,Willy,Mannelijk,05/20/2019
Hamme (Dendermonde),Paula,Vrouwelijk,05/24/2019
Keerbergen,Louis,Mannelijk,05/15/2019
Beauraing,Paul,Mannelijk,05/21/2019
Tienen,Eduard,Mannelijk,05/21/2019
Diepenbeek,Laurien,Vrouwelijk,05/20/2019
Kontich,Olivier,Mannelijk,06/14/2019
Sint-Genesius-Rode,Fabienne,Vrouwelijk,05/13/2019
Lummen,Machteld,Vrouwelijk,05/15/2019
Puurs-Sint-Amands,Nils,Mannelijk,05/21/2019
Gent,Eveline,Vrouwelijk,05/19/2019
Rumst,Anne,Vrouwelijk,05/21/2019
Puurs-Sint-Amands,Ruben,Mannelijk,05/12/2019
Aat,Sabine,Vrouwelijk,05/20/2019
Riemst,Pierre,Mannelijk,05/23/2019
Sint-Lievens-Houtem,Marc,Mannelijk,06/04/2019
Mechelen,Patrick,Mannelijk,05/20/2019
Chiny,Benoît,Mannelijk,05/12/2019
Bornem,Koen,Mannelijk,05/20/2019
Charleroi,Mohamed,Mannelijk,05/27/2019
Beyne-Heusay,Abderrahim,Mannelijk,05/25/2019
Fontaine-l’Evêque,Julie,Vrouwelijk,05/23/2019
Roeselare,Donald,Mannelijk,05/17/2019
Stavelot,Jean-François,Mannelijk,06/07/2019
Ciney,Stéphanie,Vrouwelijk,05/18/2019
Stabroek,Patrick,Mannelijk,05/19/2019
Etterbeek,Hélène,Vrouwelijk,05/22/2019
Pelt,Michiel,Mannelijk,05/29/2019
Moeskroen,Marie-Jeanne,Vrouwelijk,06/14/2019
Maaseik,Lisette,Vrouwelijk,05/30/2019
Tielt (Tielt),Kimberly,Vrouwelijk,05/30/2019
Londerzeel,Paula,Vrouwelijk,05/19/2019
Waver,Louis,Mannelijk,05/22/2019
Soumagne,Françoise,Vrouwelijk,05/21/2019
Waregem,Stefanie,Vrouwelijk,05/29/2019
Wuustwezel,Nancy,Vrouwelijk,05/21/2019
Neufchâteau (Neufchâteau),Muriel,Vrouwelijk,05/18/2019
Beernem,Mathis,Mannelijk,05/25/2019
Antwerpen,Jens,Mannelijk,05/17/2019
Zonnebeke,Inge,Vrouwelijk,05/31/2019
Kortrijk,Jackie,Mannelijk,05/20/2019
Antwerpen,Jonathan,Mannelijk,06/19/2019
Namen,Sébastien,Mannelijk,05/18/2019
Farciennes,Cindy,Vrouwelijk,05/21/2019
Nijlen,Koen,Mannelijk,05/19/2019
Antwerpen,Amber,Vrouwelijk,05/25/2019
Luik,Angeline,Vrouwelijk,05/21/2019
Courcelles,Pascal,Mannelijk,07/14/2019
Halle (Halle-Vilvoorde),Jeanne,Vrouwelijk,05/14/2019
Brussel,Ousmane,Mannelijk,06/13/2019
Borgworm,Philippe,Mannelijk,05/20/2019
Havelange,Delphine,Vrouwelijk,05/25/2019
Brugge,Yolande,Vrouwelijk,05/16/2019
Kraainem,David,Mannelijk,06/01/2019
Bergen,Béatrice,Vrouwelijk,05/14/2019
Nijvel,Kevin,Mannelijk,05/30/2019
’s Gravenbrakel,Marie,Vrouwelijk,05/17/2019
Hamont-Achel,Thomas,Mannelijk,05/16/2019
Bergen,Abderrahmane,Mannelijk,05/31/2019
Schaarbeek,Oliver,Mannelijk,05/25/2019
Tongeren,Kristof,Mannelijk,06/04/2019
Antwerpen,Mathias,Mannelijk,05/19/2019
Antwerpen,Marleen,Vrouwelijk,05/24/2019
Elsene,Abdellatif,Mannelijk,05/25/2019
La Louvière,Corentin,Mannelijk,06/11/2019
Lessen,Rita,Vrouwelijk,06/06/2019
Wezembeek-Oppem,David,Mannelijk,05/30/2019
Hasselt,Robert,Mannelijk,05/27/2019
Kinrooi,Evy,Vrouwelijk,05/17/2019
Zoersel,Maxim,Mannelijk,05/31/2019
Brecht,Erik,Mannelijk,05/17/2019
Châtelet,Valentine,Vrouwelijk,06/11/2019
Rochefort,Florian,Mannelijk,06/10/2019
Saint-Georges-sur-Meuse,Mathéo,Mannelijk,05/15/2019
Avelgem,Joseph,Mannelijk,05/20/2019
Geraardsbergen,Jeroen,Mannelijk,05/31/2019
Buggenhout,Karen,Vrouwelijk,05/21/2019
Antwerpen,Gustaaf,Mannelijk,05/23/2019
Châtelet,Michael,Mannelijk,05/14/2019
Brussel,Ismail,Mannelijk,06/10/2019
Antwerpen,Jeanne,Vrouwelijk,05/23/2019
Tintigny,Marianne,Vrouwelijk,05/27/2019
Riemst,Raymond,Mannelijk,05/25/2019
Waver,Jean-Philippe,Mannelijk,05/22/2019
Charleroi,Ioan,Mannelijk,05/26/2019
Seraing,Giovanni,Mannelijk,05/24/2019
Charleroi,Nicolas,Mannelijk,05/23/2019
Antwerpen,Emily,Vrouwelijk,06/09/2019
Anderlecht,Stéphane,Mannelijk,05/12/2019
Malle,Mats,Mannelijk,05/25/2019
Wortegem-Petegem,Leon,Mannelijk,06/22/2019
Sint-Agatha-Berchem,Laila,Vrouwelijk,05/26/2019
Ronse,Paula,Vrouwelijk,05/23/2019
Oosterzele,Martine,Vrouwelijk,05/17/2019
Tervuren,Maxime,Mannelijk,06/09/2019
Gent,Bart,Mannelijk,06/06/2019
