gemeente,naam,geslacht,verwachte datum
Anderlecht,Siham,Vrouwelijk,05/14/2019
Lier,Philomena,Vrouwelijk,05/14/2019
Hamois,André,Mannelijk,05/12/2019
Roosdaal,Bram,Mannelijk,05/10/2019
Kasterlee,Kim,Vrouwelijk,05/28/2019
Torhout,Monique,Vrouwelijk,05/12/2019
Rebecq,Mathieu,Mannelijk,05/21/2019
Nijvel,Danielle,Vrouwelijk,05/14/2019
Antwerpen,Kevin,Mannelijk,05/13/2019
Linter,Yves,Mannelijk,05/19/2019
Hoeilaart,Lucienne,Vrouwelijk,06/13/2019
Mechelen,Imane,Vrouwelijk,06/08/2019
Saint-Ghislain,Morgan,Mannelijk,05/29/2019
Neupré,Damien,Mannelijk,05/16/2019
Sint-Niklaas (Sint-Niklaas),Vicky,Vrouwelijk,05/06/2019
Antwerpen,Nicolas,Mannelijk,05/21/2019
Ukkel,Maria,Vrouwelijk,05/09/2019
Antwerpen,Soumaya,Vrouwelijk,05/18/2019
Deinze,Hélène,Vrouwelijk,05/09/2019
Beringen,André,Mannelijk,05/07/2019
Chaumont-Gistoux,Jean-François,Mannelijk,05/04/2019
Destelbergen,Hilde,Vrouwelijk,05/17/2019
Sint-Jans-Molenbeek,Gilbert,Mannelijk,05/21/2019
Aat,Marie,Vrouwelijk,05/25/2019
Antwerpen,Wilfried,Mannelijk,06/28/2019
Doornik,Muriel,Vrouwelijk,05/18/2019
Harelbeke,Maarten,Mannelijk,05/12/2019
Deinze,Kobe,Mannelijk,05/17/2019
Sint-Pieters-Leeuw,Brenda,Vrouwelijk,05/21/2019
Kruibeke,Yara,Vrouwelijk,05/16/2019
Vilvoorde,Eddy,Mannelijk,05/30/2019
Knokke-Heist,Ria,Vrouwelijk,05/14/2019
Wichelen,Elisabeth,Vrouwelijk,05/27/2019
Geraardsbergen,David,Mannelijk,05/23/2019
Lubbeek,Frank,Mannelijk,05/16/2019
Charleroi,Céline,Vrouwelijk,05/17/2019
Doornik,Jean,Mannelijk,05/11/2019
Kruibeke,Claire,Vrouwelijk,05/11/2019
Torhout,Jason,Mannelijk,06/02/2019
Holsbeek,Luc,Mannelijk,05/13/2019
Brecht,Alfons,Mannelijk,05/15/2019
Tongeren,Peter,Mannelijk,05/24/2019
Aalst (Aalst),Nejla,Vrouwelijk,05/17/2019
Roeselare,Annelore,Vrouwelijk,05/11/2019
Peer,Liam,Mannelijk,05/08/2019
Nijvel,Anita,Vrouwelijk,05/05/2019
Rotselaar,Johannes,Mannelijk,05/15/2019
Waterloo,Ivan,Mannelijk,06/06/2019
Tienen,Nancy,Vrouwelijk,05/15/2019
Bekkevoort,Jeroen,Mannelijk,05/11/2019
Poperinge,Hervé,Mannelijk,05/04/2019
Sint-Lambrechts-Woluwe,David,Mannelijk,05/14/2019
Vloesberg,Jean,Mannelijk,05/16/2019
Brussel,Krzysztof,Mannelijk,05/15/2019
Jette,Anca,Vrouwelijk,05/23/2019
Antwerpen,Jef,Mannelijk,05/21/2019
Heist-op-den-Berg,Frederik,Mannelijk,05/17/2019
Halen,Jozef,Mannelijk,05/25/2019
Antwerpen,David,Mannelijk,05/08/2019
Holsbeek,Lucas,Mannelijk,05/15/2019
Geraardsbergen,Wivina,Vrouwelijk,05/07/2019
Charleroi,Freddy,Mannelijk,07/03/2019
Diksmuide,Michel,Mannelijk,05/24/2019
Sint-Jans-Molenbeek,Fatima,Vrouwelijk,05/08/2019
Watermaal-Bosvoorde,Virginie,Vrouwelijk,05/19/2019
Mechelen,Fatima,Vrouwelijk,05/07/2019
Grimbergen,Ann,Vrouwelijk,05/08/2019
Etterbeek,Amit,Mannelijk,05/11/2019
Wellen,Rik,Mannelijk,05/08/2019
Brussel,Stefan,Mannelijk,05/20/2019
Kraainem,Amandine,Vrouwelijk,05/11/2019
Sint-Jans-Molenbeek,Kadiatou,Vrouwelijk,05/15/2019
Meix-devant-Virton,Eric,Mannelijk,06/04/2019
Riemst,Daan,Mannelijk,05/18/2019
Namen,Philippe,Mannelijk,05/20/2019
Eupen,Aline,Vrouwelijk,05/14/2019
Duffel,Ann,Vrouwelijk,05/12/2019
Wezembeek-Oppem,Fabienne,Vrouwelijk,05/10/2019
Peer,Ilse,Vrouwelijk,05/18/2019
Grâce-Hollogne,Guillaume,Mannelijk,05/17/2019
Wetteren,Jens,Mannelijk,05/13/2019
Seraing,Mathieu,Mannelijk,05/13/2019
Elsene,Hicham,Mannelijk,05/08/2019
Oudsbergen,Tibo,Mannelijk,05/08/2019
Harelbeke,Denise,Vrouwelijk,05/29/2019
Herzele,Irena,Vrouwelijk,05/18/2019
Seneffe,Monique,Vrouwelijk,06/01/2019
Genk,Philip,Mannelijk,06/17/2019
Sint-Lambrechts-Woluwe,Manuel,Mannelijk,05/05/2019
Antwerpen,Aye,Vrouwelijk,06/07/2019
Beauraing,Christiane,Vrouwelijk,05/13/2019
Kortessem,Rita,Vrouwelijk,05/14/2019
Scherpenheuvel-Zichem,Jos,Mannelijk,06/01/2019
Lokeren,Philip,Mannelijk,05/08/2019
Luik,Nicolas,Mannelijk,05/12/2019
Luik,Sonja,Vrouwelijk,05/14/2019
Herve,Philippe,Mannelijk,06/06/2019
Doornik,Joachim,Mannelijk,05/21/2019
Tervuren,Yves,Mannelijk,05/11/2019
Kortrijk,Brigitte,Vrouwelijk,05/18/2019
Zedelgem,Stefanie,Vrouwelijk,05/16/2019
Antwerpen,Evelyn,Vrouwelijk,05/15/2019
Ninove,Seppe,Mannelijk,07/07/2019
Tessenderlo,Lennert,Mannelijk,05/17/2019
Langemark-Poelkapelle,Martine,Vrouwelijk,05/17/2019
Saint-Ghislain,Fatima,Vrouwelijk,05/29/2019
Stabroek,Gilbert,Mannelijk,05/12/2019
Hamont-Achel,Maria,Vrouwelijk,05/17/2019
Gent,René,Mannelijk,05/22/2019
Bergen,Jade,Vrouwelijk,05/04/2019
Lier,Britt,Vrouwelijk,05/19/2019
Brasschaat,Aline,Vrouwelijk,05/16/2019
Brugge,Maya,Vrouwelijk,06/20/2019
Alken,Jeanne,Vrouwelijk,05/11/2019
Deinze,Miel,Mannelijk,05/11/2019
Sint-Niklaas (Sint-Niklaas),Julia,Vrouwelijk,05/08/2019
Overijse,Katrien,Vrouwelijk,05/17/2019
Bonheiden,Yvonne,Vrouwelijk,05/13/2019
Waterloo,Freddy,Mannelijk,05/12/2019
Brecht,Bieke,Vrouwelijk,05/12/2019
Plombières,Céline,Vrouwelijk,05/14/2019
Ternat,Jente,Mannelijk,05/07/2019
Genepiën,Maria,Vrouwelijk,05/31/2019
Haaltert,Marleen,Vrouwelijk,05/16/2019
Brussel,Stéphane,Mannelijk,05/19/2019
Beringen,Kai,Mannelijk,05/10/2019
Doornik,Amandine,Vrouwelijk,05/09/2019
Halle (Halle-Vilvoorde),Albert,Mannelijk,05/13/2019
Honnelles,Lucie,Vrouwelijk,05/17/2019
Mechelen,Latifa,Vrouwelijk,05/08/2019
Hamont-Achel,Adriana,Vrouwelijk,05/23/2019
Sint-Gillis-Waas,Freddy,Mannelijk,05/11/2019
Brussel,Anne-Sophie,Vrouwelijk,05/17/2019
Courcelles,Denis,Mannelijk,05/19/2019
Namen,Michel,Mannelijk,05/17/2019
Beveren (Sint-Niklaas),Denise,Vrouwelijk,05/16/2019
Sint-Lambrechts-Woluwe,Thibault,Mannelijk,06/01/2019
Villers-la-Ville,Violette,Vrouwelijk,05/25/2019
Ingelmunster,Kristof,Mannelijk,05/06/2019
Hamme (Dendermonde),Britt,Vrouwelijk,05/11/2019
Aalter,Luc,Mannelijk,05/14/2019
Welkenraedt,Arnaud,Mannelijk,06/18/2019
Hasselt,Elke,Vrouwelijk,05/09/2019
Houyet,Viviane,Vrouwelijk,05/31/2019
Antwerpen,Gregory,Mannelijk,05/24/2019
Sint-Lambrechts-Woluwe,Ramon,Mannelijk,05/11/2019
Arendonk,Kevin,Mannelijk,05/19/2019
Vorst (Brussel-Hoofdstad),Livia,Vrouwelijk,05/11/2019
Roosdaal,Pieter,Mannelijk,05/09/2019
Luik,Mohamed,Mannelijk,05/13/2019
Quaregnon,Céline,Vrouwelijk,05/05/2019
Lier,Lutgart,Vrouwelijk,05/14/2019
Heusden-Zolder,Faruk,Mannelijk,05/17/2019
Charleroi,M'Hammed,Mannelijk,05/07/2019
Charleroi,Valentin,Mannelijk,05/17/2019
Dendermonde,Tijl,Mannelijk,05/16/2019
Andenne,Alexandre,Mannelijk,05/17/2019
Moeskroen,David,Mannelijk,05/06/2019
Wichelen,Caroline,Vrouwelijk,05/21/2019
Bonheiden,Virginie,Vrouwelijk,05/04/2019
Brugge,Carine,Vrouwelijk,05/13/2019
Hamme (Dendermonde),Maxime,Vrouwelijk,06/23/2019
Tongeren,Jean,Mannelijk,05/19/2019
Deinze,Floor,Vrouwelijk,05/17/2019
Eeklo,Loïc,Mannelijk,05/13/2019
Diest,Gerry,Mannelijk,05/06/2019
Luik,Jessy,Mannelijk,05/09/2019
Bergen,Salomé,Vrouwelijk,05/19/2019
Willebroek,Laura,Vrouwelijk,05/16/2019
Brugge,Sabrina,Vrouwelijk,05/08/2019
Wevelgem,Celine,Vrouwelijk,05/09/2019
Zedelgem,Lies,Vrouwelijk,05/19/2019
Ukkel,Rodrigue,Mannelijk,05/16/2019
Aarschot,Mohamed,Mannelijk,05/14/2019
Zandhoven,Sophie,Vrouwelijk,05/14/2019
Roeselare,Matis,Mannelijk,06/05/2019
Berloz,Victor,Mannelijk,05/20/2019
Hamme (Dendermonde),Myriam,Vrouwelijk,05/10/2019
Ranst,Annick,Vrouwelijk,05/08/2019
Bilzen,Victor,Mannelijk,05/21/2019
Gent,Marijke,Vrouwelijk,05/22/2019
Elsene,Eva,Vrouwelijk,05/15/2019
Lens,Nicolas,Mannelijk,05/09/2019
Frameries,Vincent,Mannelijk,05/15/2019
Leuze-en-Hainaut,Carine,Vrouwelijk,05/09/2019
Sombreffe,Benoît,Mannelijk,05/23/2019
Saint-Nicolas (Luik),Maria,Vrouwelijk,05/05/2019
Sint-Joost-ten-Node,Mohamed,Mannelijk,05/11/2019
Sint-Truiden,Maria,Vrouwelijk,05/23/2019
Balen,Maria,Vrouwelijk,05/05/2019
Scherpenheuvel-Zichem,Mathilde,Vrouwelijk,05/22/2019
Antwerpen,Thierry,Mannelijk,05/07/2019
Gent,Elke,Vrouwelijk,05/15/2019
Luik,Kevin,Mannelijk,05/21/2019
Zoersel,Peggy,Vrouwelijk,05/11/2019
Weismes,Benjamin,Mannelijk,05/18/2019
Zaventem,Christine,Vrouwelijk,05/14/2019
Antwerpen,Barbara,Vrouwelijk,05/24/2019
Grimbergen,Francis,Mannelijk,05/19/2019
Gent,Lydie,Vrouwelijk,05/07/2019
Jalhay,Julien,Mannelijk,05/21/2019
Brugge,Tibo,Mannelijk,05/20/2019
Sint-Gillis,Léo,Mannelijk,05/07/2019
Aalst (Aalst),Marleen,Vrouwelijk,05/17/2019
Antwerpen,Peter,Mannelijk,05/11/2019
Sint-Jans-Molenbeek,Pasquale,Mannelijk,05/13/2019
Sint-Gillis,Mohamed,Mannelijk,05/18/2019
Courcelles,Marie-Paule,Vrouwelijk,05/06/2019
Bevekom,Christiane,Vrouwelijk,05/13/2019
Flémalle,Benjamin,Mannelijk,05/22/2019
Gent,Frank,Mannelijk,05/05/2019
Lokeren,Karin,Vrouwelijk,05/14/2019
Hastière,Fabian,Mannelijk,05/10/2019
Antwerpen,Mohammed,Mannelijk,05/06/2019
Verviers,Ilham,Vrouwelijk,05/14/2019
Gent,Robert,Mannelijk,05/05/2019
Sint-Jans-Molenbeek,Meryem,Vrouwelijk,05/16/2019
Avelgem,Robert,Mannelijk,05/12/2019
Scherpenheuvel-Zichem,Ben,Mannelijk,05/09/2019
Maasmechelen,Jolanda,Vrouwelijk,05/20/2019
Paliseul,René,Mannelijk,05/05/2019
Moeskroen,Sonia,Vrouwelijk,05/24/2019
Brugge,Estelle,Vrouwelijk,05/12/2019
Wanze,Raphaël,Mannelijk,05/26/2019
Ciney,Vincent,Mannelijk,05/17/2019
Moeskroen,Geoffrey,Mannelijk,05/17/2019
Flémalle,Thomas,Mannelijk,05/14/2019
Kasteelbrakel,Charlotte,Vrouwelijk,05/16/2019
Geraardsbergen,Dominique,Vrouwelijk,05/22/2019
Gembloux,Chantal,Vrouwelijk,05/26/2019
Elsene,Alessia,Vrouwelijk,05/26/2019
Zedelgem,Maria,Vrouwelijk,05/18/2019
Ans,Manuel,Mannelijk,05/11/2019
Graven,Nadine,Vrouwelijk,05/10/2019
Borgloon,Philippe,Mannelijk,05/21/2019
Manage,Marie,Vrouwelijk,05/20/2019
Dilsen-Stokkem,Kevin,Mannelijk,05/31/2019
Genk,André,Mannelijk,05/14/2019
Schaarbeek,Martin,Mannelijk,05/24/2019
Charleroi,Marie,Vrouwelijk,05/21/2019
Bekkevoort,Simone,Vrouwelijk,05/04/2019
Vorst (Brussel-Hoofdstad),Touria,Vrouwelijk,05/12/2019
Ukkel,Françoise,Vrouwelijk,05/21/2019
Aiseau-Presles,Patrick,Mannelijk,05/24/2019
Ronse,Mathis,Mannelijk,05/06/2019
Waregem,Yves,Mannelijk,05/16/2019
Scherpenheuvel-Zichem,Annick,Vrouwelijk,05/05/2019
Temse,Stephanie,Vrouwelijk,05/24/2019
Celles (Doornik),Marie,Vrouwelijk,05/24/2019
Sint-Gillis-Waas,Elisa,Vrouwelijk,05/13/2019
Asse,Philippe,Mannelijk,05/05/2019
Houthalen-Helchteren,Greta,Vrouwelijk,05/28/2019
Heusden-Zolder,Alaattin,Mannelijk,05/07/2019
Wezet,Marie,Vrouwelijk,05/04/2019
Blegny,Louis,Mannelijk,06/05/2019
Affligem,Jan,Mannelijk,05/09/2019
Kortenberg,Jean,Mannelijk,05/13/2019
’s Gravenbrakel,Pierre,Mannelijk,05/15/2019
Knokke-Heist,Kevin,Mannelijk,05/06/2019
Watermaal-Bosvoorde,Samuel,Mannelijk,06/04/2019
Merelbeke,Christine,Vrouwelijk,05/13/2019
Antwerpen,Mitchell,Mannelijk,05/10/2019
De Panne,Tania,Vrouwelijk,05/20/2019
Gent,Klevis,Mannelijk,05/10/2019
Bergen,Christian,Mannelijk,05/14/2019
Seraing,Christelle,Vrouwelijk,05/05/2019
Aartselaar,Thomas,Mannelijk,05/12/2019
Châtelet,Stéphanie,Vrouwelijk,05/15/2019
Brussel,Philippe,Mannelijk,05/22/2019
Ingelmunster,Michiel,Mannelijk,05/19/2019
Destelbergen,Philippe,Mannelijk,05/22/2019
Aiseau-Presles,Muriel,Vrouwelijk,05/11/2019
Pepinster,Naël,Mannelijk,05/05/2019
Luik,Julie,Vrouwelijk,05/15/2019
Poperinge,Marie-Jeanne,Vrouwelijk,05/30/2019
Charleroi,Anna,Vrouwelijk,05/28/2019
La Louvière,Philippe,Mannelijk,05/09/2019
Mortsel,Patrick,Mannelijk,05/28/2019
Luik,Rim,Vrouwelijk,06/06/2019
Aalst (Aalst),Marina,Vrouwelijk,05/30/2019
Turnhout,Annelies,Vrouwelijk,05/16/2019
Denderleeuw,Luc,Mannelijk,05/11/2019
Gent,Nathalie,Vrouwelijk,05/14/2019
Sint-Gillis,Fouad,Mannelijk,05/13/2019
Frameries,Lisa,Vrouwelijk,05/14/2019
Moeskroen,Théo,Mannelijk,05/17/2019
Lokeren,Geoffrey,Mannelijk,05/20/2019
Antwerpen,Sebastian,Mannelijk,05/13/2019
Chaudfontaine,Monique,Vrouwelijk,05/11/2019
Sambreville,Marie,Vrouwelijk,05/10/2019
Aalst (Aalst),Julie,Vrouwelijk,05/11/2019
Jurbeke,Luc,Mannelijk,05/16/2019
Esneux,Laurent,Mannelijk,05/22/2019
Lierde,Guido,Mannelijk,05/22/2019
Ohey,Paulette,Vrouwelijk,05/13/2019
Dour,Giuliano,Mannelijk,05/05/2019
Jette,Constantin,Mannelijk,05/26/2019
Nieuwerkerken (Hasselt),Gilberte,Vrouwelijk,05/18/2019
Duffel,Maria,Vrouwelijk,05/20/2019
Putte,Annick,Vrouwelijk,05/15/2019
Oostende,Erna,Vrouwelijk,05/22/2019
Watermaal-Bosvoorde,Eric,Mannelijk,05/19/2019
Jemeppe-sur-Sambre,Hugo,Mannelijk,05/31/2019
Olen,Marleen,Vrouwelijk,05/28/2019
Boom,Kamal,Mannelijk,05/16/2019
Estaimpuis,Steve,Mannelijk,05/24/2019
Essen,Gert,Mannelijk,05/16/2019
Rotselaar,Els,Vrouwelijk,05/11/2019
Aat,Méline,Vrouwelijk,05/16/2019
Berlare,Helena,Vrouwelijk,05/12/2019
Kortessem,Jeroen,Mannelijk,05/16/2019
Gerpinnes,Thérèse,Vrouwelijk,05/30/2019
Fosses-la-Ville,Sonia,Vrouwelijk,05/05/2019
Nandrin,Tom,Mannelijk,05/11/2019
Sint-Gillis,Michel,Mannelijk,05/12/2019
Geraardsbergen,Martine,Vrouwelijk,05/12/2019
Mont-de-l’Enclus,Agnès,Vrouwelijk,05/20/2019
Grâce-Hollogne,Aaron,Mannelijk,05/27/2019
Geel,Johan,Mannelijk,05/30/2019
Charleroi,Anne,Vrouwelijk,05/12/2019
Malle,Kato,Vrouwelijk,05/17/2019
Gent,Isaura,Vrouwelijk,05/09/2019
Gent,Steven,Mannelijk,05/11/2019
Anzegem,Laura,Vrouwelijk,05/06/2019
Maaseik,Mathieu,Mannelijk,05/19/2019
Antwerpen,Kirsten,Vrouwelijk,05/04/2019
Rixensart,Elisabeth,Vrouwelijk,05/20/2019
Geel,Lies,Vrouwelijk,05/14/2019
Glabbeek,Ferdinand,Mannelijk,05/05/2019
Zwalm,An,Vrouwelijk,05/11/2019
Namen,Elise,Vrouwelijk,05/19/2019
Seneffe,Rita,Vrouwelijk,05/28/2019
Graven,Françoise,Vrouwelijk,05/11/2019
Knokke-Heist,Peter,Mannelijk,05/13/2019
Brakel,Ellen,Vrouwelijk,05/05/2019
Koekelberg,Chantal,Vrouwelijk,05/12/2019
Antwerpen,Naila,Vrouwelijk,05/04/2019
Mol,Lodewijk,Mannelijk,05/06/2019
Lessen,Chloé,Vrouwelijk,05/17/2019
Colfontaine,Ludivine,Vrouwelijk,05/17/2019
Vleteren,Johan,Mannelijk,05/18/2019
Horebeke,Jeroen,Mannelijk,05/15/2019
Duffel,Kristof,Mannelijk,05/28/2019
Gavere,Yvette,Vrouwelijk,05/06/2019
Ninove,Lucas,Mannelijk,05/04/2019
Beringen,Maria,Vrouwelijk,05/20/2019
Borgworm,Sarah,Vrouwelijk,05/26/2019
Ronse,Tibo,Mannelijk,05/18/2019
Luik,Ying,Vrouwelijk,05/09/2019
Eghezée,Alice,Vrouwelijk,05/17/2019
La Roche-en-Ardenne,Marie,Vrouwelijk,05/30/2019
Vorselaar,Marijke,Vrouwelijk,05/21/2019
Gent,Danny,Mannelijk,05/17/2019
Ukkel,Gábor,Mannelijk,05/23/2019
Mechelen,Suzanna,Vrouwelijk,05/31/2019
