gemeente,naam,geslacht,verwachte datum
Dilsen-Stokkem,Guillaume,Mannelijk,04/22/2019
Lokeren,Mohammed,Mannelijk,05/05/2019
Genk,Wim,Mannelijk,04/16/2019
Koekelberg,Aïssatou,Vrouwelijk,05/03/2019
Sint-Lambrechts-Woluwe,Olivia,Vrouwelijk,04/25/2019
Oudenaarde,Mady,Vrouwelijk,04/22/2019
Oostende,Godelieve,Vrouwelijk,05/01/2019
Anderlecht,Robert,Mannelijk,04/26/2019
Dendermonde,Nick,Mannelijk,04/17/2019
Saint-Ghislain,Jacques,Mannelijk,04/16/2019
Mol,Rachelle,Vrouwelijk,05/07/2019
Waver,Yassine,Mannelijk,04/22/2019
Chapelle-lez-Herlaimont,Giuseppe,Mannelijk,05/03/2019
Morlanwelz,Guillaume,Mannelijk,04/26/2019
Aalter,Elke,Vrouwelijk,04/29/2019
Antwerpen,Anita,Vrouwelijk,04/29/2019
Anderlecht,Samina,Vrouwelijk,04/21/2019
Edingen,Séverine,Vrouwelijk,04/23/2019
Erpe-Mere,Betty,Vrouwelijk,04/26/2019
Aartselaar,Siebe,Mannelijk,04/23/2019
Sambreville,Christelle,Vrouwelijk,04/16/2019
Bocholt,Charlotte,Vrouwelijk,04/27/2019
Brussel,Jamil,Mannelijk,04/27/2019
Aywaille,Marc,Mannelijk,04/22/2019
Brussel,Sami,Mannelijk,04/27/2019
Gent,José,Mannelijk,04/19/2019
Temse,Philip,Mannelijk,04/17/2019
Anderlecht,Silvia,Vrouwelijk,05/13/2019
Jemeppe-sur-Sambre,Nicolas,Mannelijk,05/13/2019
Sint-Jans-Molenbeek,Hanane,Vrouwelijk,04/17/2019
Kasterlee,Sonja,Vrouwelijk,05/02/2019
Moerbeke (Gent),Heidi,Vrouwelijk,04/21/2019
Grâce-Hollogne,Richard,Mannelijk,04/22/2019
Genk,Renato,Mannelijk,05/05/2019
Antwerpen,Marijn,Mannelijk,04/18/2019
Tienen,Jeannine,Vrouwelijk,06/07/2019
Menen,Maxime,Mannelijk,05/02/2019
Genk,Daniele,Mannelijk,04/24/2019
Fosses-la-Ville,Micheline,Vrouwelijk,05/09/2019
Antwerpen,Mayssa,Vrouwelijk,06/13/2019
Dilbeek,Olivier,Mannelijk,04/22/2019
Gent,Patricia,Vrouwelijk,05/02/2019
Zinnik,Sylviane,Vrouwelijk,05/04/2019
Wuustwezel,Ellen,Vrouwelijk,04/28/2019
Anderlecht,Valérie,Vrouwelijk,05/10/2019
Gent,Jonas,Mannelijk,04/29/2019
Pelt,Raphaël,Mannelijk,05/04/2019
Brussel,Andrei,Mannelijk,05/05/2019
Charleroi,Anne,Vrouwelijk,04/17/2019
Morlanwelz,Noa,Mannelijk,05/05/2019
Duffel,Carolien,Vrouwelijk,05/01/2019
Lokeren,Benny,Mannelijk,05/19/2019
Dalhem,Isabelle,Vrouwelijk,04/22/2019
Genk,Ekaterini,Vrouwelijk,05/03/2019
Mortsel,Sam,Mannelijk,05/04/2019
Lo-Reninge,Anna,Vrouwelijk,04/28/2019
Luik,Virginie,Vrouwelijk,05/05/2019
Antwerpen,Aminat,Vrouwelijk,04/24/2019
Linkebeek,Valérie,Vrouwelijk,04/16/2019
Namen,Catherine,Vrouwelijk,04/22/2019
Schaarbeek,Claude,Mannelijk,05/15/2019
Doornik,Germaine,Vrouwelijk,04/30/2019
Izegem,Annie,Vrouwelijk,04/18/2019
Knokke-Heist,Gudrun,Vrouwelijk,04/29/2019
Ukkel,Salomon,Mannelijk,04/25/2019
Evere,Alessandra,Vrouwelijk,05/04/2019
Harelbeke,Demi,Vrouwelijk,04/15/2019
Sint-Niklaas (Sint-Niklaas),Zaid,Mannelijk,04/23/2019
Luik,Luc,Mannelijk,04/23/2019
Oosterzele,Femke,Vrouwelijk,05/03/2019
Mol,Annelies,Vrouwelijk,04/24/2019
Gerpinnes,Nicolas,Mannelijk,05/13/2019
Ukkel,Eric,Mannelijk,04/15/2019
Kinrooi,Noah,Mannelijk,06/17/2019
Ronse,Mohamed,Mannelijk,04/19/2019
Charleroi,Laurence,Vrouwelijk,04/30/2019
Zedelgem,Kristof,Mannelijk,04/28/2019
Aat,Florent,Mannelijk,04/18/2019
Schaarbeek,Selma,Vrouwelijk,05/06/2019
Antwerpen,Anca,Vrouwelijk,05/04/2019
Sint-Jans-Molenbeek,Stephane,Mannelijk,04/23/2019
Andenne,Jean-Pierre,Mannelijk,04/16/2019
Laarne,Piet,Mannelijk,04/18/2019
Luik,Clara,Vrouwelijk,05/14/2019
Brussel,Germaine,Vrouwelijk,04/28/2019
Brugge,Lucia,Vrouwelijk,04/21/2019
Remicourt,Pascal,Mannelijk,04/30/2019
Antwerpen,Ingrid,Vrouwelijk,04/27/2019
Scherpenheuvel-Zichem,Bruno,Mannelijk,04/23/2019
Hasselt,Sonja,Vrouwelijk,05/10/2019
Jalhay,Emilie,Vrouwelijk,04/27/2019
Jette,Sacha,Mannelijk,04/28/2019
Anderlecht,Jean,Mannelijk,04/27/2019
Sint-Lambrechts-Woluwe,Soufiane,Mannelijk,05/01/2019
Fleurus,Jimmy,Mannelijk,04/28/2019
Lebbeke,Veerle,Vrouwelijk,04/18/2019
Sambreville,Lola,Vrouwelijk,04/20/2019
Quaregnon,Raphaël,Mannelijk,04/26/2019
Leuven,Hilde,Vrouwelijk,04/26/2019
Seraing,Yunus,Mannelijk,04/17/2019
Nijvel,Quentin,Mannelijk,04/26/2019
Vorst (Brussel-Hoofdstad),Maurice,Mannelijk,04/24/2019
Aalst (Aalst),Linda,Vrouwelijk,05/17/2019
Colfontaine,Léo,Mannelijk,04/30/2019
Seraing,Asya,Vrouwelijk,05/01/2019
Berlare,Brigitte,Vrouwelijk,05/03/2019
Yvoir,Roland,Mannelijk,05/01/2019
Sint-Pieters-Woluwe,Alice,Vrouwelijk,04/18/2019
Ruiselede,Linda,Vrouwelijk,04/25/2019
Vilvoorde,Cathérine,Vrouwelijk,04/15/2019
Namen,François,Mannelijk,05/01/2019
Wezembeek-Oppem,Sophie,Vrouwelijk,04/25/2019
Luik,Giovanni,Mannelijk,04/29/2019
Roeselare,Lieven,Mannelijk,04/21/2019
Knokke-Heist,Daniel,Mannelijk,04/25/2019
Elzele,Marc,Mannelijk,04/19/2019
Mechelen,Taoufik,Mannelijk,04/20/2019
Bertrix,Roger,Mannelijk,04/30/2019
Lint,Marc,Mannelijk,04/22/2019
Dison,Luc,Mannelijk,04/17/2019
Mechelen,Georges,Mannelijk,04/18/2019
Hamme (Dendermonde),Stef,Mannelijk,04/25/2019
Antwerpen,Tom,Mannelijk,04/23/2019
Chaudfontaine,Sandra,Vrouwelijk,04/20/2019
Malmedy,Isabelle,Vrouwelijk,04/28/2019
Graven,Adam,Mannelijk,04/25/2019
Mol,Remy,Mannelijk,04/22/2019
Brugge,Natalie,Vrouwelijk,04/25/2019
Opzullik,Fabian,Mannelijk,04/16/2019
Hoei,Philippe,Mannelijk,04/29/2019
Beveren (Sint-Niklaas),Annie,Vrouwelijk,04/29/2019
Evergem,Jasper,Mannelijk,04/15/2019
Ukkel,Ilan,Mannelijk,04/19/2019
Ieper,Ella,Vrouwelijk,04/23/2019
Charleroi,Jules,Mannelijk,05/01/2019
Antwerpen,Victor,Mannelijk,05/14/2019
Chaudfontaine,Claude,Mannelijk,04/15/2019
Farciennes,Ibrahim,Mannelijk,04/20/2019
Dinant,Paul,Mannelijk,04/24/2019
Kapellen (Antwerpen),Mathieu,Mannelijk,04/30/2019
Gent,Ferdinand,Mannelijk,04/26/2019
Schaarbeek,Marius,Mannelijk,05/04/2019
Schaarbeek,Agnieszka,Vrouwelijk,05/02/2019
Gent,Mano,Mannelijk,04/22/2019
Jurbeke,Frédéric,Mannelijk,04/22/2019
Gent,Jules,Mannelijk,04/16/2019
Houyet,Philippe,Mannelijk,04/21/2019
Leopoldsburg,Karel,Mannelijk,05/04/2019
Aarschot,Stef,Mannelijk,04/17/2019
Lede,Nicole,Vrouwelijk,04/26/2019
Duffel,Rita,Vrouwelijk,05/14/2019
Houthalen-Helchteren,Liliana,Vrouwelijk,04/26/2019
Hasselt,Hafida,Vrouwelijk,05/08/2019
Aubange,Serge,Mannelijk,04/26/2019
Sint-Lambrechts-Woluwe,Emmanuel,Mannelijk,04/24/2019
Kapellen (Antwerpen),Christiane,Vrouwelijk,04/24/2019
Sambreville,Julie,Vrouwelijk,05/06/2019
Londerzeel,Anita,Vrouwelijk,05/03/2019
Moeskroen,Vincent,Mannelijk,05/11/2019
Antwerpen,Gommaire,Mannelijk,05/01/2019
Ronse,Pierre,Mannelijk,04/28/2019
Scherpenheuvel-Zichem,Wim,Mannelijk,04/28/2019
Aalst (Aalst),Dimitri,Mannelijk,04/29/2019
Zaventem,Laura,Vrouwelijk,04/15/2019
Ukkel,Aline,Vrouwelijk,05/03/2019
Ukkel,Pierre,Mannelijk,05/08/2019
Koekelberg,Siham,Vrouwelijk,04/28/2019
Tienen,Isabelle,Vrouwelijk,06/06/2019
Zelzate,Olga,Vrouwelijk,04/24/2019
Antwerpen,Sandra,Vrouwelijk,04/17/2019
Lanaken,Jelle,Mannelijk,04/17/2019
Ronse,Jeanne,Vrouwelijk,04/27/2019
Deinze,Anna,Vrouwelijk,04/25/2019
Aubange,Baptiste,Mannelijk,04/24/2019
Antwerpen,Jacqueline,Vrouwelijk,05/10/2019
Maldegem,Walter,Mannelijk,05/05/2019
Verviers,Alexandra,Vrouwelijk,06/06/2019
Herstal,Monique,Vrouwelijk,04/18/2019
Sint-Pieters-Woluwe,Marie,Vrouwelijk,04/15/2019
Erpe-Mere,Kristof,Mannelijk,05/01/2019
Antwerpen,Alida,Vrouwelijk,04/27/2019
Perwijs (Nijvel),Estelle,Vrouwelijk,04/16/2019
Heist-op-den-Berg,Ronald,Mannelijk,04/18/2019
Tintigny,Baptiste,Mannelijk,04/23/2019
Gent,Justine,Vrouwelijk,04/17/2019
Plombières,Emma,Vrouwelijk,04/27/2019
Oostende,Nicole,Vrouwelijk,04/29/2019
Antwerpen,Joeri,Mannelijk,04/26/2019
Charleroi,Lauryn,Vrouwelijk,04/25/2019
Aalst (Aalst),Albert,Mannelijk,04/23/2019
Aarlen,Lucie,Vrouwelijk,04/22/2019
Charleroi,Laurette,Vrouwelijk,05/03/2019
Oostende,Wim,Mannelijk,04/26/2019
Antwerpen,Paul,Mannelijk,04/24/2019
Sint-Niklaas (Sint-Niklaas),Jan,Mannelijk,05/08/2019
Lens,Louis,Mannelijk,04/24/2019
Aalst (Aalst),Bart,Mannelijk,04/28/2019
Jette,Nezha,Vrouwelijk,04/26/2019
Damme,Jens,Mannelijk,05/13/2019
Oostende,Lore,Vrouwelijk,05/15/2019
Jette,Salima,Vrouwelijk,04/19/2019
Seraing,Daniel,Mannelijk,05/11/2019
Landen,Leon,Mannelijk,05/10/2019
Brussel,Nora,Vrouwelijk,04/27/2019
Linter,Hanne,Vrouwelijk,04/28/2019
Antwerpen,Massin,Mannelijk,05/02/2019
Schoten,Maxime,Mannelijk,05/12/2019
Ieper,Brian,Mannelijk,04/23/2019
Lievegem,Jelle,Mannelijk,05/12/2019
Fontaine-l’Evêque,Anne-Marie,Vrouwelijk,04/17/2019
Herstal,Céline,Vrouwelijk,04/22/2019
Ternat,Niels,Mannelijk,04/16/2019
Ukkel,Antoinette,Vrouwelijk,04/19/2019
Ottignies-Louvain-la-Neuve,Manon,Vrouwelijk,05/05/2019
Hasselt,Luc,Mannelijk,04/25/2019
Oostende,Veronique,Vrouwelijk,05/05/2019
Paliseul,Claudy,Mannelijk,04/27/2019
Hasselt,Rosa,Vrouwelijk,04/22/2019
Heusden-Zolder,Stefan,Mannelijk,04/19/2019
Evere,Hatice,Vrouwelijk,05/05/2019
Ciney,Nicole,Vrouwelijk,05/03/2019
Tongeren,Christophe,Mannelijk,05/01/2019
Antwerpen,Mohammed,Mannelijk,04/29/2019
Péruwelz,Francesco,Mannelijk,05/26/2019
Antwerpen,Kader,Vrouwelijk,05/16/2019
Sint-Jans-Molenbeek,Ibrahim,Mannelijk,04/19/2019
Zemst,Steven,Mannelijk,04/23/2019
Brussel,Camille,Vrouwelijk,05/05/2019
Hensies,Xavier,Mannelijk,04/30/2019
Heist-op-den-Berg,Ludovic,Mannelijk,05/01/2019
Graven,Axel,Mannelijk,04/23/2019
Tielt (Tielt),Sarah,Vrouwelijk,04/24/2019
Keerbergen,Hilde,Vrouwelijk,04/28/2019
Maldegem,Richard,Mannelijk,04/25/2019
Dison,Marie-José,Vrouwelijk,04/28/2019
Ronse,Sofiane,Mannelijk,04/30/2019
Nijvel,Alberte,Vrouwelijk,04/26/2019
Herzele,Fien,Vrouwelijk,04/24/2019
Wingene,Rosa,Vrouwelijk,05/03/2019
Brussel,Adam,Mannelijk,05/03/2019
Oudenburg,Joyce,Vrouwelijk,04/29/2019
Herve,Lola,Vrouwelijk,04/19/2019
Hamois,Martin,Mannelijk,05/01/2019
Sint-Jans-Molenbeek,Fatima,Vrouwelijk,04/22/2019
Zwalm,Mario,Mannelijk,04/18/2019
Scherpenheuvel-Zichem,Jean-Pierre,Mannelijk,05/04/2019
Namen,Marc,Mannelijk,05/11/2019
Lierde,Koen,Mannelijk,04/30/2019
Flémalle,Suzanne,Vrouwelijk,04/30/2019
Rotselaar,Annelies,Vrouwelijk,04/21/2019
Tielt-Winge,Sonia,Vrouwelijk,04/16/2019
Neupré,Anny,Vrouwelijk,04/24/2019
La Louvière,Sidi,Mannelijk,04/15/2019
Luik,Josette,Vrouwelijk,04/23/2019
Waver,Apolline,Vrouwelijk,04/27/2019
Leuven,Ahmed,Mannelijk,04/28/2019
Herstal,Eric,Mannelijk,04/22/2019
Gent,Tom,Mannelijk,04/22/2019
Schilde,Jérôme,Mannelijk,04/26/2019
Gent,Ewald,Mannelijk,05/02/2019
Ukkel,Jean,Mannelijk,05/04/2019
Charleroi,Patricia,Vrouwelijk,05/03/2019
Watermaal-Bosvoorde,Clémentine,Vrouwelijk,05/16/2019
Sint-Laureins,Isabelle,Vrouwelijk,05/06/2019
Opzullik,Alexandre,Mannelijk,04/15/2019
Soumagne,Pierre,Mannelijk,04/26/2019
Gent,Yusuf,Mannelijk,05/01/2019
Genk,Gaston,Mannelijk,04/22/2019
Anderlues,Bertrand,Mannelijk,04/24/2019
Lichtervelde,Willy,Mannelijk,04/29/2019
Blegny,Valentine,Vrouwelijk,04/22/2019
Lievegem,Odette,Vrouwelijk,04/24/2019
Hamont-Achel,Anna,Vrouwelijk,05/07/2019
Châtelet,Pascal,Mannelijk,04/22/2019
Sint-Lambrechts-Woluwe,Elena,Vrouwelijk,04/23/2019
Ninove,Natalia,Vrouwelijk,04/17/2019
Turnhout,Maria,Vrouwelijk,04/21/2019
Beyne-Heusay,Eric,Mannelijk,05/10/2019
Oostende,Arlette,Vrouwelijk,04/24/2019
Genk,Gert,Mannelijk,04/22/2019
Namen,Françoise,Vrouwelijk,04/16/2019
Walcourt,Céline,Vrouwelijk,06/03/2019
Aarschot,Albert,Mannelijk,04/21/2019
Fleurus,Luca,Mannelijk,04/17/2019
Schoten,Jan,Mannelijk,04/23/2019
Menen,Gerda,Vrouwelijk,05/01/2019
Antwerpen,Natalie,Vrouwelijk,04/28/2019
Sint-Lambrechts-Woluwe,Aya,Vrouwelijk,04/27/2019
Aarschot,Luc,Mannelijk,04/27/2019
Namen,David,Mannelijk,04/16/2019
Montigny-le-Tilleul,Didier,Mannelijk,04/24/2019
Erpe-Mere,Lisa,Vrouwelijk,04/20/2019
Brussel,Xavier,Mannelijk,05/08/2019
Antwerpen,Barbara,Vrouwelijk,04/16/2019
Verviers,Mohamed,Mannelijk,04/24/2019
Sint-Jans-Molenbeek,Soumaya,Vrouwelijk,04/27/2019
Dinant,Bruno,Mannelijk,05/11/2019
Antwerpen,Arne,Mannelijk,04/28/2019
Zottegem,Jozef,Mannelijk,04/25/2019
Frameries,Freddy,Mannelijk,04/22/2019
Izegem,Katrien,Vrouwelijk,05/01/2019
Namen,Selim,Mannelijk,04/25/2019
Lommel,Hubert,Mannelijk,04/26/2019
Amay,Francesco,Mannelijk,04/30/2019
Boussu,Eva,Vrouwelijk,04/18/2019
Jette,Hasna,Vrouwelijk,04/28/2019
Etterbeek,Kenneth,Mannelijk,04/21/2019
Lokeren,Martine,Vrouwelijk,05/15/2019
Brugge,Gilberta,Vrouwelijk,05/10/2019
Aalst (Aalst),An,Vrouwelijk,04/23/2019
Bergen,Zélie,Vrouwelijk,04/25/2019
Brussel,Karima,Vrouwelijk,04/17/2019
Sint-Lievens-Houtem,Georges,Mannelijk,05/26/2019
Luik,Julien,Mannelijk,04/18/2019
Oudsbergen,Steven,Mannelijk,04/16/2019
Namen,Alessandro,Mannelijk,04/30/2019
Antwerpen,Filip,Mannelijk,04/29/2019
Aartselaar,Nicolas,Mannelijk,05/01/2019
Geraardsbergen,Emma,Vrouwelijk,06/07/2019
La Louvière,Marie,Vrouwelijk,04/19/2019
Bevekom,Camille,Vrouwelijk,04/28/2019
Riemst,Gerda,Vrouwelijk,04/19/2019
Mechelen,Maaike,Vrouwelijk,04/21/2019
Flémalle,Christine,Vrouwelijk,04/15/2019
Sint-Agatha-Berchem,Pascale,Vrouwelijk,04/22/2019
