gemeente,naam,geslacht,verwachte datum
Nijlen,Yarne,Mannelijk,04/01/2019
’s Gravenbrakel,Yves,Mannelijk,04/01/2019
Geel,Nancy,Vrouwelijk,03/22/2019
Mol,Lena,Vrouwelijk,03/16/2019
Geraardsbergen,Urbain,Mannelijk,03/21/2019
Brussel,Janna,Vrouwelijk,03/22/2019
Elsene,Edgar,Mannelijk,03/19/2019
Luik,Guillaume,Mannelijk,03/21/2019
Sint-Pieters-Leeuw,Wendy,Vrouwelijk,04/01/2019
De Pinte,Christiaan,Mannelijk,03/23/2019
Doornik,Mikaël,Mannelijk,03/29/2019
Herselt,Filip,Mannelijk,04/13/2019
Luik,Marc,Mannelijk,03/28/2019
Stabroek,Sigrid,Vrouwelijk,04/01/2019
Eeklo,Els,Vrouwelijk,03/24/2019
Elsene,Elisa,Vrouwelijk,03/22/2019
Sint-Jans-Molenbeek,Kassem,Mannelijk,03/29/2019
Aalter,Antoine,Mannelijk,03/22/2019
Aalst (Aalst),Jozef,Mannelijk,04/16/2019
Wijnegem,Carolina,Vrouwelijk,03/30/2019
Overijse,Guillaume,Mannelijk,03/14/2019
Duffel,Adelheid,Vrouwelijk,03/14/2019
Puurs-Sint-Amands,Jelle,Mannelijk,04/01/2019
Luik,Yohan,Mannelijk,03/22/2019
Ieper,Yvette,Vrouwelijk,03/16/2019
Hamme (Dendermonde),Stan,Mannelijk,03/19/2019
Wijnegem,Robbe,Mannelijk,03/24/2019
Wellin,Luc,Mannelijk,03/23/2019
Stoumont,Bernard,Mannelijk,03/18/2019
Sint-Truiden,Arnaud,Mannelijk,04/05/2019
Brugge,Samuel,Mannelijk,03/14/2019
Geraardsbergen,Jarno,Mannelijk,03/27/2019
Putte,Godelieve,Vrouwelijk,05/07/2019
Menen,Dirk,Mannelijk,03/30/2019
Mortsel,Matthias,Mannelijk,03/23/2019
Edegem,Peter,Mannelijk,03/30/2019
Celles (Doornik),Albert,Mannelijk,03/26/2019
Putte,Bjorn,Mannelijk,03/20/2019
Sint-Pieters-Woluwe,Leonor,Vrouwelijk,03/15/2019
Gent,Francina,Vrouwelijk,04/14/2019
Vorst (Brussel-Hoofdstad),Léonie,Vrouwelijk,04/06/2019
Moeskroen,Lucile,Vrouwelijk,04/11/2019
Maldegem,Veerle,Vrouwelijk,03/15/2019
Opwijk,Birgit,Vrouwelijk,03/15/2019
Hoei,Quentin,Mannelijk,03/30/2019
Gent,Steve,Mannelijk,03/15/2019
Antwerpen,Said,Mannelijk,04/17/2019
Saint-Léger (Virton),Laura,Vrouwelijk,04/03/2019
Zelzate,Rita,Vrouwelijk,04/16/2019
Bastenaken,Alexandre,Mannelijk,04/01/2019
Bilzen,Paul,Mannelijk,04/11/2019
Etterbeek,Sébastien,Mannelijk,03/28/2019
Jette,Suzanne,Vrouwelijk,03/21/2019
Chapelle-lez-Herlaimont,Tiziana,Vrouwelijk,04/03/2019
Les Bons Villers,Cathy,Vrouwelijk,04/13/2019
Ninove,Lucien,Mannelijk,03/31/2019
Sint-Pieters-Leeuw,Marie,Vrouwelijk,03/26/2019
Laarne,Delphine,Vrouwelijk,04/02/2019
La Louvière,Alex,Mannelijk,03/22/2019
Zaventem,Leen,Vrouwelijk,03/29/2019
Hasselt,Siebe,Mannelijk,03/17/2019
Gavere,Franky,Mannelijk,03/27/2019
Kluisbergen,Bart,Mannelijk,04/02/2019
Frameries,Corine,Vrouwelijk,03/26/2019
Incourt,Hugo,Mannelijk,03/30/2019
Mechelen,Kristel,Vrouwelijk,03/25/2019
Sint-Martens-Latem,Wim,Mannelijk,03/22/2019
Izegem,Roger,Mannelijk,03/16/2019
Bergen,Louise,Vrouwelijk,04/01/2019
Charleroi,Tristan,Mannelijk,03/23/2019
Overijse,Jeanine,Vrouwelijk,03/20/2019
Anderlecht,Chantal,Vrouwelijk,03/26/2019
Mechelen,Eva,Vrouwelijk,03/21/2019
Sint-Katelijne-Waver,Maria,Vrouwelijk,03/27/2019
Zonhoven,Björn,Mannelijk,03/27/2019
Lochristi,Kobe,Mannelijk,03/14/2019
Vilvoorde,Allan,Mannelijk,04/16/2019
Puurs-Sint-Amands,Peter,Mannelijk,04/02/2019
Oosterzele,Peter,Mannelijk,03/17/2019
Genk,Joris,Mannelijk,03/14/2019
Lessen,Daniel,Mannelijk,04/07/2019
Wetteren,Stijn,Mannelijk,03/20/2019
Perwijs (Nijvel),Isabelle,Vrouwelijk,03/25/2019
Middelkerke,Bart,Mannelijk,03/17/2019
Houthalen-Helchteren,Jeffrey,Mannelijk,03/31/2019
Charleroi,Frédéric,Mannelijk,03/16/2019
Sankt Vith,Bernard,Mannelijk,04/10/2019
Oostende,Luc,Mannelijk,03/17/2019
Blankenberge,Ronald,Mannelijk,03/25/2019
Doornik,Omar,Mannelijk,04/03/2019
Namen,Emmanuel,Mannelijk,03/27/2019
Sambreville,Florence,Vrouwelijk,04/02/2019
Büllingen,Leo,Mannelijk,03/27/2019
Sint-Jans-Molenbeek,Fatima,Vrouwelijk,03/23/2019
Walcourt,Vinciane,Vrouwelijk,03/23/2019
Maasmechelen,Eva,Vrouwelijk,03/26/2019
Izegem,Walter,Mannelijk,03/19/2019
Ninove,Erik,Mannelijk,03/16/2019
Sint-Pieters-Woluwe,Jean-Claude,Mannelijk,04/01/2019
Leuven,Maria,Vrouwelijk,03/23/2019
Zwevegem,Renée,Vrouwelijk,03/22/2019
Dalhem,Albert,Mannelijk,03/27/2019
Seraing,Christophe,Mannelijk,03/30/2019
Dendermonde,Hendrik,Mannelijk,04/10/2019
Denderleeuw,Steve,Mannelijk,03/20/2019
Meise,Emma,Vrouwelijk,03/24/2019
Antwerpen,Koen,Mannelijk,03/30/2019
Sint-Gillis-Waas,Frédien,Mannelijk,03/21/2019
Gent,Simonne,Vrouwelijk,04/14/2019
Léglise,Jessica,Vrouwelijk,04/01/2019
Edingen,Jean,Mannelijk,03/14/2019
Aarschot,Carine,Vrouwelijk,04/30/2019
Haaltert,Ingrid,Vrouwelijk,03/21/2019
Heers,Heidi,Vrouwelijk,03/26/2019
Vilvoorde,Martine,Vrouwelijk,04/01/2019
Mechelen,Sharon,Vrouwelijk,03/26/2019
Sint-Pieters-Woluwe,Romain,Mannelijk,03/30/2019
Evere,Sebastien,Mannelijk,03/29/2019
Brussel,Marie,Vrouwelijk,03/27/2019
Antwerpen,Aiden,Mannelijk,03/27/2019
Sint-Gillis,Jean,Mannelijk,04/16/2019
Dour,Joris,Mannelijk,04/09/2019
Antwerpen,Sami,Mannelijk,03/24/2019
Rotselaar,Koen,Mannelijk,03/18/2019
Sint-Jans-Molenbeek,Ilias,Mannelijk,03/25/2019
Maasmechelen,Pierre,Mannelijk,03/29/2019
Schaarbeek,William,Mannelijk,03/31/2019
Boechout,Viktor,Mannelijk,04/15/2019
Chapelle-lez-Herlaimont,Ornella,Vrouwelijk,04/07/2019
Heers,Arne,Mannelijk,03/21/2019
Wezembeek-Oppem,Denis,Mannelijk,03/26/2019
Oudenburg,Micheline,Vrouwelijk,03/24/2019
Watermaal-Bosvoorde,Denis,Mannelijk,03/25/2019
Welkenraedt,Nicolas,Mannelijk,03/26/2019
Gent,Samuel,Mannelijk,03/22/2019
Vorst (Brussel-Hoofdstad),Nuno,Mannelijk,04/01/2019
Turnhout,Jan,Mannelijk,04/25/2019
Lievegem,Marie,Vrouwelijk,03/29/2019
Waterloo,Robin,Mannelijk,03/27/2019
Bergen,Cesare,Mannelijk,04/05/2019
Komen-Waasten,Aaron,Mannelijk,03/26/2019
Antwerpen,Martine,Vrouwelijk,04/13/2019
Zaventem,Alicja,Vrouwelijk,03/24/2019
Villers-la-Ville,Thierry,Mannelijk,04/01/2019
Schilde,Goedele,Vrouwelijk,03/23/2019
Mechelen,Fé,Vrouwelijk,03/21/2019
Komen-Waasten,Nicolas,Mannelijk,03/30/2019
Ecaussinnes,Gabriel,Mannelijk,04/02/2019
Sint-Pieters-Woluwe,Maxim,Mannelijk,03/26/2019
Antwerpen,Marie,Vrouwelijk,03/16/2019
Antwerpen,Liyana,Vrouwelijk,03/18/2019
Oostkamp,Geert,Mannelijk,03/16/2019
Deinze,Yvette,Vrouwelijk,03/30/2019
Brussel,Armand,Mannelijk,03/27/2019
Beveren (Sint-Niklaas),Janne,Vrouwelijk,03/23/2019
Brasschaat,Michel,Mannelijk,03/25/2019
Pecq,Eric,Mannelijk,04/03/2019
Lummen,Liesbeth,Vrouwelijk,03/30/2019
Wemmel,Ellen,Vrouwelijk,04/13/2019
Châtelet,Alexandre,Mannelijk,04/02/2019
Antwerpen,Samira,Vrouwelijk,03/23/2019
Dilbeek,Martine,Vrouwelijk,03/21/2019
Bilzen,Jan,Mannelijk,05/16/2019
Rochefort,Mathis,Mannelijk,03/22/2019
Seraing,Santino,Mannelijk,03/20/2019
Gembloux,Lionel,Mannelijk,03/17/2019
Charleroi,Elisabeth,Vrouwelijk,04/02/2019
De Pinte,Bert,Mannelijk,03/17/2019
Sint-Lambrechts-Woluwe,Vladimir,Mannelijk,04/01/2019
Brussel,Xavier,Mannelijk,04/03/2019
Viroinval,Joëlle,Vrouwelijk,03/21/2019
Merelbeke,Kaat,Vrouwelijk,03/26/2019
Charleroi,Maria,Vrouwelijk,03/22/2019
Dentergem,Jacqueline,Vrouwelijk,03/26/2019
Evere,Danielle,Vrouwelijk,04/05/2019
Namen,Pierre,Mannelijk,03/24/2019
Gent,Laurent,Mannelijk,03/26/2019
Oud-Turnhout,Frans,Mannelijk,04/26/2019
Brussel,Vincent,Mannelijk,04/10/2019
Sint-Niklaas (Sint-Niklaas),Idris,Mannelijk,03/14/2019
La Louvière,Irem,Vrouwelijk,03/25/2019
Theux,Adrien,Mannelijk,03/28/2019
Brugge,Stefaan,Mannelijk,04/07/2019
Sint-Niklaas (Sint-Niklaas),Elise,Vrouwelijk,04/07/2019
Andenne,Justin,Mannelijk,03/22/2019
Ronse,Natacha,Vrouwelijk,04/03/2019
Hamoir,Anne,Vrouwelijk,04/02/2019
Anderlecht,Khadra,Vrouwelijk,03/24/2019
Luik,Raphaël,Mannelijk,03/14/2019
Lens,Noémie,Vrouwelijk,04/12/2019
Mechelen,Maria,Vrouwelijk,03/25/2019
Schaarbeek,Nour-Eddine,Mannelijk,03/29/2019
Flémalle,Roxanne,Vrouwelijk,03/22/2019
Bilzen,Gertrudis,Vrouwelijk,04/03/2019
Oud-Turnhout,Sofie,Vrouwelijk,03/25/2019
Beveren (Sint-Niklaas),Carl,Mannelijk,03/21/2019
Hoeilaart,Josse,Mannelijk,03/25/2019
Schaarbeek,Stéphane,Mannelijk,03/16/2019
Heist-op-den-Berg,Paula,Vrouwelijk,03/29/2019
Wevelgem,Lieven,Mannelijk,04/06/2019
Dison,Roland,Mannelijk,03/27/2019
Koekelberg,Soumaya,Vrouwelijk,03/25/2019
Luik,Malak,Vrouwelijk,03/22/2019
Ninove,Dylan,Mannelijk,04/15/2019
Vielsalm,Jean,Mannelijk,03/26/2019
Zonhoven,Mila,Vrouwelijk,03/24/2019
Jabbeke,Hugo,Mannelijk,03/21/2019
Hasselt,Joris,Mannelijk,03/25/2019
Habay,Emilie,Vrouwelijk,03/30/2019
Flémalle,Jonathan,Mannelijk,03/27/2019
Zutendaal,Edmond,Mannelijk,03/29/2019
Zottegem,Marta,Vrouwelijk,03/24/2019
Antwerpen,Rio,Vrouwelijk,04/17/2019
Remicourt,Nadine,Vrouwelijk,04/07/2019
Quiévrain,Cathy,Vrouwelijk,03/25/2019
Damme,Hans,Mannelijk,03/31/2019
Erquelinnes,Clément,Mannelijk,03/22/2019
Diepenbeek,Marc,Mannelijk,03/27/2019
Puurs-Sint-Amands,Thomas,Mannelijk,04/09/2019
Brecht,Joeri,Mannelijk,04/10/2019
Antwerpen,Zaïd,Mannelijk,03/22/2019
Thuin,Paul,Mannelijk,04/02/2019
Geel,Lena,Vrouwelijk,03/30/2019
Anderlecht,Halimatou,Vrouwelijk,03/23/2019
Sint-Jans-Molenbeek,Gabriel,Mannelijk,04/17/2019
Oudenaarde,Hilda,Vrouwelijk,03/22/2019
Lede,Nelly,Vrouwelijk,04/03/2019
Binche,Salvatore,Mannelijk,04/16/2019
Brussel,Majda,Vrouwelijk,03/31/2019
Geraardsbergen,Patrick,Mannelijk,04/17/2019
Meulebeke,Peter,Mannelijk,03/22/2019
Doornik,Monique,Vrouwelijk,03/21/2019
Mortsel,Guido,Mannelijk,03/21/2019
Boussu,Béatrice,Vrouwelijk,04/14/2019
Aalst (Aalst),Helga,Vrouwelijk,03/19/2019
Chapelle-lez-Herlaimont,Carmelo,Mannelijk,03/29/2019
Leuze-en-Hainaut,Manon,Vrouwelijk,03/18/2019
Sint-Lambrechts-Woluwe,Andrée,Vrouwelijk,04/17/2019
Manhay,Rémy,Mannelijk,03/27/2019
Kaprijke,Eddy,Mannelijk,03/26/2019
Aarlen,Marie-Louise,Vrouwelijk,03/22/2019
Balen,Elly,Vrouwelijk,04/10/2019
Rumst,Maurice,Mannelijk,03/26/2019
Oostende,Hanne,Vrouwelijk,03/27/2019
Fleurus,Quentin,Mannelijk,03/26/2019
Denderleeuw,Frederik,Mannelijk,04/03/2019
Olen,Heidi,Vrouwelijk,04/04/2019
Vorselaar,Carina,Vrouwelijk,04/01/2019
Malle,Senne,Mannelijk,03/30/2019
Sint-Niklaas (Sint-Niklaas),Christel,Vrouwelijk,04/03/2019
Anzegem,Bernard,Mannelijk,05/04/2019
Herne,Luc,Mannelijk,03/26/2019
Elsene,Marie-Louise,Vrouwelijk,03/26/2019
Oostende,Léonie,Vrouwelijk,04/02/2019
La Louvière,Rosaria,Vrouwelijk,03/31/2019
Sint-Jans-Molenbeek,Sanaa,Vrouwelijk,03/22/2019
Grobbendonk,Paul,Mannelijk,03/22/2019
Genk,Beyza,Vrouwelijk,03/23/2019
Neupré,Fabienne,Vrouwelijk,05/06/2019
Nijlen,Sebastiaan,Mannelijk,03/26/2019
Arendonk,Johannes,Mannelijk,03/19/2019
Tielt (Tielt),Tamara,Vrouwelijk,03/31/2019
Stekene,Vicky,Vrouwelijk,03/24/2019
Berlare,Renaat,Mannelijk,04/02/2019
Brugge,Henri,Mannelijk,03/31/2019
Charleroi,Cathy,Vrouwelijk,03/30/2019
Antwerpen,Anthony,Mannelijk,03/17/2019
Fléron,Lucie,Vrouwelijk,03/27/2019
Tongeren,Geert,Mannelijk,03/21/2019
Ukkel,Monique,Vrouwelijk,03/27/2019
Wellen,Jonas,Mannelijk,03/16/2019
Knokke-Heist,Jimmy,Mannelijk,03/15/2019
Nandrin,Freddy,Mannelijk,03/20/2019
Wielsbeke,Rudy,Mannelijk,03/26/2019
Herstal,Giovanni,Mannelijk,03/22/2019
Kortrijk,Steffi,Vrouwelijk,04/11/2019
Gavere,Mireille,Vrouwelijk,03/25/2019
Roeselare,Filip,Mannelijk,03/22/2019
Evere,Sirine,Vrouwelijk,03/27/2019
Aalter,Hilde,Vrouwelijk,03/25/2019
Ranst,Rita,Vrouwelijk,03/17/2019
Namen,Guy,Mannelijk,03/22/2019
Theux,Fabienne,Vrouwelijk,03/23/2019
Borsbeek,Sam,Mannelijk,03/14/2019
Bilzen,Mathis,Mannelijk,03/27/2019
Donceel,Fanny,Vrouwelijk,03/24/2019
Bornem,Diana,Vrouwelijk,03/31/2019
Luik,Sophie,Vrouwelijk,04/02/2019
Antwerpen,Israa,Vrouwelijk,03/26/2019
Nijlen,Monique,Vrouwelijk,03/26/2019
Schaarbeek,Sandy,Vrouwelijk,04/15/2019
Tienen,Roger,Mannelijk,03/26/2019
Aalst (Aalst),Kelly,Vrouwelijk,04/02/2019
Genk,Marco,Mannelijk,03/22/2019
Houthalen-Helchteren,Jürgen,Mannelijk,04/12/2019
Itter,Bernadette,Vrouwelijk,04/02/2019
Sambreville,Raphaël,Mannelijk,04/01/2019
Sint-Genesius-Rode,Michel,Mannelijk,04/02/2019
Brugge,Flor,Vrouwelijk,03/23/2019
Charleroi,Sébastien,Mannelijk,03/28/2019
Charleroi,Olivier,Mannelijk,03/30/2019
Brussel,Gianni,Mannelijk,04/03/2019
Maldegem,Mario,Mannelijk,03/20/2019
Ukkel,Oscar,Mannelijk,03/30/2019
Wachtebeke,Joachim,Mannelijk,03/20/2019
Overijse,Dylan,Mannelijk,03/27/2019
Balen,Bart,Mannelijk,04/03/2019
Sint-Jans-Molenbeek,Asma,Vrouwelijk,03/23/2019
Wevelgem,Astrid,Vrouwelijk,03/20/2019
Luik,Mamady,Mannelijk,03/21/2019
Charleroi,Silvia,Vrouwelijk,03/26/2019
Oud-Turnhout,Greta,Vrouwelijk,03/14/2019
Bocholt,Paul,Mannelijk,03/26/2019
Genk,Alyssa,Vrouwelijk,03/24/2019
Geel,Joke,Vrouwelijk,04/01/2019
Beyne-Heusay,Didier,Mannelijk,04/15/2019
Dilbeek,Frederik,Mannelijk,04/12/2019
Lommel,Claudia,Vrouwelijk,03/14/2019
Burg-Reuland,Norbert,Mannelijk,03/26/2019
Zedelgem,Johan,Mannelijk,03/19/2019
Torhout,Godelieve,Vrouwelijk,04/30/2019
Lille,Christel,Vrouwelijk,03/23/2019
Hamois,Pascale,Vrouwelijk,04/02/2019
Châtelet,Julien,Mannelijk,03/29/2019
Beringen,Liesbeth,Vrouwelijk,03/21/2019
Sint-Truiden,Gert,Mannelijk,04/09/2019
Hoogstraten,Franciscus,Mannelijk,03/24/2019
Leuven,Nelly,Vrouwelijk,03/22/2019
Sint-Pieters-Woluwe,Laurent,Mannelijk,03/26/2019
Evergem,Christine,Vrouwelijk,03/29/2019
