gemeente,naam,geslacht,verwachte datum
Zulte,Ann,Vrouwelijk,08/10/2019
Kapellen (Antwerpen),Hilde,Vrouwelijk,07/12/2019
Ichtegem,Simon,Mannelijk,07/29/2019
Maldegem,Leopold,Mannelijk,07/24/2019
Nieuwerkerken (Hasselt),Laure,Vrouwelijk,07/24/2019
Oupeye,Hervé,Mannelijk,07/17/2019
Grimbergen,Claudia,Vrouwelijk,07/19/2019
Namen,Kelly,Vrouwelijk,07/25/2019
Destelbergen,Ann,Vrouwelijk,07/25/2019
Deinze,Lea,Vrouwelijk,07/23/2019
Evergem,Gilbert,Mannelijk,07/30/2019
Wevelgem,Thierry,Mannelijk,09/08/2019
Verviers,Jean-Marie,Mannelijk,07/16/2019
Mol,Benjamin,Mannelijk,08/13/2019
Knokke-Heist,Jean-Pierre,Mannelijk,07/24/2019
Maldegem,Maria,Vrouwelijk,08/06/2019
Tinlot,Fabienne,Vrouwelijk,08/02/2019
Brunehaut,René,Mannelijk,07/21/2019
Charleroi,Marjorie,Vrouwelijk,07/23/2019
Sint-Niklaas (Sint-Niklaas),Odette,Vrouwelijk,07/23/2019
Lochristi,Monique,Vrouwelijk,08/02/2019
Oudenaarde,Isabelle,Vrouwelijk,07/20/2019
Roeselare,Els,Vrouwelijk,07/24/2019
Lummen,Raymond,Mannelijk,07/23/2019
Izegem,Willy,Mannelijk,07/26/2019
Brussel,Eric,Mannelijk,08/13/2019
Aat,Marie,Vrouwelijk,07/15/2019
Brussel,Indra,Vrouwelijk,07/29/2019
Bütgenbach,Leo,Mannelijk,07/18/2019
Overijse,Greta,Vrouwelijk,07/30/2019
Berlare,Kristien,Vrouwelijk,07/25/2019
Poperinge,Dirk,Mannelijk,07/22/2019
Kortenberg,Léa,Vrouwelijk,07/23/2019
Komen-Waasten,Myriam,Vrouwelijk,07/20/2019
Hasselt,Christopher,Mannelijk,08/01/2019
Thuin,Jenny,Vrouwelijk,07/24/2019
Waregem,Ellen,Vrouwelijk,07/20/2019
Genk,Véronique,Vrouwelijk,07/25/2019
Zele,Steven,Mannelijk,07/17/2019
Lubbeek,Sebastian,Mannelijk,07/18/2019
Westerlo,Hilde,Vrouwelijk,09/01/2019
Ranst,Guido,Mannelijk,07/13/2019
Marche-en-Famenne,Isabelle,Vrouwelijk,07/23/2019
Verviers,Sema,Vrouwelijk,07/20/2019
Verviers,Eric,Mannelijk,07/18/2019
Gent,Steven,Mannelijk,07/31/2019
Sint-Niklaas (Sint-Niklaas),Amir,Mannelijk,07/15/2019
Brussel,Alexandre,Mannelijk,07/19/2019
Bergen,Isaac,Mannelijk,07/14/2019
Herzele,Godelieve,Vrouwelijk,07/21/2019
Edegem,Anne-Marie,Vrouwelijk,07/18/2019
Fléron,Marc,Mannelijk,07/19/2019
Brugge,Inès,Vrouwelijk,07/14/2019
Libramont-Chevigny,Frédéric,Mannelijk,07/10/2019
Charleroi,Lina,Vrouwelijk,07/30/2019
Zutendaal,Herman,Mannelijk,07/22/2019
Houthalen-Helchteren,Louis,Mannelijk,07/26/2019
La Louvière,Christine,Vrouwelijk,07/17/2019
Temse,Guy,Mannelijk,07/20/2019
Bocholt,Wout,Mannelijk,07/17/2019
Schaarbeek,Yakub,Mannelijk,07/14/2019
Bredene,Björn,Mannelijk,07/26/2019
Ingelmunster,Christ,Mannelijk,08/13/2019
Beloeil,Marie-Christine,Vrouwelijk,07/15/2019
Komen-Waasten,Séverine,Vrouwelijk,08/01/2019
Ukkel,Caroline,Vrouwelijk,07/20/2019
Libin,Chloé,Vrouwelijk,07/25/2019
Ranst,Pascale,Vrouwelijk,07/30/2019
Lommel,Henri,Mannelijk,07/19/2019
Ichtegem,Sharon,Vrouwelijk,07/10/2019
Erquelinnes,Daniel,Mannelijk,07/22/2019
Vorst (Brussel-Hoofdstad),Khadija,Vrouwelijk,07/19/2019
Anderlecht,Youssef,Mannelijk,07/17/2019
Izegem,Nico,Mannelijk,07/11/2019
Anderlecht,Martial,Mannelijk,07/24/2019
Gent,Kevin,Mannelijk,07/11/2019
Luik,Stéphane,Mannelijk,07/11/2019
Marche-en-Famenne,Benjamin,Mannelijk,07/18/2019
Drogenbos,Chantal,Vrouwelijk,08/05/2019
Oostende,Godelieve,Vrouwelijk,07/19/2019
Flémalle,Olivier,Mannelijk,07/30/2019
Arendonk,Lars,Mannelijk,07/18/2019
Geldenaken,Michel,Mannelijk,07/10/2019
Charleroi,Savannah,Vrouwelijk,07/10/2019
Schaarbeek,Stefan,Mannelijk,07/15/2019
Bilzen,Jesse,Mannelijk,07/23/2019
Antwerpen,Safiya,Vrouwelijk,07/25/2019
Mol,Annelies,Vrouwelijk,07/28/2019
Namen,Claudine,Vrouwelijk,07/30/2019
Elsene,Laetitia,Vrouwelijk,07/14/2019
Laakdal,Ingrid,Vrouwelijk,07/19/2019
Dilbeek,Lorenzo,Mannelijk,07/18/2019
Waver,Benoit,Mannelijk,07/21/2019
Sint-Martens-Latem,Marijke,Vrouwelijk,07/17/2019
Antwerpen,Hanne,Vrouwelijk,07/17/2019
Namen,Laurence,Vrouwelijk,07/28/2019
Vielsalm,Cindy,Vrouwelijk,07/10/2019
Rebecq,Paul,Mannelijk,07/18/2019
Juprelle,Laurent,Mannelijk,07/14/2019
Borgworm,Dominique,Vrouwelijk,07/30/2019
Beloeil,Manon,Vrouwelijk,07/26/2019
Charleroi,Musa,Mannelijk,08/10/2019
Manage,José,Mannelijk,07/19/2019
Hannuit,Jean,Mannelijk,07/17/2019
Staden,David,Mannelijk,07/20/2019
Edingen,Alain,Mannelijk,07/22/2019
Lokeren,Imran,Mannelijk,07/29/2019
Peer,Noor,Vrouwelijk,07/30/2019
Antwerpen,Charlotte,Vrouwelijk,07/21/2019
Antwerpen,Paul,Mannelijk,07/15/2019
Edingen,Julie,Vrouwelijk,08/27/2019
Virton,Pascal,Mannelijk,08/01/2019
Fosses-la-Ville,Claude,Mannelijk,07/11/2019
Quiévrain,Willy,Mannelijk,07/21/2019
Brecht,Christel,Vrouwelijk,07/26/2019
Dendermonde,Diane,Vrouwelijk,07/25/2019
Herent,Denise,Vrouwelijk,07/11/2019
Leuven,David,Mannelijk,07/18/2019
Oudergem,Béatrice,Vrouwelijk,07/17/2019
Anderlues,Jacques,Mannelijk,07/23/2019
Brussel,Ilias,Mannelijk,07/17/2019
Ieper,Brian,Mannelijk,07/13/2019
Amay,Jean,Mannelijk,08/03/2019
Niel,Gitte,Vrouwelijk,07/20/2019
Jette,Nour,Vrouwelijk,07/20/2019
Sint-Niklaas (Sint-Niklaas),Chadia,Vrouwelijk,07/16/2019
Westerlo,Maxim,Mannelijk,07/24/2019
Brugge,Maria,Vrouwelijk,08/26/2019
Gent,Thomas,Mannelijk,07/26/2019
Sombreffe,Juliette,Vrouwelijk,08/09/2019
Tienen,Viviane,Vrouwelijk,07/27/2019
Wezembeek-Oppem,Fabrice,Mannelijk,08/01/2019
Oostende,Yvette,Vrouwelijk,07/11/2019
Oosterzele,Germain,Mannelijk,07/15/2019
Villers-la-Ville,Géraldine,Vrouwelijk,07/28/2019
Denderleeuw,Jimmy,Mannelijk,07/14/2019
Ukkel,Christianne,Vrouwelijk,08/03/2019
Oosterzele,Willy,Mannelijk,08/05/2019
Maldegem,Marco,Mannelijk,07/16/2019
Kasteelbrakel,Sacha,Mannelijk,07/22/2019
La Louvière,Annick,Vrouwelijk,07/20/2019
Herstal,Zeki,Mannelijk,07/11/2019
Puurs-Sint-Amands,Gunter,Mannelijk,07/19/2019
Bilzen,Hugo,Mannelijk,07/29/2019
Diksmuide,Wim,Mannelijk,07/21/2019
Ninove,Jessica,Vrouwelijk,07/13/2019
Knokke-Heist,Viviane,Vrouwelijk,07/18/2019
Willebroek,Liliane,Vrouwelijk,07/20/2019
Brussel,Abdullah,Mannelijk,07/22/2019
Bevekom,Marc,Mannelijk,07/22/2019
Gedinne,Marie,Vrouwelijk,07/13/2019
Antwerpen,Menno,Mannelijk,07/16/2019
Eghezée,Cindy,Vrouwelijk,08/01/2019
Gent,Dirk,Mannelijk,07/22/2019
Ukkel,Fabrice,Mannelijk,07/19/2019
Hasselt,Patricia,Vrouwelijk,07/20/2019
Lille,Franciscus,Mannelijk,07/12/2019
Mont-de-l’Enclus,Frédéric,Mannelijk,07/30/2019
Jette,Wojciech,Mannelijk,07/12/2019
Antwerpen,Zeno,Mannelijk,07/17/2019
Harelbeke,Martine,Vrouwelijk,07/20/2019
Ukkel,Elisabeth,Vrouwelijk,07/12/2019
Overijse,Chloé,Vrouwelijk,07/19/2019
Namen,Corentin,Mannelijk,07/16/2019
Sprimont,Sébastien,Mannelijk,07/19/2019
Antwerpen,Nawal,Vrouwelijk,07/28/2019
Antwerpen,Monica,Vrouwelijk,09/03/2019
Ternat,Michaël,Mannelijk,07/24/2019
Brugge,Marie-Christine,Vrouwelijk,08/04/2019
Namen,Gilles,Mannelijk,07/15/2019
Lier,Anja,Vrouwelijk,07/14/2019
Herent,Nele,Vrouwelijk,07/29/2019
Anderlecht,Mokhtar,Mannelijk,07/30/2019
Bertogne,Clara,Vrouwelijk,07/24/2019
Sint-Niklaas (Sint-Niklaas),Cindy,Vrouwelijk,07/30/2019
Sambreville,Luciano,Mannelijk,08/06/2019
Tubeke,Romain,Mannelijk,07/13/2019
Bredene,Norbert,Mannelijk,07/30/2019
Elsene,Olivier,Mannelijk,07/11/2019
Aalter,Filip,Mannelijk,07/23/2019
Dilsen-Stokkem,Michel,Mannelijk,07/11/2019
Zaventem,Isabelle,Vrouwelijk,07/20/2019
Leuven,Karlien,Vrouwelijk,07/19/2019
Gedinne,Coralie,Vrouwelijk,08/05/2019
Sambreville,Pascal,Mannelijk,07/21/2019
Beerse,Patrick,Mannelijk,08/08/2019
Mechelen,Werner,Mannelijk,07/29/2019
Zaventem,Josiane,Vrouwelijk,07/20/2019
Zinnik,Françoise,Vrouwelijk,07/25/2019
Tessenderlo,Silke,Vrouwelijk,07/22/2019
Essen,Jonathan,Mannelijk,07/18/2019
Aalst (Aalst),Zahra,Vrouwelijk,07/21/2019
Oupeye,Christelle,Vrouwelijk,07/17/2019
Sint-Pieters-Leeuw,Anne,Vrouwelijk,08/12/2019
Frameries,Delphine,Vrouwelijk,07/30/2019
Anderlecht,Mimoun,Mannelijk,07/20/2019
Genk,Nicole,Vrouwelijk,07/23/2019
Oudenaarde,Lode,Mannelijk,07/29/2019
Izegem,Frederik,Mannelijk,08/14/2019
Pelt,Ronny,Mannelijk,07/17/2019
Aalst (Aalst),Fabienne,Vrouwelijk,07/18/2019
Brussel,Meryem,Vrouwelijk,08/12/2019
Zele,Carmen,Vrouwelijk,07/22/2019
Sint-Pieters-Woluwe,Francine,Vrouwelijk,08/08/2019
Zoersel,René,Mannelijk,07/10/2019
Tongeren,Alexander,Mannelijk,07/27/2019
Pelt,Petrus,Mannelijk,08/13/2019
Dilbeek,Flore,Vrouwelijk,07/29/2019
Bergen,Doriane,Vrouwelijk,08/07/2019
Sint-Jans-Molenbeek,Charlotte,Vrouwelijk,07/16/2019
Zaventem,Robin,Mannelijk,07/28/2019
Menen,Esther,Vrouwelijk,07/23/2019
Sint-Jans-Molenbeek,Mohammed,Mannelijk,07/24/2019
Vorst (Brussel-Hoofdstad),Fouzia,Vrouwelijk,08/07/2019
Moorslede,Nathalie,Vrouwelijk,07/19/2019
Gent,Julia,Vrouwelijk,07/27/2019
Beringen,Stéphanie,Vrouwelijk,07/28/2019
Aat,Catherine,Vrouwelijk,07/20/2019
Elsene,Rui,Mannelijk,07/17/2019
Waterloo,Pascal,Mannelijk,07/14/2019
Eupen,Marvin,Mannelijk,07/13/2019
Antwerpen,Noureddin,Mannelijk,07/19/2019
Kortrijk,Wilfried,Mannelijk,07/19/2019
Villers-la-Ville,Charlotte,Vrouwelijk,08/09/2019
Jette,Emmanuel,Mannelijk,07/30/2019
Antwerpen,Faiza,Vrouwelijk,07/25/2019
Poperinge,Veerle,Vrouwelijk,07/23/2019
Gembloux,Julie,Vrouwelijk,07/20/2019
Nieuwerkerken (Hasselt),Sonja,Vrouwelijk,07/30/2019
Vilvoorde,Josette,Vrouwelijk,07/11/2019
Sint-Pieters-Woluwe,Eliane,Vrouwelijk,07/13/2019
Oupeye,Sophie,Vrouwelijk,07/18/2019
Brakel,Jelle,Mannelijk,07/23/2019
Diksmuide,Sofie,Vrouwelijk,07/28/2019
Herenthout,Elias,Mannelijk,07/17/2019
Kontich,Anna,Vrouwelijk,08/11/2019
Boom,Jens,Mannelijk,07/21/2019
Ukkel,Pavlos,Mannelijk,07/29/2019
Sint-Truiden,Jacques,Mannelijk,07/20/2019
Genk,Yasemin,Vrouwelijk,07/14/2019
Edegem,Caroline,Vrouwelijk,07/18/2019
Scherpenheuvel-Zichem,Tine,Vrouwelijk,07/25/2019
Etterbeek,Laura,Vrouwelijk,07/14/2019
Beerse,Jens,Mannelijk,07/14/2019
Antwerpen,Alae,Vrouwelijk,07/30/2019
Antwerpen,El,Mannelijk,07/10/2019
Gembloux,William,Mannelijk,07/23/2019
Seraing,Renée,Vrouwelijk,07/17/2019
Ingelmunster,Siebe,Mannelijk,07/22/2019
Heist-op-den-Berg,Elke,Vrouwelijk,07/23/2019
Hamme (Dendermonde),Marleen,Vrouwelijk,07/22/2019
Nijlen,Jozef,Mannelijk,07/23/2019
Namen,Andy,Mannelijk,07/23/2019
Antwerpen,Ann,Vrouwelijk,07/19/2019
Herstal,Marine,Vrouwelijk,07/30/2019
Beringen,Mieke,Vrouwelijk,07/10/2019
Alken,Robin,Mannelijk,07/21/2019
Gent,Maarten,Mannelijk,07/26/2019
Schaarbeek,Hadiatou,Vrouwelijk,07/26/2019
Brugge,Bas,Mannelijk,08/09/2019
Aarschot,Rene,Mannelijk,07/18/2019
Lommel,Christel,Vrouwelijk,07/24/2019
Doornik,Myriam,Vrouwelijk,07/21/2019
Graven,Gilbert,Mannelijk,07/17/2019
Schaarbeek,Aouatif,Vrouwelijk,07/10/2019
Sint-Pieters-Leeuw,Marc,Mannelijk,07/18/2019
Leuze-en-Hainaut,Raymond,Mannelijk,07/17/2019
Ottignies-Louvain-la-Neuve,Sandrine,Vrouwelijk,07/30/2019
Luik,Adeline,Vrouwelijk,07/16/2019
Seraing,Daniel,Mannelijk,07/14/2019
Seraing,Zineb,Vrouwelijk,07/25/2019
Anderlecht,Mohamed,Mannelijk,07/31/2019
Hoei,Tom,Mannelijk,07/26/2019
Bree,Margaretha,Vrouwelijk,07/30/2019
Jette,Jacqueline,Vrouwelijk,07/19/2019
Amay,Caroline,Vrouwelijk,07/21/2019
Péruwelz,Mila,Vrouwelijk,07/11/2019
Bergen,Jérôme,Mannelijk,07/20/2019
Moeskroen,Christophe,Mannelijk,07/24/2019
Aartselaar,Philip,Mannelijk,07/21/2019
Couvin,François,Mannelijk,07/24/2019
Sint-Niklaas (Sint-Niklaas),Mohamed,Mannelijk,07/28/2019
Dilbeek,Samir,Mannelijk,07/25/2019
Moeskroen,Christian,Mannelijk,09/05/2019
Elsene,Ana,Vrouwelijk,07/14/2019
Brugge,Micheline,Vrouwelijk,07/14/2019
Puurs-Sint-Amands,Marijke,Vrouwelijk,07/23/2019
Heusden-Zolder,Fatih,Mannelijk,07/16/2019
Antwerpen,Kevin,Mannelijk,07/20/2019
Gent,Fehmi,Mannelijk,07/28/2019
Doornik,Annabel,Vrouwelijk,07/24/2019
Aalst (Aalst),Monique,Vrouwelijk,08/09/2019
Gent,Paulien,Vrouwelijk,07/11/2019
Edegem,Simonne,Vrouwelijk,07/13/2019
Antwerpen,Joanna,Vrouwelijk,07/14/2019
Anderlecht,Costel,Mannelijk,08/21/2019
Ciney,Adèle,Vrouwelijk,07/29/2019
Dour,Maryse,Vrouwelijk,07/24/2019
Halen,Jasper,Mannelijk,09/13/2019
Montigny-le-Tilleul,Eric,Mannelijk,07/27/2019
Dendermonde,Jacqueline,Vrouwelijk,07/14/2019
Bonheiden,Rudolf,Mannelijk,07/20/2019
Brussel,Maroua,Vrouwelijk,07/20/2019
Itter,Louis,Mannelijk,07/26/2019
Edegem,Helena,Vrouwelijk,07/17/2019
Ukkel,Carlos,Mannelijk,07/15/2019
Pont-à-Celles,Anna,Vrouwelijk,07/28/2019
Dilbeek,Lutgarde,Vrouwelijk,07/17/2019
Zaventem,Audrey,Vrouwelijk,07/27/2019
Brussel,Viorica,Vrouwelijk,07/29/2019
Putte,Inge,Vrouwelijk,07/10/2019
Menen,Carina,Vrouwelijk,07/20/2019
Roeselare,Alice,Vrouwelijk,07/22/2019
Péruwelz,Melissa,Vrouwelijk,07/21/2019
Hasselt,Bram,Mannelijk,07/11/2019
Zemst,Marina,Vrouwelijk,07/23/2019
Lessen,Anne,Vrouwelijk,07/29/2019
Eigenbrakel,Michel,Mannelijk,07/13/2019
Vilvoorde,Mohamed,Mannelijk,07/22/2019
Brugge,Lara,Vrouwelijk,07/21/2019
