gemeente,naam,geslacht,verwachte datum
Zwijndrecht,Mohamed,Mannelijk,10/19/2019
Heist-op-den-Berg,Carine,Vrouwelijk,10/23/2019
Aarschot,Ilke,Vrouwelijk,10/24/2019
Eeklo,Layla,Vrouwelijk,10/21/2019
Beloeil,Nina,Vrouwelijk,10/26/2019
Aarlen,Marguerite,Vrouwelijk,10/28/2019
Gembloux,Benjamin,Mannelijk,10/13/2019
Oostende,Rita,Vrouwelijk,10/22/2019
Erpe-Mere,Jozef,Mannelijk,10/23/2019
Bastenaken,Laurent,Mannelijk,10/27/2019
Sankt Vith,Joleen,Vrouwelijk,11/22/2019
Poperinge,Paula,Vrouwelijk,11/02/2019
Gent,Gilles,Mannelijk,10/13/2019
La Louvière,Christine,Vrouwelijk,10/25/2019
Ichtegem,Bernard,Mannelijk,10/20/2019
Heusden-Zolder,Marleen,Vrouwelijk,11/10/2019
Dendermonde,Jonas,Mannelijk,10/18/2019
Charleroi,Cindy,Vrouwelijk,11/01/2019
Frameries,Nadine,Vrouwelijk,10/24/2019
Leuven,Annie,Vrouwelijk,10/22/2019
Heusden-Zolder,Dylan,Mannelijk,11/02/2019
Anderlecht,Avni,Mannelijk,10/22/2019
Sint-Martens-Latem,Claire,Vrouwelijk,10/14/2019
Luik,Clément,Mannelijk,10/28/2019
Duffel,Michael,Mannelijk,10/20/2019
Wetteren,Miel,Mannelijk,10/28/2019
Izegem,Rudi,Mannelijk,11/08/2019
Asse,Mohamed,Mannelijk,10/22/2019
Bergen,Jeanne,Vrouwelijk,10/24/2019
Brussel,Ana,Vrouwelijk,10/24/2019
Luik,Marguerite,Vrouwelijk,10/20/2019
Anderlecht,Magali,Vrouwelijk,10/28/2019
Aalter,Johan,Mannelijk,10/19/2019
Doornik,Fabrice,Mannelijk,10/20/2019
Grimbergen,Elise,Vrouwelijk,10/23/2019
Verlaine,Caroline,Vrouwelijk,10/31/2019
Ans,Thanh,Mannelijk,11/02/2019
Schelle,Amber,Vrouwelijk,11/24/2019
Brugge,Eva,Vrouwelijk,11/13/2019
Antwerpen,Marina,Vrouwelijk,10/25/2019
Jette,Bartosz,Mannelijk,10/24/2019
Mechelen,Harry,Mannelijk,10/21/2019
Puurs-Sint-Amands,Maria,Vrouwelijk,10/21/2019
Nieuwpoort,Els,Vrouwelijk,10/18/2019
Chaudfontaine,Rafael,Mannelijk,10/31/2019
Antoing,Gilbert,Mannelijk,10/30/2019
Kapelle-op-den-Bos,Kelly,Vrouwelijk,10/18/2019
Lint,Patrick,Mannelijk,10/14/2019
Maasmechelen,Marie,Vrouwelijk,10/22/2019
Charleroi,Freddy,Mannelijk,11/13/2019
Merchtem,Chris,Mannelijk,10/22/2019
Charleroi,Thierry,Mannelijk,10/22/2019
Péruwelz,Daniel,Mannelijk,10/28/2019
Charleroi,Laurent,Mannelijk,10/14/2019
Antwerpen,Ela,Vrouwelijk,10/20/2019
Rijkevorsel,Roger,Mannelijk,10/23/2019
Graven,Murielle,Vrouwelijk,11/02/2019
Schaarbeek,Marie-Louise,Vrouwelijk,10/28/2019
Binche,Christian,Mannelijk,10/19/2019
Musson,François,Mannelijk,10/21/2019
Staden,Kimberly,Vrouwelijk,10/21/2019
De Panne,Joëlle,Vrouwelijk,11/03/2019
Oupeye,Eric,Mannelijk,10/16/2019
Frasnes-lez-Anvaing,Eveline,Vrouwelijk,10/16/2019
Oudenaarde,Elsy,Vrouwelijk,10/14/2019
Gent,Cindy,Vrouwelijk,10/24/2019
Vaux-sur-Sûre,Léon,Mannelijk,10/22/2019
Aiseau-Presles,José,Mannelijk,10/13/2019
Zwijndrecht,Kristof,Mannelijk,10/22/2019
Zonhoven,Stephanie,Vrouwelijk,10/15/2019
Dour,Vanessa,Vrouwelijk,10/25/2019
Sint-Truiden,Wouter,Mannelijk,10/22/2019
Jette,Naima,Vrouwelijk,10/23/2019
Diepenbeek,Henri,Mannelijk,10/15/2019
Anzegem,Annie,Vrouwelijk,10/22/2019
Willebroek,Marc,Mannelijk,10/14/2019
Fleurus,Joseph,Mannelijk,10/23/2019
Pelt,Michiel,Mannelijk,11/03/2019
Antwerpen,Noreen,Vrouwelijk,10/24/2019
Gingelom,Georges,Mannelijk,10/23/2019
Zottegem,Marleen,Vrouwelijk,11/01/2019
Halle (Halle-Vilvoorde),Gustaaf,Mannelijk,11/02/2019
Bergen,Romane,Vrouwelijk,10/23/2019
Antwerpen,Katty,Vrouwelijk,10/21/2019
Hasselt,Veronique,Vrouwelijk,12/11/2019
Theux,Alain,Mannelijk,10/23/2019
Beerse,Margaretha,Vrouwelijk,10/16/2019
Charleroi,Rudy,Mannelijk,10/23/2019
Namen,Cécile,Vrouwelijk,10/21/2019
Wevelgem,Marie,Vrouwelijk,10/26/2019
Seraing,Gabriella,Vrouwelijk,11/06/2019
Aarschot,Lars,Mannelijk,10/26/2019
Doornik,Jérôme,Mannelijk,10/20/2019
Charleroi,Nadège,Vrouwelijk,10/17/2019
Quiévrain,Jean,Mannelijk,10/26/2019
Ans,Sandra,Vrouwelijk,11/23/2019
Blegny,Grégory,Mannelijk,11/10/2019
Bergen,Gabrielle,Vrouwelijk,10/16/2019
Deinze,Luc,Mannelijk,11/10/2019
Leopoldsburg,Jessica,Vrouwelijk,11/16/2019
Halle (Halle-Vilvoorde),Kevin,Mannelijk,10/24/2019
Verviers,Gisèle,Vrouwelijk,10/26/2019
Borsbeek,Guy,Mannelijk,10/24/2019
Buggenhout,Sonia,Vrouwelijk,10/31/2019
Gent,Egon,Mannelijk,10/21/2019
Heist-op-den-Berg,Ian,Mannelijk,10/25/2019
Lokeren,Nicole,Vrouwelijk,10/16/2019
Antwerpen,Margareta,Vrouwelijk,10/23/2019
Ans,Fatima,Vrouwelijk,10/23/2019
Brugge,Amber,Vrouwelijk,11/02/2019
Oud-Heverlee,Ben,Mannelijk,10/24/2019
Namen,William,Mannelijk,10/15/2019
Ukkel,Alice,Vrouwelijk,10/22/2019
Harelbeke,Hassan,Mannelijk,11/01/2019
Eghezée,Sébastien,Mannelijk,10/15/2019
La Louvière,Orhan,Mannelijk,10/16/2019
Mont-de-l’Enclus,Claudine,Vrouwelijk,10/24/2019
Ukkel,Aurélien,Mannelijk,10/25/2019
Evere,Christel,Vrouwelijk,11/03/2019
Sint-Jans-Molenbeek,Murat,Mannelijk,10/29/2019
Lier,Johan,Mannelijk,10/26/2019
Schaarbeek,Zoulikha,Vrouwelijk,10/21/2019
Herent,Matthias,Mannelijk,11/07/2019
Turnhout,Comfort,Vrouwelijk,10/27/2019
Wetteren,Cedric,Mannelijk,11/05/2019
Gent,Marc,Mannelijk,10/27/2019
Antwerpen,Kristof,Mannelijk,10/31/2019
Rumst,Maria,Vrouwelijk,10/26/2019
Laarne,John,Mannelijk,10/25/2019
Sint-Gillis,Malgorzata,Vrouwelijk,10/28/2019
Charleroi,Georges,Mannelijk,11/11/2019
Luik,Annick,Vrouwelijk,10/18/2019
Edegem,Lise,Vrouwelijk,10/25/2019
Luik,Margaretha,Vrouwelijk,10/22/2019
Hasselt,Helena,Vrouwelijk,10/27/2019
Beringen,Büsra,Vrouwelijk,11/08/2019
Bastenaken,Dylan,Mannelijk,10/20/2019
Bornem,Paula,Vrouwelijk,12/06/2019
Edingen,Sabine,Vrouwelijk,10/24/2019
Sint-Pieters-Leeuw,Thierry,Mannelijk,10/24/2019
Kalmthout,Marleen,Vrouwelijk,10/26/2019
Sankt Vith,Ursula,Vrouwelijk,10/16/2019
Faimes,Georgette,Vrouwelijk,10/17/2019
Chimay,Romain,Mannelijk,10/14/2019
Zonhoven,Robert,Mannelijk,11/02/2019
Neufchâteau (Neufchâteau),Jean,Mannelijk,10/26/2019
Waver,Christelle,Vrouwelijk,10/27/2019
Putte,Femke,Vrouwelijk,10/28/2019
Dilbeek,Victor,Mannelijk,10/20/2019
Ukkel,Jean,Mannelijk,10/31/2019
Brecht,Jacques,Mannelijk,10/18/2019
Stavelot,Julien,Mannelijk,11/14/2019
Asse,Jonathan,Mannelijk,11/07/2019
Waregem,Daniël,Mannelijk,11/11/2019
Deinze,Jean,Mannelijk,10/16/2019
Anderlecht,Georges,Mannelijk,10/25/2019
Galmaarden,Laure,Vrouwelijk,10/28/2019
Waterloo,Arnaud,Mannelijk,11/17/2019
Schilde,Maria,Vrouwelijk,10/19/2019
Kapellen (Antwerpen),Jan,Mannelijk,10/15/2019
Jette,Willy,Mannelijk,10/22/2019
Sint-Jans-Molenbeek,Imrane,Mannelijk,10/22/2019
Lier,Luc,Mannelijk,10/26/2019
Jette,Louise,Vrouwelijk,10/25/2019
Theux,Nina,Vrouwelijk,10/14/2019
Waregem,Pierre,Mannelijk,10/24/2019
Harelbeke,Frank,Mannelijk,11/10/2019
Brasschaat,Lotte,Vrouwelijk,10/21/2019
Haacht,Ann,Vrouwelijk,10/23/2019
Luik,Jean-Yves,Mannelijk,10/28/2019
Maaseik,Robert,Mannelijk,11/03/2019
Maasmechelen,Murat,Mannelijk,10/24/2019
Willebroek,Mohamed,Mannelijk,10/27/2019
Namen,Solange,Vrouwelijk,10/23/2019
Bergen,Mehdi,Mannelijk,11/02/2019
Gent,Ella,Vrouwelijk,10/28/2019
Leopoldsburg,Mieke,Vrouwelijk,10/23/2019
Antwerpen,Ion,Mannelijk,10/16/2019
Pelt,Ronaldus,Mannelijk,10/13/2019
Heers,Jenny,Vrouwelijk,10/20/2019
Retie,Lisa,Vrouwelijk,10/27/2019
Courcelles,Maureen,Vrouwelijk,10/20/2019
Schaarbeek,Hind,Vrouwelijk,11/01/2019
Châtelet,Christophe,Mannelijk,10/24/2019
La Louvière,Fabienne,Vrouwelijk,10/23/2019
Herentals,Annie,Vrouwelijk,10/28/2019
Niel,Bo,Vrouwelijk,10/15/2019
Aalst (Aalst),Michael,Mannelijk,11/13/2019
Tongeren,Florence,Vrouwelijk,10/18/2019
Sambreville,Louane,Vrouwelijk,10/23/2019
Charleroi,Marie,Vrouwelijk,10/24/2019
Gent,Alain,Mannelijk,10/23/2019
Geraardsbergen,Yolande,Vrouwelijk,10/22/2019
Rebecq,Sophie,Vrouwelijk,10/21/2019
Oosterzele,Timothy,Mannelijk,10/30/2019
Schaarbeek,Gamze,Vrouwelijk,11/10/2019
Herve,Stéphane,Mannelijk,10/21/2019
Dalhem,Virginie,Vrouwelijk,10/25/2019
Oud-Turnhout,Kristine,Vrouwelijk,10/24/2019
Bergen,Fabrice,Mannelijk,10/15/2019
Wezembeek-Oppem,Marco,Mannelijk,10/13/2019
Sint-Agatha-Berchem,Michel,Mannelijk,10/13/2019
Wevelgem,Charlotte,Vrouwelijk,10/23/2019
Holsbeek,Elza,Vrouwelijk,10/26/2019
Tielt (Tielt),Linda,Vrouwelijk,10/31/2019
Aarlen,Arnaud,Mannelijk,10/17/2019
Clavier,Arnaud,Mannelijk,10/19/2019
Sint-Truiden,Arnaud,Mannelijk,10/15/2019
Waver,Maria,Vrouwelijk,10/18/2019
Heist-op-den-Berg,Ilse,Vrouwelijk,10/19/2019
Wevelgem,André,Mannelijk,10/18/2019
Bièvre,Arnaud,Mannelijk,11/01/2019
Maasmechelen,Jesse,Mannelijk,10/20/2019
Heuvelland,Antoine,Mannelijk,11/02/2019
Beveren (Sint-Niklaas),Jozef,Mannelijk,10/25/2019
Houthalen-Helchteren,Claudia,Vrouwelijk,10/18/2019
Aalter,Agnes,Vrouwelijk,10/22/2019
Brugge,Peter,Mannelijk,10/13/2019
Waver,Leticia,Vrouwelijk,11/12/2019
Oudenaarde,James,Mannelijk,10/16/2019
Luik,Ivan,Mannelijk,11/14/2019
Antwerpen,Ahmed,Mannelijk,10/26/2019
Duffel,Willy,Mannelijk,11/02/2019
Assesse,Alexandra,Vrouwelijk,10/29/2019
Oostende,Tom,Mannelijk,10/13/2019
Frasnes-lez-Anvaing,Nicolas,Mannelijk,10/13/2019
Nijvel,Maud,Vrouwelijk,10/25/2019
Charleroi,Martine,Vrouwelijk,11/13/2019
Bertrix,Chantal,Vrouwelijk,10/21/2019
Villers-la-Ville,Valérie,Vrouwelijk,11/03/2019
Begijnendijk,Tom,Mannelijk,11/08/2019
Kampenhout,Roger,Mannelijk,10/25/2019
La Louvière,Christelle,Vrouwelijk,10/22/2019
Evere,Marion,Vrouwelijk,10/23/2019
Aalst (Aalst),Jasper,Mannelijk,10/29/2019
Beringen,Lodewijk,Mannelijk,10/15/2019
Amay,Luc,Mannelijk,10/23/2019
Dalhem,Marc,Mannelijk,11/02/2019
Anderlecht,Driss,Mannelijk,10/19/2019
Leuven,Mouna,Vrouwelijk,11/04/2019
Maldegem,Xander,Mannelijk,10/29/2019
Genk,Dimitri,Mannelijk,12/01/2019
Antwerpen,Amina,Vrouwelijk,10/24/2019
Maasmechelen,Kaan,Mannelijk,10/21/2019
Sint-Genesius-Rode,Esther,Vrouwelijk,10/29/2019
Menen,Roland,Mannelijk,10/21/2019
Asse,Kristine,Vrouwelijk,10/30/2019
Dessel,Marc,Mannelijk,10/23/2019
Chaudfontaine,Thierry,Mannelijk,10/16/2019
Sint-Lambrechts-Woluwe,Anne,Vrouwelijk,10/27/2019
Kapellen (Antwerpen),Stefan,Mannelijk,10/22/2019
Aalst (Aalst),Tamara,Vrouwelijk,10/22/2019
Antwerpen,Micha,Mannelijk,10/15/2019
Diest,Marcella,Vrouwelijk,11/02/2019
Antwerpen,Patricia,Vrouwelijk,10/27/2019
Beringen,Wout,Mannelijk,10/21/2019
Anzegem,Mauro,Mannelijk,10/21/2019
Kraainem,Amélie,Vrouwelijk,10/24/2019
Saint-Hubert,Gérard,Mannelijk,11/03/2019
Oostende,Norbert,Mannelijk,11/09/2019
Geraardsbergen,Marie,Vrouwelijk,11/01/2019
Deinze,Wesley,Mannelijk,10/23/2019
Mol,Nora,Vrouwelijk,10/13/2019
Zaventem,William,Mannelijk,10/22/2019
Ardooie,Marc,Mannelijk,10/21/2019
Courcelles,André,Mannelijk,10/30/2019
Boutersem,Maarten,Mannelijk,10/29/2019
Sint-Agatha-Berchem,Ali,Mannelijk,10/14/2019
Aywaille,Jean-Pierre,Mannelijk,10/23/2019
Boussu,Alexandre,Mannelijk,10/26/2019
Borgworm,Olivier,Mannelijk,10/15/2019
Roeselare,Elien,Vrouwelijk,10/20/2019
Celles (Doornik),Charlotte,Vrouwelijk,10/21/2019
Oudergem,Mary,Vrouwelijk,10/23/2019
Brunehaut,Brigitte,Vrouwelijk,11/09/2019
Meise,Carina,Vrouwelijk,11/02/2019
Chimay,Vincent,Mannelijk,10/25/2019
Gent,Jan,Mannelijk,10/22/2019
Knokke-Heist,Roland,Mannelijk,10/28/2019
Luik,Bekir,Mannelijk,10/20/2019
Koksijde,Patrick,Mannelijk,10/27/2019
Luik,Maëlle,Vrouwelijk,10/30/2019
Roeselare,Caitlin,Vrouwelijk,11/10/2019
Borgworm,Angélique,Vrouwelijk,10/31/2019
Deinze,Herman,Mannelijk,10/13/2019
Sint-Lambrechts-Woluwe,Philippe,Mannelijk,10/22/2019
Sint-Agatha-Berchem,Laura,Vrouwelijk,10/18/2019
Pelt,Kobe,Mannelijk,10/28/2019
Hamme (Dendermonde),Stephanie,Vrouwelijk,10/24/2019
Anzegem,Tony,Mannelijk,10/25/2019
Sint-Niklaas (Sint-Niklaas),Tatiana,Vrouwelijk,10/21/2019
Luik,Bechir,Mannelijk,10/22/2019
Sint-Niklaas (Sint-Niklaas),Guido,Mannelijk,10/16/2019
Merelbeke,Marleen,Vrouwelijk,10/22/2019
Incourt,Louis,Mannelijk,10/29/2019
De Haan,Jaak,Mannelijk,10/24/2019
La Louvière,Frederic,Mannelijk,10/17/2019
Gent,Ihsan,Mannelijk,10/25/2019
Damme,Caroline,Vrouwelijk,10/20/2019
Maaseik,Kevin,Mannelijk,10/26/2019
Antwerpen,Daniëlle,Vrouwelijk,10/16/2019
