gemeente,naam,geslacht,verwachte datum
Aarlen,Maud,Vrouwelijk,10/05/2019
Luik,Leila,Vrouwelijk,09/14/2019
Lievegem,Marnix,Mannelijk,09/21/2019
Antwerpen,Aline,Vrouwelijk,09/08/2019
Evere,Jacques,Mannelijk,09/16/2019
Zoutleeuw,Marc,Mannelijk,09/21/2019
Schelle,Patricia,Vrouwelijk,09/12/2019
Tessenderlo,Marc,Mannelijk,09/23/2019
Genk,Andrea,Mannelijk,09/16/2019
Manage,Chelsea,Vrouwelijk,09/10/2019
Brugge,Noa,Vrouwelijk,09/11/2019
Luik,Philippe,Mannelijk,09/07/2019
Gent,Aynur,Vrouwelijk,09/17/2019
Genk,An,Vrouwelijk,09/21/2019
Nieuwpoort,Sam,Mannelijk,09/14/2019
Neupré,Michel,Mannelijk,09/18/2019
Kalmthout,Maria,Vrouwelijk,09/19/2019
Ukkel,Gabriel,Mannelijk,09/16/2019
Châtelet,Lorenzo,Mannelijk,10/04/2019
Weismes,Audrey,Vrouwelijk,10/04/2019
Esneux,Thomas,Mannelijk,09/19/2019
Mol,Hugo,Mannelijk,09/18/2019
Ganshoren,Lina,Vrouwelijk,10/23/2019
Ninove,Godelieve,Vrouwelijk,10/10/2019
Ottignies-Louvain-la-Neuve,Olivier,Mannelijk,09/26/2019
Sint-Niklaas (Sint-Niklaas),Dario,Mannelijk,09/22/2019
Anderlecht,Nabila,Vrouwelijk,09/22/2019
Bastenaken,Thibault,Mannelijk,09/25/2019
Bergen,Myriam,Vrouwelijk,09/27/2019
Brussel,Kylian,Mannelijk,09/21/2019
Geraardsbergen,Martine,Vrouwelijk,10/11/2019
Peer,Marc,Mannelijk,09/23/2019
Tienen,Lisa,Vrouwelijk,09/27/2019
Hasselt,Caroline,Vrouwelijk,09/19/2019
Koksijde,Ludovicus,Mannelijk,09/12/2019
Libin,Michaël,Mannelijk,09/10/2019
Boom,Diana,Vrouwelijk,10/07/2019
Leuze-en-Hainaut,Alain,Mannelijk,10/10/2019
Diepenbeek,Els,Vrouwelijk,09/25/2019
Sint-Jans-Molenbeek,Albert,Mannelijk,09/15/2019
Temse,Tijl,Mannelijk,09/21/2019
Frasnes-lez-Anvaing,Christelle,Vrouwelijk,09/19/2019
Quaregnon,Eloïse,Vrouwelijk,09/07/2019
Merchtem,Maria,Vrouwelijk,11/07/2019
Geel,Lucien,Mannelijk,09/21/2019
Kortenberg,Jozef,Mannelijk,09/07/2019
Tongeren,Mariette,Vrouwelijk,09/18/2019
Jette,Stéphane,Mannelijk,09/17/2019
Ohey,Françoise,Vrouwelijk,09/15/2019
Buggenhout,Frankie,Mannelijk,09/18/2019
Moeskroen,Liliane,Vrouwelijk,09/14/2019
Evergem,Olivier,Mannelijk,09/19/2019
Scherpenheuvel-Zichem,Vik,Mannelijk,09/25/2019
Gent,Efe,Mannelijk,09/23/2019
Sint-Gillis-Waas,Anne,Vrouwelijk,10/04/2019
Liedekerke,Els,Vrouwelijk,09/26/2019
Ieper,Maria,Vrouwelijk,09/23/2019
Deinze,Christian,Mannelijk,09/23/2019
Antwerpen,Sara,Vrouwelijk,10/31/2019
Gent,Kevin,Mannelijk,09/29/2019
Brugge,Mattis,Mannelijk,09/12/2019
Mechelen,Yasmin,Vrouwelijk,09/15/2019
Lommel,Rani,Vrouwelijk,09/14/2019
Keerbergen,Frederik,Mannelijk,09/19/2019
Roeselare,Marnik,Mannelijk,10/05/2019
Gembloux,Emeline,Vrouwelijk,09/18/2019
Oupeye,Anaïs,Vrouwelijk,09/20/2019
Flémalle,Shana,Vrouwelijk,09/19/2019
Lochristi,Helena,Vrouwelijk,09/20/2019
Namen,Hugo,Mannelijk,09/22/2019
Tienen,Luc,Mannelijk,09/16/2019
Wichelen,Mieke,Vrouwelijk,09/17/2019
Doornik,Françoise,Vrouwelijk,09/08/2019
Gent,Veerle,Vrouwelijk,09/27/2019
Floreffe,Laurence,Vrouwelijk,09/22/2019
Luik,Neyla,Vrouwelijk,09/19/2019
Grobbendonk,Chantal,Vrouwelijk,09/13/2019
Bergen,Arthur,Mannelijk,09/07/2019
Nijvel,Fatima,Vrouwelijk,10/26/2019
De Pinte,Nelly,Vrouwelijk,09/15/2019
Brussel,Burhan,Mannelijk,09/19/2019
Dilbeek,Marc,Mannelijk,10/09/2019
Waregem,Bert,Mannelijk,09/15/2019
Diksmuide,Geert,Mannelijk,09/23/2019
Wervik,Danny,Mannelijk,09/22/2019
Mechelen,Alfons,Mannelijk,09/12/2019
Namen,Thierry,Mannelijk,09/18/2019
Aywaille,Nicole,Vrouwelijk,10/05/2019
Antwerpen,Anna,Vrouwelijk,09/21/2019
Ieper,Mario,Mannelijk,09/23/2019
Gent,Aysel,Vrouwelijk,09/19/2019
Pelt,Bram,Mannelijk,09/21/2019
Brussel,Halimatou,Vrouwelijk,09/22/2019
Beveren (Sint-Niklaas),Marina,Vrouwelijk,09/23/2019
Hamme (Dendermonde),Antoine,Mannelijk,10/08/2019
Héron,Adèle,Vrouwelijk,09/09/2019
Waterloo,Sylvie,Vrouwelijk,10/08/2019
Flémalle,Thibaut,Mannelijk,09/17/2019
Middelkerke,Marijke,Vrouwelijk,09/23/2019
Bergen,Yves,Mannelijk,09/24/2019
Ukkel,Noa,Mannelijk,09/19/2019
Nieuwpoort,Lea,Vrouwelijk,09/21/2019
Perwijs (Nijvel),Liam,Mannelijk,09/07/2019
Neupré,Henri,Mannelijk,09/17/2019
Celles (Doornik),Guy,Mannelijk,09/19/2019
Harelbeke,Hilde,Vrouwelijk,09/24/2019
Bergen,Eva,Vrouwelijk,09/10/2019
Roeselare,Jan,Mannelijk,09/21/2019
Oudenaarde,Mike,Mannelijk,09/10/2019
Chapelle-lez-Herlaimont,Dorian,Mannelijk,09/14/2019
Chapelle-lez-Herlaimont,Patrizio,Mannelijk,10/26/2019
Charleroi,Thomas,Mannelijk,09/15/2019
Schaarbeek,Prince,Mannelijk,09/20/2019
Wielsbeke,Rebecca,Vrouwelijk,09/24/2019
Sint-Agatha-Berchem,Pascal,Mannelijk,09/18/2019
Sint-Lambrechts-Woluwe,Frank,Mannelijk,09/20/2019
Luik,Marie,Vrouwelijk,09/16/2019
Waasmunster,Erik,Mannelijk,09/16/2019
Leuven,Sam,Mannelijk,09/17/2019
Boussu,Rosario,Mannelijk,09/17/2019
Antwerpen,Amina,Vrouwelijk,09/19/2019
Lier,Tom,Mannelijk,10/05/2019
Linter,Anja,Vrouwelijk,09/19/2019
Binche,Baptiste,Mannelijk,09/16/2019
La Louvière,Sébastien,Mannelijk,09/20/2019
Brussel,Thierry,Mannelijk,09/27/2019
Dentergem,Norbert,Mannelijk,10/23/2019
Merksplas,Arne,Mannelijk,10/09/2019
Knokke-Heist,Noa,Vrouwelijk,09/27/2019
Lessen,Jessica,Vrouwelijk,09/18/2019
Kortrijk,Nina,Vrouwelijk,09/15/2019
Anderlecht,Solange,Vrouwelijk,09/14/2019
Antwerpen,Wael,Mannelijk,09/13/2019
Tongeren,Karel,Mannelijk,09/08/2019
Couvin,Bernard,Mannelijk,09/11/2019
Anderlecht,Michel,Mannelijk,09/15/2019
Lijsem,Myriam,Vrouwelijk,09/21/2019
Sint-Pieters-Woluwe,Jean,Mannelijk,09/12/2019
Jette,Micheline,Vrouwelijk,09/22/2019
Waregem,Rita,Vrouwelijk,09/17/2019
Aat,Carine,Vrouwelijk,09/16/2019
Leopoldsburg,Harun,Mannelijk,09/12/2019
Aat,Marie,Vrouwelijk,09/17/2019
Sambreville,Bénédicte,Vrouwelijk,09/20/2019
Lievegem,Julietta,Vrouwelijk,09/12/2019
Machelen (Halle-Vilvoorde),Gustaaf,Mannelijk,09/22/2019
Seraing,Emma,Vrouwelijk,09/15/2019
Zaventem,Anna,Vrouwelijk,09/14/2019
Grâce-Hollogne,Patrick,Mannelijk,09/21/2019
Leuven,Katrien,Vrouwelijk,09/27/2019
Wanze,Valentin,Mannelijk,09/24/2019
Lommel,Jenny,Vrouwelijk,09/19/2019
Crisnée,Cindy,Vrouwelijk,09/12/2019
Landen,Patrick,Mannelijk,09/12/2019
Brussel,Aya,Vrouwelijk,09/21/2019
Mechelen,Said,Mannelijk,09/18/2019
Anderlecht,Emmanuel,Mannelijk,09/19/2019
Montigny-le-Tilleul,Mathieu,Mannelijk,09/12/2019
Brasschaat,Rolf,Mannelijk,09/16/2019
Genk,Hilde,Vrouwelijk,09/24/2019
Saint-Georges-sur-Meuse,Noa,Mannelijk,09/07/2019
Fléron,Elise,Vrouwelijk,09/14/2019
Berlare,Sarah,Vrouwelijk,09/22/2019
Sint-Gillis,Aaron,Mannelijk,09/12/2019
Vorst (Brussel-Hoofdstad),Abdoulaye,Mannelijk,09/20/2019
Leuven,Dirk,Mannelijk,10/10/2019
Libramont-Chevigny,Vincent,Mannelijk,09/17/2019
Sprimont,Laura,Vrouwelijk,11/02/2019
Doornik,Hélène,Vrouwelijk,10/07/2019
Dilsen-Stokkem,Tom,Mannelijk,10/19/2019
Sint-Jans-Molenbeek,Valentina,Vrouwelijk,09/11/2019
Tienen,Annick,Vrouwelijk,09/14/2019
Vilvoorde,Asma,Vrouwelijk,09/09/2019
Schaarbeek,Esila,Vrouwelijk,09/12/2019
Bergen,Margaux,Vrouwelijk,10/09/2019
Brussel,Abou,Mannelijk,09/13/2019
Saint-Ghislain,Colette,Vrouwelijk,09/12/2019
Walcourt,Marc,Mannelijk,09/26/2019
Ninove,Nicole,Vrouwelijk,09/13/2019
Kortenaken,Paul,Mannelijk,10/01/2019
Diest,Marie,Vrouwelijk,10/03/2019
Sint-Lambrechts-Woluwe,Sophie,Vrouwelijk,10/01/2019
Torhout,Maxim,Mannelijk,09/14/2019
Leuven,Ida,Vrouwelijk,09/10/2019
Herstal,Marion,Vrouwelijk,09/25/2019
Begijnendijk,Magda,Vrouwelijk,09/12/2019
Jette,Walid,Mannelijk,09/17/2019
Hamois,Céline,Vrouwelijk,09/16/2019
Antwerpen,Danny,Mannelijk,10/09/2019
Knokke-Heist,Jean-Pierre,Mannelijk,09/23/2019
Merelbeke,Steven,Mannelijk,09/25/2019
Genk,Catharina,Vrouwelijk,09/07/2019
Buggenhout,Lennert,Mannelijk,11/07/2019
Morlanwelz,Clément,Mannelijk,09/27/2019
Knokke-Heist,Inge,Vrouwelijk,09/27/2019
Komen-Waasten,Nathalie,Vrouwelijk,09/09/2019
Bergen,Serge,Mannelijk,09/14/2019
Namen,Marc,Mannelijk,09/11/2019
Gent,Furkan,Mannelijk,09/22/2019
Saint-Ghislain,Stéphane,Mannelijk,09/12/2019
Bergen,Sandra,Vrouwelijk,09/28/2019
Beloeil,Naomie,Vrouwelijk,09/27/2019
Schaarbeek,Dariusz,Mannelijk,09/16/2019
Grimbergen,Eric,Mannelijk,09/24/2019
Edingen,Martine,Vrouwelijk,09/11/2019
Antwerpen,Habiba,Vrouwelijk,09/10/2019
Pont-à-Celles,Jean,Mannelijk,09/15/2019
Les Bons Villers,Carole,Vrouwelijk,09/15/2019
Manage,Lina,Vrouwelijk,09/11/2019
Begijnendijk,Conny,Vrouwelijk,09/21/2019
Büllingen,Roland,Mannelijk,09/25/2019
Schaarbeek,Fahri,Mannelijk,09/07/2019
Puurs-Sint-Amands,Lotte,Vrouwelijk,09/19/2019
Waregem,Kathleen,Vrouwelijk,09/15/2019
Gent,Thibault,Mannelijk,09/17/2019
Charleroi,Abdurrahman,Mannelijk,09/15/2019
Rijkevorsel,Maria,Vrouwelijk,09/15/2019
Ferrières,Quentin,Mannelijk,09/19/2019
Bree,Iris,Vrouwelijk,09/25/2019
Bornem,Jasper,Mannelijk,09/28/2019
Gent,Lucien,Mannelijk,09/09/2019
De Haan,Walter,Mannelijk,09/21/2019
Stabroek,Sven,Mannelijk,09/07/2019
Herzele,Niels,Mannelijk,09/14/2019
Temse,Johan,Mannelijk,09/16/2019
Anderlecht,Lukasz,Mannelijk,09/13/2019
Ans,Sarah,Vrouwelijk,09/27/2019
Wielsbeke,Alexander,Mannelijk,09/27/2019
Gent,Kathy,Vrouwelijk,09/19/2019
Sambreville,Christine,Vrouwelijk,09/27/2019
Brugge,Francesco,Mannelijk,10/03/2019
Moeskroen,Abdelhak,Mannelijk,09/11/2019
Luik,Kimberley,Vrouwelijk,09/19/2019
Destelbergen,Steven,Mannelijk,09/14/2019
Sint-Lambrechts-Woluwe,Magdalena,Vrouwelijk,09/08/2019
Lier,Patrick,Mannelijk,09/23/2019
La Louvière,Marie-Paule,Vrouwelijk,09/23/2019
Pepinster,France,Vrouwelijk,09/18/2019
Jette,Grégory,Mannelijk,09/19/2019
Châtelet,Laëtitia,Vrouwelijk,09/19/2019
Antwerpen,Rudi,Mannelijk,09/19/2019
Antwerpen,Lara,Vrouwelijk,10/10/2019
Balen,Heidi,Vrouwelijk,09/19/2019
Tinlot,Kevin,Mannelijk,09/16/2019
Dendermonde,Veerle,Vrouwelijk,09/27/2019
Anderlecht,Hilal,Mannelijk,09/27/2019
Verviers,Aline,Vrouwelijk,09/15/2019
Schoten,Fatima,Vrouwelijk,09/23/2019
Harelbeke,Yves,Mannelijk,09/25/2019
Gooik,Pieter,Mannelijk,09/19/2019
Geel,Tom,Mannelijk,09/19/2019
Herent,Olivier,Mannelijk,09/18/2019
Antwerpen,Miral,Vrouwelijk,09/21/2019
Poperinge,Kristien,Vrouwelijk,09/17/2019
Retie,Lucas,Mannelijk,09/21/2019
Theux,Françoise,Vrouwelijk,09/24/2019
Genk,Patrick,Mannelijk,10/02/2019
Sint-Lambrechts-Woluwe,Daniel,Mannelijk,09/11/2019
Herstal,Yohan,Mannelijk,09/19/2019
Lier,Caro,Vrouwelijk,09/24/2019
Malle,Fleur,Vrouwelijk,09/11/2019
Elsene,Linda,Vrouwelijk,09/16/2019
Châtelet,Luca,Mannelijk,10/08/2019
Lille,Maria,Vrouwelijk,09/14/2019
Brussel,Jean,Mannelijk,09/10/2019
Dilbeek,Petrus,Mannelijk,09/26/2019
Esneux,Madeleine,Vrouwelijk,09/08/2019
Aat,Sylvie,Vrouwelijk,09/14/2019
Brussel,Betul,Vrouwelijk,09/16/2019
Doornik,André,Mannelijk,09/16/2019
Aarlen,Stéphanie,Vrouwelijk,09/21/2019
Frameries,Jean-Louis,Mannelijk,09/27/2019
Eghezée,Monique,Vrouwelijk,10/11/2019
Dendermonde,Katrien,Vrouwelijk,09/22/2019
Harelbeke,Marthe,Vrouwelijk,09/22/2019
Anderlecht,Jessica,Vrouwelijk,09/16/2019
Kapellen (Antwerpen),Louis,Mannelijk,10/06/2019
Beringen,Ingrid,Vrouwelijk,10/04/2019
Antwerpen,Ruben,Mannelijk,09/16/2019
Mortsel,Carine,Vrouwelijk,09/18/2019
Ganshoren,Yasmine,Vrouwelijk,09/24/2019
Tintigny,Océane,Vrouwelijk,09/20/2019
Couvin,Jean,Mannelijk,09/11/2019
Spa,Valentine,Vrouwelijk,09/13/2019
Boutersem,Marie,Vrouwelijk,09/10/2019
Brussel,Léo,Mannelijk,09/14/2019
Leuven,Sofie,Vrouwelijk,09/21/2019
Beveren (Sint-Niklaas),Vivianne,Vrouwelijk,09/19/2019
Brussel,Romain,Mannelijk,09/19/2019
Gooik,Bo,Vrouwelijk,09/25/2019
Schaarbeek,Eray,Mannelijk,09/28/2019
Doornik,Henri,Mannelijk,09/17/2019
Ninove,Ria,Vrouwelijk,09/27/2019
Elsene,Florian,Mannelijk,09/15/2019
Antwerpen,Allal,Mannelijk,09/11/2019
Kapellen (Antwerpen),Erika,Vrouwelijk,09/16/2019
Liedekerke,Denise,Vrouwelijk,09/25/2019
Rotselaar,Kristien,Vrouwelijk,09/15/2019
Mechelen,Fabienne,Vrouwelijk,09/12/2019
Scherpenheuvel-Zichem,Gerardus,Mannelijk,09/16/2019
Beersel,Rayan,Mannelijk,09/19/2019
Antwerpen,Okan,Mannelijk,10/06/2019
Zemst,Lana,Vrouwelijk,09/18/2019
Rotselaar,Hilda,Vrouwelijk,09/14/2019
Jurbeke,Christine,Vrouwelijk,09/17/2019
Bredene,Kurt,Mannelijk,09/18/2019
Colfontaine,Mohammed,Mannelijk,09/22/2019
Brussel,Fathia,Vrouwelijk,09/21/2019
Asse,Georges,Mannelijk,09/13/2019
Waver,Bernadette,Vrouwelijk,09/19/2019
Antwerpen,Imane,Vrouwelijk,09/22/2019
Eeklo,Magdalena,Vrouwelijk,09/10/2019
Lier,Stefanie,Vrouwelijk,09/22/2019
Neufchâteau (Neufchâteau),Jennifer,Vrouwelijk,11/01/2019
Schaarbeek,Gheorghe,Mannelijk,09/16/2019
