gemeente,naam,geslacht,verwachte datum
Brussel,Ekaterini,Vrouwelijk,07/08/2019
Sambreville,Anne,Vrouwelijk,07/03/2019
Beersel,Alexia,Vrouwelijk,07/07/2019
Brugge,Diana,Vrouwelijk,08/25/2019
Koekelare,Véronique,Vrouwelijk,07/06/2019
Hasselt,Julie,Vrouwelijk,07/19/2019
Gavere,Sandra,Vrouwelijk,06/28/2019
Beveren (Sint-Niklaas),Yvonne,Vrouwelijk,07/13/2019
Keerbergen,Dries,Mannelijk,07/09/2019
Saint-Ghislain,Lydie,Vrouwelijk,07/02/2019
Charleroi,Emmanuelle,Vrouwelijk,07/09/2019
Rochefort,Louis,Mannelijk,07/13/2019
Damme,Jens,Mannelijk,06/30/2019
Terhulpen,Philippe,Mannelijk,06/30/2019
Saint-Ghislain,Catherine,Vrouwelijk,07/07/2019
Lier,Patricia,Vrouwelijk,07/18/2019
Sint-Jans-Molenbeek,Anas,Mannelijk,07/06/2019
La Louvière,Jonas,Mannelijk,07/15/2019
Oosterzele,Tom,Mannelijk,07/12/2019
Péruwelz,Laura,Vrouwelijk,07/04/2019
Gooik,Marleen,Vrouwelijk,07/29/2019
Wichelen,Jules,Mannelijk,07/08/2019
Dessel,Michelle,Vrouwelijk,07/12/2019
Etterbeek,Gabriel,Mannelijk,07/17/2019
Bertrix,Julie,Vrouwelijk,07/13/2019
Vorst (Brussel-Hoofdstad),Kadiatou,Vrouwelijk,07/13/2019
Herk-de-Stad,Jeannine,Vrouwelijk,07/24/2019
Aywaille,Annick,Vrouwelijk,07/12/2019
Koekelare,André,Mannelijk,07/23/2019
Sint-Pieters-Leeuw,Arlette,Vrouwelijk,07/06/2019
Sint-Gillis-Waas,Sam,Mannelijk,06/30/2019
Zemst,Anita,Vrouwelijk,07/05/2019
Sint-Joost-ten-Node,Deniz,Vrouwelijk,07/10/2019
Etalle,Jacques,Mannelijk,07/04/2019
Lommel,Lennert,Mannelijk,06/28/2019
Ingelmunster,Nico,Mannelijk,07/25/2019
Brakel,Joséane,Vrouwelijk,07/24/2019
Seraing,Emmanuel,Mannelijk,07/05/2019
Charleroi,Loredana,Vrouwelijk,06/25/2019
Luik,Micheline,Vrouwelijk,07/14/2019
Boom,Stefan,Mannelijk,07/15/2019
Wielsbeke,Marietta,Vrouwelijk,07/14/2019
Binche,Chantal,Vrouwelijk,07/05/2019
Courcelles,Christine,Vrouwelijk,06/30/2019
Evergem,Kim,Vrouwelijk,07/08/2019
Binche,Clémence,Vrouwelijk,07/14/2019
Grâce-Hollogne,Alessio,Mannelijk,07/03/2019
Ronse,Catharina,Vrouwelijk,06/28/2019
Kortrijk,Ekram,Vrouwelijk,07/10/2019
Brugge,Carine,Vrouwelijk,07/10/2019
Sprimont,Noël,Mannelijk,06/25/2019
Pecq,Jade,Vrouwelijk,07/05/2019
Chièvres,Gilbert,Mannelijk,06/28/2019
Flémalle,Isabelle,Vrouwelijk,07/08/2019
Lochristi,Annemie,Vrouwelijk,07/06/2019
Antwerpen,Inge,Vrouwelijk,07/29/2019
Seraing,Anissa,Vrouwelijk,07/06/2019
Heist-op-den-Berg,Sandra,Vrouwelijk,07/13/2019
Hulshout,Stijn,Mannelijk,07/14/2019
Awans,Cédric,Mannelijk,07/12/2019
La Louvière,Jean,Mannelijk,07/05/2019
Wichelen,Ivonne,Vrouwelijk,07/09/2019
Poperinge,Jelle,Mannelijk,07/25/2019
Opwijk,Luc,Mannelijk,07/13/2019
Lasne,Christiane,Vrouwelijk,07/08/2019
Manage,Johnny,Mannelijk,07/11/2019
Mont-Saint-Guibert,Laurent,Mannelijk,07/14/2019
Dendermonde,Rita,Vrouwelijk,07/10/2019
Charleroi,Giuseppa,Vrouwelijk,06/26/2019
Saint-Ghislain,Philippe,Mannelijk,07/05/2019
Herne,Emma,Vrouwelijk,07/12/2019
Zoersel,Manuela,Vrouwelijk,07/05/2019
Antwerpen,Saïda,Vrouwelijk,07/04/2019
Courcelles,Sandy,Vrouwelijk,07/16/2019
Frameries,Claudy,Mannelijk,07/16/2019
Herzele,Marcel,Mannelijk,07/10/2019
Waver,Jean-Paul,Mannelijk,07/08/2019
Lokeren,Marc,Mannelijk,07/01/2019
Kortrijk,An,Vrouwelijk,07/19/2019
Villers-la-Ville,Laurence,Vrouwelijk,07/28/2019
Waterloo,Olivier,Mannelijk,07/13/2019
Brasschaat,Kristina,Vrouwelijk,07/26/2019
Charleroi,Laurence,Vrouwelijk,07/21/2019
Doornik,Danielle,Vrouwelijk,07/15/2019
Brecht,Ria,Vrouwelijk,07/04/2019
Kasterlee,Amélie,Vrouwelijk,07/08/2019
Roeselare,Dina,Vrouwelijk,07/04/2019
Etterbeek,Frédéric,Mannelijk,07/05/2019
Sint-Pieters-Leeuw,Brigitte,Vrouwelijk,07/05/2019
Ciney,Monique,Vrouwelijk,07/17/2019
Nieuwerkerken (Hasselt),Raphaël,Mannelijk,07/10/2019
Deinze,Leona,Vrouwelijk,07/10/2019
Namen,Nicole,Vrouwelijk,07/23/2019
Charleroi,Marco,Mannelijk,07/10/2019
Genk,Patrick,Mannelijk,07/06/2019
La Louvière,Jamila,Vrouwelijk,07/01/2019
Wellen,Jean,Mannelijk,07/05/2019
Jemeppe-sur-Sambre,Léa,Vrouwelijk,07/02/2019
Beringen,Leen,Vrouwelijk,07/07/2019
Geldenaken,Jean-Marc,Mannelijk,07/13/2019
Essen,Olivia,Vrouwelijk,07/02/2019
Gent,Michael,Mannelijk,07/14/2019
Gingelom,Jonathan,Mannelijk,07/04/2019
Boom,Annelies,Vrouwelijk,07/03/2019
Merelbeke,Karen,Vrouwelijk,07/11/2019
Oudergem,Eric,Mannelijk,07/14/2019
Perwijs (Nijvel),René,Mannelijk,07/10/2019
Leuven,Joannes,Mannelijk,07/04/2019
Sambreville,Estelle,Vrouwelijk,07/11/2019
Bilzen,Lutgarde,Vrouwelijk,07/11/2019
Antwerpen,Hanane,Vrouwelijk,07/08/2019
Ninove,Roger,Mannelijk,07/06/2019
Brakel,Julien,Mannelijk,06/28/2019
Thuin,Vincent,Mannelijk,07/02/2019
Izegem,Samuel,Mannelijk,06/25/2019
Putte,Christine,Vrouwelijk,07/11/2019
Lierde,Bart,Mannelijk,07/12/2019
Sambreville,Florian,Mannelijk,06/27/2019
Wichelen,Geert,Mannelijk,07/03/2019
Antwerpen,Azad,Mannelijk,07/15/2019
Antwerpen,Jamal,Mannelijk,07/14/2019
Menen,Geert,Mannelijk,07/08/2019
Deinze,Nick,Mannelijk,07/02/2019
Turnhout,Ruben,Mannelijk,07/09/2019
Antwerpen,Bart,Mannelijk,07/02/2019
Sint-Agatha-Berchem,Gaston,Mannelijk,07/29/2019
Koksijde,Filip,Mannelijk,07/05/2019
Aalter,Marie,Vrouwelijk,07/01/2019
Blankenberge,Céline,Vrouwelijk,07/26/2019
Deinze,Sabine,Vrouwelijk,07/02/2019
Schaarbeek,Mustafa,Mannelijk,07/04/2019
Pelt,Sofie,Vrouwelijk,07/10/2019
Herstal,Mathieu,Mannelijk,06/29/2019
Sint-Genesius-Rode,Delphine,Vrouwelijk,06/29/2019
Oostende,Roland,Mannelijk,06/30/2019
Gent,Rita,Vrouwelijk,07/07/2019
Rebecq,Nicolas,Mannelijk,07/13/2019
Soumagne,Céline,Vrouwelijk,07/06/2019
Menen,Véronique,Vrouwelijk,07/08/2019
Saint-Ghislain,Nathalie,Vrouwelijk,07/03/2019
Antwerpen,Abdelouahab,Mannelijk,07/02/2019
Roeselare,Christina,Vrouwelijk,07/03/2019
Beerse,Matthias,Mannelijk,07/01/2019
Namen,Caroline,Vrouwelijk,07/30/2019
Kasterlee,Arne,Mannelijk,07/07/2019
De Haan,Johan,Mannelijk,07/10/2019
Awans,Pauline,Vrouwelijk,07/13/2019
Mol,Leo,Mannelijk,07/22/2019
Gent,Halil,Mannelijk,07/06/2019
Halle (Halle-Vilvoorde),Robin,Mannelijk,07/08/2019
Flémalle,Danielle,Vrouwelijk,06/29/2019
Opwijk,Marc,Mannelijk,07/07/2019
Eigenbrakel,Michel,Mannelijk,07/10/2019
Schaarbeek,Süleyman,Mannelijk,07/13/2019
Riemst,Nina,Vrouwelijk,07/12/2019
Melle,Koen,Mannelijk,07/07/2019
Beernem,Frederik,Mannelijk,07/07/2019
Etalle,Pierre,Mannelijk,07/14/2019
La Louvière,Renée,Vrouwelijk,07/06/2019
Grimbergen,Manon,Vrouwelijk,07/08/2019
Heist-op-den-Berg,Christiana,Vrouwelijk,07/04/2019
Grobbendonk,Mike,Mannelijk,07/03/2019
Putte,Maria,Vrouwelijk,07/07/2019
Oostende,Pascal,Mannelijk,06/27/2019
Pont-à-Celles,Clément,Mannelijk,07/01/2019
Boortmeerbeek,Carina,Vrouwelijk,07/17/2019
Wachtebeke,Guy,Mannelijk,07/09/2019
Wuustwezel,Sandy,Vrouwelijk,07/02/2019
Diksmuide,Wim,Mannelijk,07/02/2019
Chaudfontaine,Guillaume,Mannelijk,07/04/2019
Boechout,Gilbert,Mannelijk,07/14/2019
Poperinge,Martine,Vrouwelijk,07/08/2019
Maldegem,Demi,Vrouwelijk,07/07/2019
Tongeren,André,Mannelijk,07/12/2019
Sint-Laureins,Tony,Mannelijk,07/04/2019
Genk,Ronald,Mannelijk,07/17/2019
Tintigny,René,Mannelijk,07/12/2019
Jette,Frédéric,Mannelijk,06/25/2019
Brussel,Daniel,Mannelijk,07/09/2019
Brugge,Ignace,Mannelijk,07/13/2019
Lievegem,Nick,Mannelijk,07/09/2019
Ieper,Céline,Vrouwelijk,07/01/2019
Moeskroen,Léa,Vrouwelijk,06/29/2019
Antwerpen,Anis,Mannelijk,07/12/2019
Bilzen,Elisa,Vrouwelijk,07/27/2019
Charleroi,Josiane,Vrouwelijk,07/01/2019
Turnhout,Patrick,Mannelijk,08/12/2019
Overijse,Martine,Vrouwelijk,07/12/2019
Erquelinnes,Stéphane,Mannelijk,07/23/2019
Dalhem,Michel,Mannelijk,07/12/2019
Ukkel,Paul,Mannelijk,06/29/2019
Herenthout,Steffi,Vrouwelijk,07/14/2019
Kampenhout,Fabienne,Vrouwelijk,07/13/2019
Rumes,Louis,Mannelijk,07/06/2019
Deinze,Carine,Vrouwelijk,07/07/2019
Tienen,Benjamin,Mannelijk,07/24/2019
Maasmechelen,Cynthia,Vrouwelijk,07/08/2019
Linter,Carla,Vrouwelijk,07/28/2019
Gent,Bjorn,Mannelijk,07/15/2019
Poperinge,Linda,Vrouwelijk,07/24/2019
Antwerpen,Linda,Vrouwelijk,07/04/2019
Ranst,Wouter,Mannelijk,07/11/2019
Evergem,Bert,Mannelijk,07/13/2019
Hamois,Emilie,Vrouwelijk,07/06/2019
Herent,Tom,Mannelijk,07/08/2019
Riemst,Ronald,Mannelijk,07/14/2019
Lasne,Jean-Marc,Mannelijk,07/23/2019
Antwerpen,Willem,Mannelijk,06/29/2019
Comblain-au-Pont,Maxime,Mannelijk,08/26/2019
Hechtel-Eksel,Louis,Mannelijk,06/26/2019
Brussel,Anita,Vrouwelijk,06/30/2019
Weismes,Albert,Mannelijk,07/07/2019
Chaudfontaine,José,Mannelijk,07/08/2019
Aalst (Aalst),Jens,Mannelijk,07/05/2019
Aartselaar,Steven,Mannelijk,07/07/2019
Antwerpen,Elke,Vrouwelijk,07/03/2019
Merksplas,Josephina,Vrouwelijk,07/12/2019
Eghezée,Gilberte,Vrouwelijk,07/06/2019
Bastenaken,Laurent,Mannelijk,07/12/2019
Leuven,Marie-Louise,Vrouwelijk,07/24/2019
Affligem,Laura,Vrouwelijk,07/19/2019
Vilvoorde,Lina,Vrouwelijk,06/26/2019
Bitsingen,Cindy,Vrouwelijk,07/20/2019
Brugge,Xander,Mannelijk,07/25/2019
Anderlecht,William,Mannelijk,07/11/2019
Aartselaar,François,Mannelijk,07/01/2019
Luik,Isabelle,Vrouwelijk,07/23/2019
Lanaken,Melanie,Vrouwelijk,07/02/2019
Beersel,Willy,Mannelijk,07/03/2019
Arendonk,Cas,Mannelijk,07/04/2019
Grimbergen,Isabelle,Vrouwelijk,07/10/2019
Meulebeke,Dominique,Vrouwelijk,06/27/2019
Frasnes-lez-Anvaing,Benjamin,Mannelijk,07/13/2019
Brakel,Sandra,Vrouwelijk,06/27/2019
Charleroi,Maria,Vrouwelijk,07/06/2019
Eeklo,Lieven,Mannelijk,07/26/2019
Etterbeek,Abdellah,Mannelijk,07/06/2019
Andenne,André,Mannelijk,07/14/2019
Ramillies,Alexis,Mannelijk,07/01/2019
Brussel,Mohamed,Mannelijk,07/03/2019
Oudergem,Noah,Mannelijk,07/20/2019
Ecaussinnes,Emilie,Vrouwelijk,06/29/2019
Ottignies-Louvain-la-Neuve,Fatiha,Vrouwelijk,07/03/2019
Zottegem,Marie,Vrouwelijk,07/24/2019
Tervuren,Alain,Mannelijk,07/14/2019
Durbuy,Joseph,Mannelijk,07/12/2019
Hotton,Benjamin,Mannelijk,06/30/2019
Zemst,Marie,Vrouwelijk,07/05/2019
Morlanwelz,Luca,Mannelijk,07/09/2019
Namen,Emilie,Vrouwelijk,07/27/2019
Aalter,Rosette,Vrouwelijk,07/10/2019
Aarschot,Christiane,Vrouwelijk,07/03/2019
Lichtervelde,Laura,Vrouwelijk,07/13/2019
Charleroi,Corine,Vrouwelijk,07/10/2019
Rochefort,Josée,Vrouwelijk,07/07/2019
Wevelgem,Peter,Mannelijk,07/18/2019
Fernelmont,Carine,Vrouwelijk,07/27/2019
Wachtebeke,Jonas,Mannelijk,07/06/2019
Brecht,Lieven,Mannelijk,07/15/2019
Zottegem,Rosita,Vrouwelijk,07/03/2019
Chaumont-Gistoux,Pascal,Mannelijk,07/08/2019
Torhout,Rebecca,Vrouwelijk,06/28/2019
Bergen,Carine,Vrouwelijk,06/30/2019
Aalter,Dennis,Mannelijk,07/02/2019
Aarlen,Nadia,Vrouwelijk,07/18/2019
Zedelgem,Natascha,Vrouwelijk,07/03/2019
Charleroi,Yassmine,Vrouwelijk,07/08/2019
Châtelet,Yannis,Mannelijk,07/13/2019
Waregem,Louis,Mannelijk,07/14/2019
Awans,Stéphanie,Vrouwelijk,07/01/2019
Luik,Christopher,Mannelijk,06/25/2019
Thimister-Clermont,Martin,Mannelijk,07/12/2019
Aarschot,Etienne,Mannelijk,07/08/2019
Sint-Niklaas (Sint-Niklaas),Freya,Vrouwelijk,07/06/2019
Lasne,Candice,Vrouwelijk,07/04/2019
Asse,Wendy,Vrouwelijk,07/05/2019
Gedinne,Geneviève,Vrouwelijk,07/03/2019
Bilzen,Marc,Mannelijk,06/30/2019
Antwerpen,Jinan,Vrouwelijk,07/02/2019
Waterloo,Sonja,Vrouwelijk,07/05/2019
Zemst,Amélie,Vrouwelijk,07/08/2019
Aalst (Aalst),Shauni,Vrouwelijk,07/06/2019
Kruibeke,Dirk,Mannelijk,07/14/2019
Charleroi,Karine,Vrouwelijk,07/03/2019
Lichtervelde,Magda,Vrouwelijk,07/12/2019
Sankt Vith,Sabrina,Vrouwelijk,07/08/2019
Ukkel,Dariusz,Mannelijk,07/06/2019
Stekene,Anna,Vrouwelijk,07/15/2019
Gent,Hava,Vrouwelijk,07/04/2019
Sint-Gillis-Waas,Anna,Vrouwelijk,07/12/2019
Aywaille,Anne,Vrouwelijk,07/15/2019
Anderlecht,Omar,Mannelijk,07/02/2019
Les Bons Villers,Sophie,Vrouwelijk,07/05/2019
Aywaille,Delphine,Vrouwelijk,07/03/2019
Retie,Danny,Mannelijk,07/12/2019
Maasmechelen,Tim,Mannelijk,07/15/2019
Farciennes,Julie,Vrouwelijk,07/01/2019
Evergem,Ronny,Mannelijk,07/13/2019
Laakdal,Alfons,Mannelijk,07/04/2019
Kortrijk,Eline,Vrouwelijk,06/30/2019
Roeselare,Robin,Mannelijk,07/17/2019
Luik,Olivia,Vrouwelijk,06/26/2019
Spa,Françoise,Vrouwelijk,07/02/2019
Olen,August,Mannelijk,07/06/2019
Ukkel,Amélie,Vrouwelijk,07/06/2019
Mechelen,Louis,Mannelijk,07/10/2019
Gent,Lukas,Mannelijk,07/12/2019
Brugge,Marnik,Mannelijk,07/08/2019
Ganshoren,Alain,Mannelijk,07/08/2019
Kortrijk,Louis,Mannelijk,07/21/2019
Roeselare,Kristien,Vrouwelijk,07/02/2019
Sint-Truiden,Erik,Mannelijk,07/12/2019
Anderlecht,Chaima,Vrouwelijk,07/05/2019
Theux,Charlie,Mannelijk,07/10/2019
Aarschot,Jeannine,Vrouwelijk,06/30/2019
Ukkel,Alain,Mannelijk,07/06/2019
Elsene,Amaury,Mannelijk,07/04/2019
Lier,Ann,Vrouwelijk,07/01/2019
Kortemark,Agnes,Vrouwelijk,07/17/2019
Chaudfontaine,Nicole,Vrouwelijk,07/05/2019
Deerlijk,Joël,Mannelijk,07/04/2019
Beersel,Jessica,Vrouwelijk,07/02/2019
Waregem,John,Mannelijk,07/01/2019
Kortrijk,Noël,Mannelijk,07/14/2019
Schilde,Nicolas,Mannelijk,07/14/2019
Aarlen,Arlette,Vrouwelijk,06/25/2019
Halle (Halle-Vilvoorde),Simone,Vrouwelijk,07/06/2019
Asse,Ayoub,Mannelijk,06/28/2019
Eigenbrakel,Guy,Mannelijk,07/12/2019
Destelbergen,Rosa,Vrouwelijk,07/09/2019
Tongeren,Maria,Vrouwelijk,07/06/2019
Sint-Jans-Molenbeek,Florence,Vrouwelijk,07/13/2019
Jalhay,Gabriel,Mannelijk,07/06/2019
Oudergem,Quentin,Mannelijk,07/06/2019
Zottegem,Lara,Vrouwelijk,07/11/2019
Wervik,Jean,Mannelijk,07/13/2019
Ukkel,Hélène,Vrouwelijk,07/12/2019
Blegny,Patricia,Vrouwelijk,07/13/2019
Scherpenheuvel-Zichem,Grietje,Vrouwelijk,07/06/2019
Rochefort,Célestin,Mannelijk,06/30/2019
Frameries,Julienne,Vrouwelijk,07/14/2019
Grimbergen,Pierre,Mannelijk,07/07/2019
Stabroek,Franky,Mannelijk,06/26/2019
Aat,Gaël,Mannelijk,07/06/2019
Gembloux,Nathan,Mannelijk,07/03/2019
Yvoir,Laura,Vrouwelijk,07/16/2019
Edingen,Pauline,Vrouwelijk,07/07/2019
Bilzen,Urbain,Mannelijk,07/17/2019
Herk-de-Stad,Christoph,Mannelijk,07/15/2019
Sivry-Rance,Coralie,Vrouwelijk,07/15/2019
Jabbeke,Alexander,Mannelijk,07/11/2019
Kasteelbrakel,Jonathan,Mannelijk,07/15/2019
Elzele,Henri,Mannelijk,07/06/2019
Doornik,Jacqueline,Vrouwelijk,07/08/2019
Bouillon,Michel,Mannelijk,07/05/2019
Oudergem,Lionel,Mannelijk,07/09/2019
Olen,Kevin,Mannelijk,07/11/2019
Flémalle,Samuel,Mannelijk,07/14/2019
Sint-Lambrechts-Woluwe,Péter,Mannelijk,07/14/2019
Zwevegem,Jordy,Mannelijk,07/11/2019
Kinrooi,Ivo,Mannelijk,07/05/2019
Courcelles,Jean-Claude,Mannelijk,07/04/2019
Gent,Lucia,Vrouwelijk,07/05/2019
Begijnendijk,Christophe,Mannelijk,07/11/2019
Waterloo,Martine,Vrouwelijk,07/08/2019
Charleroi,Geoffrey,Mannelijk,07/02/2019
Bilzen,Ivonne,Vrouwelijk,07/03/2019
Koksijde,Erna,Vrouwelijk,07/12/2019
Charleroi,Kenzo,Mannelijk,07/21/2019
Boechout,Sam,Vrouwelijk,07/02/2019
Zonnebeke,Hilde,Vrouwelijk,07/21/2019
Zemst,Christiaan,Mannelijk,07/10/2019
Brecht,Danny,Mannelijk,06/26/2019
Brussel,Mustapha,Mannelijk,06/26/2019
Westerlo,Jan,Mannelijk,07/06/2019
Jette,Fanny,Vrouwelijk,07/13/2019
Etterbeek,Fabio,Mannelijk,07/07/2019
Sint-Jans-Molenbeek,Naim,Mannelijk,06/29/2019
Beveren (Sint-Niklaas),Nathan,Mannelijk,07/10/2019
Ukkel,Ahmed,Mannelijk,07/03/2019
Grâce-Hollogne,David,Mannelijk,07/06/2019
Kasteelbrakel,Sandrine,Vrouwelijk,07/15/2019
Brussel,Amira,Vrouwelijk,06/26/2019
Elsene,Carole,Vrouwelijk,06/30/2019
Hasselt,Mia,Vrouwelijk,07/12/2019
Beersel,Stefaan,Mannelijk,06/29/2019
Brugge,Nick,Mannelijk,07/14/2019
Juprelle,André,Mannelijk,07/24/2019
Mol,Ann,Vrouwelijk,07/06/2019
Sint-Gillis,Khadija,Vrouwelijk,07/08/2019
Izegem,Jeffrey,Mannelijk,07/12/2019
Sint-Pieters-Woluwe,Anna,Vrouwelijk,07/14/2019
Aalst (Aalst),Miranda,Vrouwelijk,07/14/2019
Genk,Hubertina,Vrouwelijk,08/07/2019
Les Bons Villers,Valentine,Vrouwelijk,07/14/2019
Oostrozebeke,Geert,Mannelijk,07/15/2019
Antwerpen,Joël,Mannelijk,07/12/2019
Philippeville,Eric,Mannelijk,08/04/2019
La Bruyère,Jeannine,Vrouwelijk,07/29/2019
Aarlen,Chantal,Vrouwelijk,07/08/2019
Haacht,Ann,Vrouwelijk,06/27/2019
Tongeren,Elien,Vrouwelijk,07/27/2019
Grimbergen,Geert,Mannelijk,07/14/2019
Hemiksem,Bart,Mannelijk,07/08/2019
Bornem,Katrien,Vrouwelijk,06/30/2019
Sint-Pieters-Leeuw,Daniel,Mannelijk,07/17/2019
Halle (Halle-Vilvoorde),Marie-Rose,Vrouwelijk,07/14/2019
Ham-sur-Heure-Nalinnes,Jeannine,Vrouwelijk,06/25/2019
Pepinster,Eva,Vrouwelijk,07/14/2019
Veurne,Martine,Vrouwelijk,07/31/2019
Erquelinnes,Hélène,Vrouwelijk,07/14/2019
Deinze,Ivo,Mannelijk,07/08/2019
Antwerpen,François,Mannelijk,07/04/2019
Poperinge,Griet,Vrouwelijk,06/26/2019
Zwijndrecht,Julia,Vrouwelijk,07/05/2019
Menen,Tim,Mannelijk,07/05/2019
Anderlecht,Raphaël,Mannelijk,06/26/2019
De Panne,Christine,Vrouwelijk,07/06/2019
Bastenaken,André,Mannelijk,07/06/2019
Verviers,Madeleine,Vrouwelijk,07/07/2019
Ottignies-Louvain-la-Neuve,Brigitte,Vrouwelijk,07/18/2019
Genk,Fabio,Mannelijk,07/09/2019
Sint-Lambrechts-Woluwe,Zahra,Vrouwelijk,07/17/2019
Bree,Irène,Vrouwelijk,07/04/2019
Lommel,Lutgardis,Vrouwelijk,06/28/2019
Oudergem,Jacques,Mannelijk,07/24/2019
Doornik,Stéphanie,Vrouwelijk,06/30/2019
Waregem,Lieve,Vrouwelijk,07/17/2019
Antwerpen,Zehra,Vrouwelijk,08/06/2019
Gent,Jackie,Mannelijk,07/02/2019
Antwerpen,Renée,Vrouwelijk,07/03/2019
Heist-op-den-Berg,Bart,Mannelijk,08/24/2019
Dinant,Jean-Claude,Mannelijk,07/03/2019
Zottegem,Marcel,Mannelijk,06/27/2019
Nijvel,Bernard,Mannelijk,06/29/2019
’s Gravenbrakel,Christiane,Vrouwelijk,07/02/2019
Ganshoren,Claudine,Vrouwelijk,07/05/2019
Vilvoorde,Guy,Mannelijk,07/06/2019
Le Roeulx,David,Mannelijk,07/06/2019
Gent,Wannes,Mannelijk,07/09/2019
Ferrières,Nathalie,Vrouwelijk,07/06/2019
Anderlecht,Nadine,Vrouwelijk,07/18/2019
Colfontaine,Renée,Vrouwelijk,07/06/2019
Bornem,Christine,Vrouwelijk,07/14/2019
Nijvel,Christiane,Vrouwelijk,08/04/2019
Kruibeke,Sonja,Vrouwelijk,07/15/2019
Plombières,Johannes,Mannelijk,07/08/2019
Erpe-Mere,Annelies,Vrouwelijk,07/15/2019
Sint-Niklaas (Sint-Niklaas),Irène,Vrouwelijk,08/06/2019
La Roche-en-Ardenne,Claudine,Vrouwelijk,07/05/2019
Antwerpen,Ahmed,Mannelijk,07/08/2019
Kortessem,Henri,Mannelijk,07/05/2019
Herzele,Brent,Mannelijk,07/01/2019
Luik,François,Mannelijk,07/05/2019
Mechelen,Salima,Vrouwelijk,07/01/2019
Doornik,Amel,Vrouwelijk,07/05/2019
Assenede,Freddy,Mannelijk,07/14/2019
Machelen (Halle-Vilvoorde),Jennifer,Vrouwelijk,07/01/2019
Brecht,Jan,Mannelijk,06/26/2019
Geraardsbergen,Tim,Mannelijk,07/09/2019
Genepiën,Pascale,Vrouwelijk,07/18/2019
Bergen,Farida,Vrouwelijk,07/21/2019
Ukkel,Justine,Vrouwelijk,07/04/2019
Merelbeke,Leander,Mannelijk,07/06/2019
Hove (Antwerpen),Koen,Mannelijk,07/14/2019
Charleroi,Loïc,Mannelijk,07/24/2019
Antwerpen,Raoul,Mannelijk,07/10/2019
Genk,Joseph,Mannelijk,06/25/2019
Wielsbeke,Bart,Mannelijk,06/28/2019
Estaimpuis,Valentin,Mannelijk,07/08/2019
Diksmuide,Daniel,Mannelijk,07/29/2019
Kontich,Greta,Vrouwelijk,07/08/2019
Froidchapelle,Marie,Vrouwelijk,06/25/2019
Hasselt,Peter,Mannelijk,07/12/2019
Vilvoorde,Natalie,Vrouwelijk,07/10/2019
Lobbes,Julien,Mannelijk,08/24/2019
Schaarbeek,Onur,Mannelijk,07/18/2019
Sint-Pieters-Woluwe,Mathieu,Mannelijk,07/05/2019
Ukkel,Suzanne,Vrouwelijk,07/27/2019
Sint-Jans-Molenbeek,Zeeshan,Mannelijk,07/03/2019
Vresse-sur-Semois,André,Mannelijk,07/03/2019
Lebbeke,Frederik,Mannelijk,07/04/2019
Brugge,Geert,Mannelijk,07/11/2019
Watermaal-Bosvoorde,Christelle,Vrouwelijk,07/14/2019
Antwerpen,Mohamed,Mannelijk,07/01/2019
Zulte,Katia,Vrouwelijk,08/30/2019
Gent,Christiane,Vrouwelijk,07/20/2019
Herve,Franck,Mannelijk,07/08/2019
Riemst,Noël,Mannelijk,07/08/2019
Harelbeke,Maria,Vrouwelijk,07/02/2019
Beveren (Sint-Niklaas),Jozef,Mannelijk,07/02/2019
Maaseik,Tessa,Vrouwelijk,06/28/2019
Knokke-Heist,Odette,Vrouwelijk,07/13/2019
Sint-Pieters-Leeuw,Bert,Mannelijk,07/10/2019
Deerlijk,André,Mannelijk,07/04/2019
Affligem,Pascale,Vrouwelijk,07/11/2019
Charleroi,Savvas,Mannelijk,06/29/2019
Antwerpen,Sibel,Vrouwelijk,06/25/2019
Aiseau-Presles,David,Mannelijk,07/10/2019
Doornik,Françoise,Vrouwelijk,07/08/2019
La Louvière,Jessica,Vrouwelijk,07/08/2019
Roeselare,Cas,Mannelijk,07/18/2019
Luik,Jonathan,Mannelijk,07/13/2019
Aalst (Aalst),Wout,Mannelijk,06/25/2019
Ingelmunster,Frida,Vrouwelijk,07/14/2019
Moeskroen,Thao,Mannelijk,07/02/2019
Donceel,Pierre,Mannelijk,07/06/2019
Antwerpen,Tiny,Vrouwelijk,07/29/2019
Stavelot,Grégory,Mannelijk,07/03/2019
Eigenbrakel,Alain,Mannelijk,07/13/2019
Sint-Agatha-Berchem,Pierre,Mannelijk,08/29/2019
Seraing,Nathalie,Vrouwelijk,07/02/2019
Erpe-Mere,Jean,Mannelijk,07/09/2019
Ieper,Fabien,Mannelijk,07/14/2019
Eupen,Miguel,Mannelijk,07/07/2019
Waterloo,Thierry,Mannelijk,07/07/2019
Charleroi,Robin,Mannelijk,07/15/2019
Bertogne,Simon,Mannelijk,07/03/2019
Boechout,Francine,Vrouwelijk,06/30/2019
Mol,Marijn,Mannelijk,07/21/2019
Courcelles,Muriel,Vrouwelijk,07/05/2019
Marche-en-Famenne,Jean-Louis,Mannelijk,07/09/2019
Sint-Niklaas (Sint-Niklaas),Alexander,Mannelijk,07/27/2019
Gent,Filip,Mannelijk,07/06/2019
Luik,Jean,Mannelijk,07/02/2019
Quévy,Raymonde,Vrouwelijk,07/07/2019
Leuven,Anna,Vrouwelijk,07/09/2019
Antwerpen,Reda,Mannelijk,07/13/2019
La Louvière,Alix,Vrouwelijk,07/07/2019
Brecht,Carina,Vrouwelijk,07/08/2019
Kruisem,Hannes,Mannelijk,07/05/2019
Gent,Alexander,Mannelijk,06/27/2019
Gembloux,Vincent,Mannelijk,07/09/2019
Antwerpen,Christiane,Vrouwelijk,07/19/2019
Kapellen (Antwerpen),Ann,Vrouwelijk,07/21/2019
Boussu,Océane,Vrouwelijk,06/30/2019
Maldegem,Francine,Vrouwelijk,07/08/2019
Brugge,Ruben,Mannelijk,07/07/2019
Olen,Stefan,Mannelijk,06/25/2019
Gent,Neli,Vrouwelijk,06/25/2019
Gent,Alfons,Mannelijk,07/07/2019
Aalter,Roland,Mannelijk,07/06/2019
Antwerpen,Souad,Vrouwelijk,07/06/2019
Le Roeulx,Dimitri,Mannelijk,07/12/2019
Lichtervelde,Luc,Mannelijk,06/28/2019
Bitsingen,Charles,Mannelijk,07/06/2019
Wezet,David,Mannelijk,07/05/2019
Antwerpen,Bert,Mannelijk,06/28/2019
Aalst (Aalst),Frans,Mannelijk,08/16/2019
Evere,Ayse,Vrouwelijk,07/04/2019
Evergem,Juliaan,Mannelijk,07/25/2019
Genk,Petrus,Mannelijk,07/03/2019
Blankenberge,Roland,Mannelijk,07/23/2019
Tienen,Albert,Mannelijk,07/11/2019
Oosterzele,Arlette,Vrouwelijk,07/11/2019
Wemmel,Christian,Mannelijk,07/05/2019
Kasteelbrakel,Monique,Vrouwelijk,07/18/2019
Keerbergen,Julienne,Vrouwelijk,07/04/2019
Verviers,René,Mannelijk,07/03/2019
Juprelle,Nicolas,Mannelijk,07/11/2019
Kortenberg,Casper,Mannelijk,07/07/2019
Blankenberge,Antoine,Mannelijk,07/05/2019
Brugge,Dorothée,Vrouwelijk,07/04/2019
Maldegem,Anita,Vrouwelijk,07/26/2019
Beringen,Kevin,Mannelijk,06/28/2019
Gent,Gaëtan,Mannelijk,07/18/2019
Gent,Jacqueline,Vrouwelijk,07/04/2019
Le Roeulx,Henri,Mannelijk,07/02/2019
Ganshoren,Anne,Vrouwelijk,07/12/2019
Péruwelz,Andrée,Vrouwelijk,07/23/2019
Seneffe,Anthony,Mannelijk,07/29/2019
Moeskroen,Florian,Mannelijk,07/09/2019
Charleroi,Jeanne,Vrouwelijk,07/07/2019
Sainte-Ode,Arthur,Mannelijk,08/15/2019
Kortrijk,Jennifer,Vrouwelijk,07/02/2019
Alken,Eva,Vrouwelijk,06/27/2019
Manage,Jean-Marie,Mannelijk,07/04/2019
Oudsbergen,Toon,Mannelijk,07/04/2019
Ans,Tom,Mannelijk,07/07/2019
Brugge,Nathalie,Vrouwelijk,06/25/2019
Wuustwezel,Frank,Mannelijk,07/06/2019
Ukkel,Alexandre,Mannelijk,07/06/2019
Zinnik,Clarisse,Vrouwelijk,07/14/2019
Oudergem,Gabriel,Mannelijk,07/07/2019
Namen,Lucien,Mannelijk,07/07/2019
Welkenraedt,Patrick,Mannelijk,06/28/2019
Ukkel,Ginette,Vrouwelijk,07/29/2019
Grimbergen,Daniel,Mannelijk,06/26/2019
Vorselaar,Peggy,Vrouwelijk,07/03/2019
Gent,Thomas,Mannelijk,07/04/2019
Doornik,Laurent,Mannelijk,07/07/2019
Oostkamp,Paula,Vrouwelijk,07/08/2019
Alken,Magda,Vrouwelijk,07/10/2019
La Louvière,Aurélie,Vrouwelijk,07/04/2019
Antwerpen,Anouar,Mannelijk,07/13/2019
Waver,Morgane,Vrouwelijk,07/06/2019
Schaarbeek,Sophie,Vrouwelijk,07/03/2019
Gent,Caroline,Vrouwelijk,07/06/2019
Bergen,Francesco,Mannelijk,06/26/2019
Gent,Dilara,Vrouwelijk,07/02/2019
Hoeselt,Jill,Vrouwelijk,07/24/2019
Nassogne,Léo,Mannelijk,06/25/2019
Oud-Turnhout,Nico,Mannelijk,07/28/2019
Kaprijke,Heidi,Vrouwelijk,07/06/2019
Sint-Pieters-Leeuw,Linda,Vrouwelijk,06/29/2019
Brussel,Pascal,Mannelijk,07/22/2019
Borgworm,Daniel,Mannelijk,07/03/2019
Moorslede,Ella,Vrouwelijk,07/23/2019
Anderlecht,Jawad,Mannelijk,07/24/2019
Rotselaar,Johan,Mannelijk,07/08/2019
Aalst (Aalst),Paula,Vrouwelijk,07/15/2019
Walcourt,Steve,Mannelijk,07/06/2019
Mortsel,Anaïs,Vrouwelijk,07/10/2019
Ranst,Josepha,Vrouwelijk,07/21/2019
Izegem,Mireille,Vrouwelijk,07/08/2019
Herve,Marie-Thérèse,Vrouwelijk,06/29/2019
Zonhoven,Laura,Vrouwelijk,07/02/2019
Brugge,Nathan,Mannelijk,07/27/2019
Antwerpen,Tanja,Vrouwelijk,07/07/2019
Hasselt,Veronique,Vrouwelijk,07/12/2019
Luik,Dominique,Vrouwelijk,07/27/2019
Wezembeek-Oppem,Sebastian,Mannelijk,07/10/2019
Anderlecht,Marek,Mannelijk,06/30/2019
Doornik,Candice,Vrouwelijk,07/07/2019
Namen,Nicolas,Mannelijk,07/12/2019
Leuven,Maria,Vrouwelijk,07/16/2019
Libramont-Chevigny,Etienne,Mannelijk,07/12/2019
Antwerpen,Mimouna,Vrouwelijk,07/03/2019
Anderlecht,El,Mannelijk,07/07/2019
Zottegem,Isabel,Vrouwelijk,07/09/2019
Etalle,Manon,Vrouwelijk,06/28/2019
Vielsalm,Josianne,Vrouwelijk,07/09/2019
Leopoldsburg,Maria,Vrouwelijk,07/05/2019
Luik,Elizabeth,Vrouwelijk,07/11/2019
Beloeil,Mathieu,Mannelijk,06/25/2019
Koksijde,Dirk,Mannelijk,07/06/2019
Riemst,Noah,Mannelijk,07/07/2019
Saint-Ghislain,Christine,Vrouwelijk,07/04/2019
Antwerpen,Anna,Vrouwelijk,07/13/2019
Oudsbergen,Maarten,Mannelijk,07/10/2019
Anhée,Arlette,Vrouwelijk,07/13/2019
Aat,Ugo,Mannelijk,07/05/2019
Oostende,Chelsea,Vrouwelijk,07/02/2019
Boortmeerbeek,Mark,Mannelijk,07/11/2019
Charleroi,Christophe,Mannelijk,06/28/2019
Waterloo,Muriel,Vrouwelijk,07/05/2019
Sint-Gillis-Waas,Carine,Vrouwelijk,07/15/2019
Lommel,Stijn,Mannelijk,07/02/2019
Denderleeuw,Noah,Mannelijk,07/06/2019
Profondeville,Stéphane,Mannelijk,07/26/2019
De Haan,Eric,Mannelijk,07/03/2019
Jurbeke,Marcel,Mannelijk,07/04/2019
Ninove,Robert,Mannelijk,06/27/2019
Herent,Ewout,Mannelijk,07/05/2019
Dendermonde,Tess,Vrouwelijk,07/09/2019
Pont-à-Celles,Michel,Mannelijk,07/15/2019
Sprimont,Hugo,Mannelijk,07/07/2019
Florennes,Bernadette,Vrouwelijk,07/21/2019
Charleroi,Tom,Mannelijk,07/13/2019
Brussel,Anna,Vrouwelijk,07/20/2019
Sint-Niklaas (Sint-Niklaas),Emma,Vrouwelijk,06/29/2019
Blankenberge,Hendrik,Mannelijk,07/06/2019
Genk,Sabri,Mannelijk,08/06/2019
Deinze,Tim,Mannelijk,07/09/2019
Zottegem,Raymond,Mannelijk,07/08/2019
Tielt (Tielt),Roger,Mannelijk,06/25/2019
Les Bons Villers,Frédéric,Mannelijk,07/07/2019
Leuven,Klara,Vrouwelijk,07/24/2019
Blankenberge,Nicole,Vrouwelijk,07/03/2019
Brugge,Vincent,Mannelijk,07/07/2019
Schaarbeek,Guillaume,Mannelijk,07/07/2019
Oosterzele,Katleen,Vrouwelijk,07/20/2019
Hasselt,Rita,Vrouwelijk,07/01/2019
Herent,Dirk,Mannelijk,07/11/2019
Flémalle,Salvatore,Mannelijk,07/05/2019
Nazareth,Didier,Mannelijk,07/17/2019
De Pinte,Jennifer,Vrouwelijk,06/25/2019
Gembloux,Augustin,Mannelijk,07/17/2019
Hoei,Nina,Vrouwelijk,07/06/2019
Alken,Camille,Vrouwelijk,07/12/2019
Huldenberg,Caroline,Vrouwelijk,07/09/2019
Saint-Ghislain,Marc,Mannelijk,07/23/2019
Charleroi,Kévin,Mannelijk,07/18/2019
Hamont-Achel,Maria,Vrouwelijk,07/17/2019
Charleroi,Vincent,Mannelijk,07/03/2019
Eigenbrakel,Jacqueline,Vrouwelijk,07/02/2019
Putte,Lara,Vrouwelijk,07/13/2019
Brussel,Elisabeth,Vrouwelijk,06/30/2019
Brecht,Aurélie,Vrouwelijk,07/08/2019
Blankenberge,Luc,Mannelijk,07/08/2019
Antwerpen,Jozef,Mannelijk,07/02/2019
Quaregnon,Bernadette,Vrouwelijk,06/29/2019
Luik,Valentine,Vrouwelijk,07/05/2019
Gent,Evelien,Vrouwelijk,06/30/2019
Temse,Annita,Vrouwelijk,07/02/2019
Orp-Jauche,Louise,Vrouwelijk,07/09/2019
Watermaal-Bosvoorde,Nelly,Vrouwelijk,07/09/2019
Diepenbeek,An,Vrouwelijk,07/04/2019
Oudenaarde,Paul,Mannelijk,07/13/2019
Pelt,Anja,Vrouwelijk,07/06/2019
Willebroek,Yunus,Mannelijk,07/01/2019
Wijnegem,Nils,Mannelijk,07/07/2019
Damme,Geert,Mannelijk,07/03/2019
Herstal,Michaël,Mannelijk,07/06/2019
Mechelen,Dina,Vrouwelijk,07/10/2019
Bergen,Emanuela,Vrouwelijk,07/25/2019
Antwerpen,Yoko,Vrouwelijk,07/12/2019
Arendonk,Wilhelmus,Mannelijk,06/25/2019
Aiseau-Presles,Alicia,Vrouwelijk,07/15/2019
Graven,Kylian,Mannelijk,07/06/2019
Herent,Lydia,Vrouwelijk,07/01/2019
Herve,Maria,Vrouwelijk,07/07/2019
Brugge,Lara,Vrouwelijk,06/29/2019
Avelgem,Marie,Vrouwelijk,07/01/2019
Charleroi,Loubna,Vrouwelijk,07/05/2019
Houthulst,Jeannine,Vrouwelijk,07/10/2019
Elsene,Myriam,Vrouwelijk,06/29/2019
Schilde,Linda,Vrouwelijk,07/24/2019
Hasselt,Valère,Mannelijk,07/11/2019
Herzele,Antoine,Mannelijk,06/27/2019
Antwerpen,Victor,Mannelijk,06/30/2019
Oudenaarde,Elsje,Vrouwelijk,07/10/2019
Marche-en-Famenne,Zélie,Vrouwelijk,07/13/2019
Zinnik,Pascal,Mannelijk,07/13/2019
Turnhout,Margot,Vrouwelijk,07/04/2019
Viroinval,Yves,Mannelijk,07/22/2019
Gembloux,Daniel,Mannelijk,07/02/2019
Nazareth,Kathy,Vrouwelijk,07/15/2019
Chaudfontaine,Elodie,Vrouwelijk,07/06/2019
Trois-Ponts,Nathan,Mannelijk,07/06/2019
Antwerpen,Jessica,Vrouwelijk,07/05/2019
Schaarbeek,Ilie,Mannelijk,07/20/2019
Torhout,Marina,Vrouwelijk,07/08/2019
Brugge,Rosalie,Vrouwelijk,07/08/2019
Rebecq,Mathias,Mannelijk,07/11/2019
Brakel,Wim,Mannelijk,07/03/2019
Bergen,Laetitia,Vrouwelijk,06/25/2019
Etterbeek,Paula,Vrouwelijk,06/26/2019
Blegny,Florian,Mannelijk,07/07/2019
Brunehaut,Claude,Mannelijk,06/25/2019
Charleroi,Martin,Mannelijk,07/19/2019
Oud-Heverlee,Joren,Mannelijk,07/07/2019
Ronse,Nancy,Vrouwelijk,07/12/2019
Bergen,Yanis,Mannelijk,07/01/2019
Zwevegem,Walter,Mannelijk,07/05/2019
Moeskroen,Chantal,Vrouwelijk,07/06/2019
Thimister-Clermont,Maxime,Mannelijk,07/03/2019
Zedelgem,Elke,Vrouwelijk,06/25/2019
Geetbets,Hans,Mannelijk,07/18/2019
Leuven,Carla,Vrouwelijk,07/04/2019
Menen,Ilse,Vrouwelijk,07/04/2019
Sint-Niklaas (Sint-Niklaas),Hannes,Mannelijk,07/11/2019
Charleroi,Jonathan,Mannelijk,07/08/2019
Hamont-Achel,Yannick,Mannelijk,07/05/2019
Virton,Christophe,Mannelijk,07/10/2019
Beringen,Theophiel,Mannelijk,07/06/2019
Antwerpen,Simonne,Vrouwelijk,07/14/2019
Nijvel,Daniel,Mannelijk,07/08/2019
Jalhay,Marie,Vrouwelijk,07/06/2019
Rochefort,Thierry,Mannelijk,07/03/2019
Elsene,Axelle,Vrouwelijk,06/25/2019
Scherpenheuvel-Zichem,Angela,Vrouwelijk,07/01/2019
Waterloo,Maria,Vrouwelijk,07/11/2019
Westerlo,Senne,Mannelijk,07/28/2019
Namen,François,Mannelijk,07/25/2019
Brussel,Robert,Mannelijk,07/17/2019
Luik,Paulette,Vrouwelijk,07/16/2019
Schilde,Hendrik,Mannelijk,07/09/2019
Bonheiden,Jan,Mannelijk,07/10/2019
Zemst,Francis,Mannelijk,07/04/2019
Geldenaken,Laurent,Mannelijk,07/25/2019
Haaltert,Maggy,Vrouwelijk,06/28/2019
Sint-Jans-Molenbeek,Caterina,Vrouwelijk,06/25/2019
Stavelot,Laura,Vrouwelijk,06/26/2019
Roeselare,Martien,Vrouwelijk,07/04/2019
Geldenaken,Serge,Mannelijk,07/29/2019
Brecht,Julie,Vrouwelijk,07/27/2019
Charleroi,Johann,Mannelijk,07/13/2019
Ans,Calogera,Vrouwelijk,07/09/2019
Kortrijk,Daniël,Mannelijk,07/12/2019
Bredene,Jenny,Vrouwelijk,06/26/2019
Kalmthout,Sten,Mannelijk,07/05/2019
Roeselare,Chris,Mannelijk,07/17/2019
Zinnik,Emma,Vrouwelijk,06/28/2019
Tremelo,Magda,Vrouwelijk,07/05/2019
Bonheiden,Ronald,Mannelijk,07/14/2019
La Louvière,Dorian,Mannelijk,06/30/2019
Anderlecht,Assma,Vrouwelijk,07/13/2019
Sint-Joost-ten-Node,Döndü,Vrouwelijk,07/11/2019
Charleroi,Carine,Vrouwelijk,07/03/2019
Haaltert,Kim,Mannelijk,06/27/2019
Antwerpen,Jonathan,Mannelijk,07/15/2019
Knokke-Heist,Patrick,Mannelijk,07/21/2019
Gent,Christine,Vrouwelijk,07/08/2019
Verviers,Marie,Vrouwelijk,07/15/2019
Willebroek,Nour,Vrouwelijk,06/30/2019
Antwerpen,Julien,Mannelijk,06/28/2019
Oostrozebeke,Kathy,Vrouwelijk,07/09/2019
Sint-Truiden,Tim,Mannelijk,07/11/2019
Genk,Hüseyin,Mannelijk,07/06/2019
Beveren (Sint-Niklaas),Maxime,Vrouwelijk,07/05/2019
Kontich,Julien,Mannelijk,07/04/2019
Westerlo,Margareta,Vrouwelijk,07/04/2019
Herstal,Immacolata,Vrouwelijk,07/09/2019
Bevekom,Margot,Vrouwelijk,07/02/2019
Schaarbeek,Mohamed,Mannelijk,07/02/2019
Namen,Louis,Mannelijk,07/24/2019
Ledegem,Femke,Vrouwelijk,07/23/2019
Braives,Thomas,Mannelijk,07/04/2019
Wervik,Pedro,Mannelijk,06/30/2019
Aalst (Aalst),Michèle,Vrouwelijk,07/02/2019
Villers-Le-Bouillet,Philippe,Mannelijk,07/03/2019
Stekene,Anne,Vrouwelijk,07/03/2019
Antwerpen,Salma,Vrouwelijk,07/22/2019
Lievegem,Guy,Mannelijk,06/28/2019
Brakel,Luc,Mannelijk,07/03/2019
Kapellen (Antwerpen),Johan,Mannelijk,07/12/2019
Antwerpen,Guido,Mannelijk,07/08/2019
Spa,Emile,Mannelijk,07/13/2019
Luik,Jeanne,Vrouwelijk,07/08/2019
Mol,Johan,Mannelijk,08/14/2019
Aalst (Aalst),Rudi,Mannelijk,07/05/2019
Roeselare,Evelien,Vrouwelijk,07/02/2019
Kasterlee,Jozef,Mannelijk,07/17/2019
Sint-Niklaas (Sint-Niklaas),Florin,Mannelijk,07/12/2019
Modave,Sylvie,Vrouwelijk,07/09/2019
Hasselt,Eddy,Mannelijk,06/28/2019
Aarlen,Martin,Mannelijk,06/29/2019
Westerlo,Maria,Vrouwelijk,07/06/2019
Kortrijk,Nicole,Vrouwelijk,07/01/2019
Antwerpen,Janvier,Mannelijk,07/21/2019
Blankenberge,Sandra,Vrouwelijk,07/08/2019
Antwerpen,Denise,Vrouwelijk,07/04/2019
Opzullik,Jules,Mannelijk,06/29/2019
Middelkerke,Norbert,Mannelijk,07/02/2019
Sint-Agatha-Berchem,Angelo,Mannelijk,07/03/2019
Luik,Matilde,Vrouwelijk,07/04/2019
Beerse,Guido,Mannelijk,07/08/2019
Ternat,Pierre,Mannelijk,07/08/2019
Aalst (Aalst),Marleen,Vrouwelijk,07/09/2019
Torhout,Gabriël,Mannelijk,06/30/2019
Aartselaar,Kevin,Mannelijk,07/05/2019
Antwerpen,Tessa,Vrouwelijk,07/15/2019
Schoten,Marijke,Vrouwelijk,07/04/2019
Evergem,Daniel,Mannelijk,07/03/2019
Blankenberge,Camiel,Mannelijk,07/07/2019
Herstal,Andrée,Vrouwelijk,07/04/2019
Brussel,Elena,Vrouwelijk,07/01/2019
Oosterzele,Mauro,Mannelijk,07/04/2019
Luik,Julia,Vrouwelijk,07/03/2019
Sombreffe,Isabelle,Vrouwelijk,07/07/2019
Vorst (Brussel-Hoofdstad),Joseph,Mannelijk,07/06/2019
Merelbeke,Jasper,Mannelijk,06/30/2019
Ardooie,Evelien,Vrouwelijk,06/30/2019
Aubange,René,Mannelijk,06/29/2019
Le Roeulx,Julie,Vrouwelijk,07/11/2019
Evergem,Pierre,Mannelijk,07/15/2019
Chaumont-Gistoux,Léa,Vrouwelijk,07/21/2019
Antoing,Grégory,Mannelijk,06/29/2019
Antwerpen,August,Mannelijk,07/12/2019
Virton,Olivier,Mannelijk,07/26/2019
Halle (Halle-Vilvoorde),Cindy,Vrouwelijk,07/07/2019
Antwerpen,Ariana,Vrouwelijk,07/28/2019
Aalter,Franky,Mannelijk,07/14/2019
Vorst (Brussel-Hoofdstad),Nadia,Vrouwelijk,07/06/2019
Ottignies-Louvain-la-Neuve,Jean,Mannelijk,07/07/2019
Binche,Andy,Mannelijk,07/07/2019
Flémalle,Thierry,Mannelijk,07/12/2019
Wanze,Sabine,Vrouwelijk,07/14/2019
Herstal,Roxane,Vrouwelijk,07/06/2019
Olen,Greta,Vrouwelijk,07/02/2019
Temse,Mathias,Mannelijk,07/03/2019
Chaumont-Gistoux,Marion,Vrouwelijk,06/26/2019
Ecaussinnes,Florence,Vrouwelijk,06/25/2019
Hemiksem,Michel,Mannelijk,07/03/2019
Bilzen,Elke,Vrouwelijk,07/15/2019
Bredene,Jean,Mannelijk,07/08/2019
Aalter,Annie,Vrouwelijk,07/05/2019
Sint-Niklaas (Sint-Niklaas),Catharina,Vrouwelijk,07/05/2019
Doornik,Martine,Vrouwelijk,07/13/2019
Beringen,Catharina,Vrouwelijk,07/16/2019
Brugge,Walter,Mannelijk,07/29/2019
Lebbeke,Ingeborg,Vrouwelijk,07/04/2019
Elsene,Polina,Vrouwelijk,06/29/2019
Roeselare,Georges,Mannelijk,07/28/2019
Moeskroen,Alexandre,Mannelijk,07/05/2019
Putte,Jan,Mannelijk,07/06/2019
Hulshout,Lukas,Mannelijk,07/09/2019
Koksijde,Eric,Mannelijk,06/26/2019
Frasnes-lez-Anvaing,Catherine,Vrouwelijk,07/11/2019
Sint-Gillis-Waas,Nancy,Vrouwelijk,06/29/2019
Edegem,Sylvia,Vrouwelijk,07/02/2019
Sint-Jans-Molenbeek,Sarah,Vrouwelijk,06/30/2019
Diepenbeek,Robin,Mannelijk,07/06/2019
Luik,Jeannine,Vrouwelijk,07/29/2019
Sint-Gillis,Roxane,Vrouwelijk,07/02/2019
Boortmeerbeek,Peter,Mannelijk,07/06/2019
Boechout,Joris,Mannelijk,06/26/2019
Merchtem,Mireille,Vrouwelijk,07/07/2019
Oudergem,Jean,Mannelijk,07/03/2019
Rijkevorsel,Roger,Mannelijk,07/16/2019
La Louvière,Christiane,Vrouwelijk,07/06/2019
Oostende,Gino,Mannelijk,07/06/2019
Luik,Guillaume,Mannelijk,06/28/2019
Schaarbeek,Emre,Mannelijk,06/27/2019
Opwijk,Vincent,Mannelijk,07/15/2019
Brecht,Daniel,Mannelijk,07/14/2019
Grâce-Hollogne,Jeanine,Vrouwelijk,07/03/2019
Lokeren,Eric,Mannelijk,07/12/2019
Brugge,Marie,Vrouwelijk,07/11/2019
Spa,Mathieu,Mannelijk,07/11/2019
Oupeye,Louisa,Vrouwelijk,06/25/2019
Jalhay,Patrick,Mannelijk,07/11/2019
Kontich,Kristin,Vrouwelijk,07/05/2019
Mechelen,Kristel,Vrouwelijk,07/01/2019
Retie,Ella,Vrouwelijk,07/14/2019
Veurne,Jan,Mannelijk,07/22/2019
Wezembeek-Oppem,Florian,Mannelijk,07/09/2019
Oostende,Magali,Vrouwelijk,07/15/2019
Rotselaar,Jean,Mannelijk,06/30/2019
Brussel,Lina,Vrouwelijk,07/11/2019
Hamont-Achel,Brenda,Vrouwelijk,06/25/2019
Chièvres,Dominique,Mannelijk,07/05/2019
