gemeente,naam,geslacht,verwachte datum
Roeselare,Dorothy,Vrouwelijk,09/27/2019
Knokke-Heist,Huguette,Vrouwelijk,09/25/2019
Binche,Julien,Mannelijk,09/20/2019
Izegem,Ewout,Mannelijk,09/25/2019
Grimbergen,Michèle,Vrouwelijk,09/25/2019
Laakdal,Vera,Vrouwelijk,09/23/2019
Ledegem,Bruno,Mannelijk,09/22/2019
Brecht,Rudiger,Mannelijk,11/21/2019
Mettet,Victor,Mannelijk,09/17/2019
Edegem,Els,Vrouwelijk,09/25/2019
Awans,Julie,Vrouwelijk,10/02/2019
Spa,Kevin,Mannelijk,10/06/2019
Luik,Axelle,Vrouwelijk,09/28/2019
Herstal,Andy,Mannelijk,10/04/2019
Dilbeek,Linn,Vrouwelijk,09/19/2019
Namen,Joséphine,Vrouwelijk,09/25/2019
Destelbergen,Lowie,Mannelijk,11/06/2019
Mechelen,Matthias,Mannelijk,09/17/2019
Oupeye,Jean-Paul,Mannelijk,09/19/2019
Waregem,Isabelle,Vrouwelijk,09/19/2019
Antwerpen,Paul,Mannelijk,10/04/2019
Doornik,Etienne,Mannelijk,09/24/2019
Rumst,Maria,Vrouwelijk,09/27/2019
Antwerpen,Mariola,Vrouwelijk,09/20/2019
Sint-Pieters-Woluwe,David,Mannelijk,09/24/2019
Gesves,Vincent,Mannelijk,10/05/2019
Rendeux,Cédric,Mannelijk,09/28/2019
Schaarbeek,Cristian,Mannelijk,09/22/2019
La Louvière,Yamina,Vrouwelijk,10/02/2019
Waregem,Debby,Vrouwelijk,09/24/2019
Kalmthout,Jan,Mannelijk,09/23/2019
Beerse,Veronique,Vrouwelijk,09/22/2019
Brussel,Asma,Vrouwelijk,10/05/2019
Antwerpen,Elisabeth,Vrouwelijk,09/25/2019
Koekelberg,Catalin,Mannelijk,09/28/2019
Aalst (Aalst),Zita,Vrouwelijk,10/03/2019
Tielt (Tielt),Patricia,Vrouwelijk,10/02/2019
Buggenhout,Peter,Mannelijk,09/17/2019
Lier,Monique,Vrouwelijk,10/05/2019
Kortemark,Annelies,Vrouwelijk,09/19/2019
Verviers,Taha,Mannelijk,10/02/2019
Sint-Agatha-Berchem,Mohammed,Mannelijk,09/22/2019
Diest,Annie,Vrouwelijk,10/29/2019
Diepenbeek,Wouter,Mannelijk,09/22/2019
Brugge,Veerle,Vrouwelijk,10/02/2019
Wuustwezel,Robin,Mannelijk,10/01/2019
Büllingen,Marion,Vrouwelijk,10/12/2019
Binche,Pascal,Mannelijk,09/29/2019
Herve,Danielle,Vrouwelijk,10/02/2019
Ciney,Francis,Mannelijk,09/22/2019
Sint-Lambrechts-Woluwe,Erwan,Mannelijk,10/04/2019
Merchtem,Pierre,Mannelijk,10/20/2019
Saint-Nicolas (Luik),Alexis,Mannelijk,09/25/2019
Gent,Daniela,Vrouwelijk,10/05/2019
Herstal,Nathan,Mannelijk,09/29/2019
Fléron,Angela,Vrouwelijk,10/06/2019
Namen,Axel,Mannelijk,09/23/2019
Dendermonde,Patrick,Mannelijk,09/30/2019
Meise,Karel,Mannelijk,10/05/2019
Sint-Lambrechts-Woluwe,Elisabeth,Vrouwelijk,09/17/2019
Haacht,Hanne,Vrouwelijk,10/01/2019
Kortrijk,Heidi,Vrouwelijk,09/26/2019
Avelgem,Jens,Mannelijk,10/06/2019
Brussel,Joëlle,Vrouwelijk,09/27/2019
Mechelen,Khalid,Mannelijk,10/12/2019
Heusden-Zolder,Louisa,Vrouwelijk,09/18/2019
Dilbeek,Joy,Vrouwelijk,10/04/2019
Gent,Zeyneb,Vrouwelijk,10/04/2019
Colfontaine,Marc,Mannelijk,10/01/2019
Luik,Adrien,Mannelijk,09/24/2019
Opwijk,Nathalie,Vrouwelijk,09/26/2019
Theux,Léa,Vrouwelijk,10/04/2019
Waasmunster,Melissa,Vrouwelijk,09/27/2019
Nijvel,Emilien,Mannelijk,09/26/2019
Luik,Abderrahim,Mannelijk,09/29/2019
Lierneux,Aurélie,Vrouwelijk,09/29/2019
Tremelo,Greta,Vrouwelijk,10/03/2019
Aubange,Joao,Mannelijk,09/25/2019
Brussel,Alessandro,Mannelijk,09/20/2019
Schaarbeek,Claudine,Vrouwelijk,09/17/2019
Herstal,Mohamed,Mannelijk,09/24/2019
Tubeke,Angèle,Vrouwelijk,10/01/2019
Zwalm,Eline,Vrouwelijk,09/25/2019
Mol,Liliane,Vrouwelijk,10/06/2019
Brussel,Rania,Vrouwelijk,09/23/2019
Zoutleeuw,Laura,Vrouwelijk,09/23/2019
Soumagne,Sophie,Vrouwelijk,10/06/2019
Asse,Martine,Vrouwelijk,09/30/2019
Leuven,Didier,Mannelijk,09/28/2019
Sint-Gillis,Laetitia,Vrouwelijk,10/11/2019
Rixensart,Martine,Vrouwelijk,09/25/2019
Leuven,Grietje,Vrouwelijk,09/27/2019
Zaventem,Valerie,Vrouwelijk,09/30/2019
Oudsbergen,Theodoor,Mannelijk,09/23/2019
Antwerpen,Stéphane,Mannelijk,09/28/2019
Vaux-sur-Sûre,Chloé,Vrouwelijk,09/30/2019
Wuustwezel,Cato,Vrouwelijk,09/18/2019
Oudsbergen,Inge,Vrouwelijk,09/29/2019
Grimbergen,Elina,Vrouwelijk,10/20/2019
Brussel,Nadra,Vrouwelijk,10/09/2019
Doornik,Antoine,Mannelijk,09/24/2019
’s Gravenbrakel,Marie-Paule,Vrouwelijk,09/29/2019
Ukkel,Anne,Vrouwelijk,09/29/2019
Boortmeerbeek,Filip,Mannelijk,09/30/2019
Waregem,Mia,Vrouwelijk,09/25/2019
Jette,Jacqueline,Vrouwelijk,09/16/2019
Zinnik,Philippe,Mannelijk,09/17/2019
Ninove,Daniëlle,Vrouwelijk,09/24/2019
Anderlecht,Albert,Mannelijk,10/15/2019
Mortsel,Lydia,Vrouwelijk,10/22/2019
Deerlijk,Sabrina,Vrouwelijk,10/20/2019
Heist-op-den-Berg,Joanna,Vrouwelijk,10/01/2019
Brugge,Romain,Mannelijk,09/29/2019
Tessenderlo,Sandra,Vrouwelijk,09/24/2019
Merelbeke,Tim,Mannelijk,09/26/2019
Etterbeek,Aziz,Mannelijk,09/18/2019
Durbuy,Sandy,Vrouwelijk,10/07/2019
Namen,Héloïse,Vrouwelijk,10/07/2019
Charleroi,Ornella,Vrouwelijk,09/27/2019
Waver,Christophe,Mannelijk,09/18/2019
Holsbeek,Liam,Mannelijk,09/25/2019
Saint-Léger (Virton),Maxime,Mannelijk,10/17/2019
Courcelles,Aurélien,Mannelijk,10/03/2019
Oudenaarde,Antoine,Mannelijk,09/23/2019
Ciney,Jean,Mannelijk,09/22/2019
Bitsingen,Ludovic,Mannelijk,09/18/2019
Hasselt,Patricia,Vrouwelijk,10/19/2019
Aalst (Aalst),Dries,Mannelijk,09/27/2019
Eigenbrakel,Julie,Vrouwelijk,09/19/2019
Beernem,Jasper,Mannelijk,10/06/2019
Herentals,Patrick,Mannelijk,09/20/2019
Lint,Rudi,Mannelijk,10/03/2019
Knokke-Heist,Bernadette,Vrouwelijk,09/23/2019
Brakel,Veerle,Vrouwelijk,10/10/2019
Boom,Sanaa,Vrouwelijk,10/06/2019
Lommel,Maria,Vrouwelijk,10/11/2019
Tubeke,Jean-Claude,Mannelijk,10/20/2019
Antwerpen,Vanessa,Vrouwelijk,09/26/2019
Bergen,Kévin,Mannelijk,09/16/2019
Rumst,Vincent,Mannelijk,10/02/2019
Kasterlee,Kristel,Vrouwelijk,09/29/2019
Oupeye,Nelly,Vrouwelijk,09/23/2019
Heist-op-den-Berg,Mathilda,Vrouwelijk,09/29/2019
Zwevegem,Ilse,Vrouwelijk,09/24/2019
Antwerpen,Fatima,Vrouwelijk,09/22/2019
Mettet,Pierre,Mannelijk,09/23/2019
Balen,Rudy,Mannelijk,10/15/2019
Dendermonde,Monique,Vrouwelijk,09/22/2019
Affligem,Ilse,Vrouwelijk,09/23/2019
Jemeppe-sur-Sambre,Marianne,Vrouwelijk,09/27/2019
Gent,Lars,Mannelijk,10/04/2019
Antwerpen,Farah,Vrouwelijk,09/28/2019
Anhée,Philippe,Mannelijk,09/21/2019
Ganshoren,Justine,Vrouwelijk,09/24/2019
Dentergem,Bert,Mannelijk,09/27/2019
Brasschaat,Chantal,Vrouwelijk,09/23/2019
Lievegem,Bruno,Mannelijk,09/28/2019
Genk,Martin,Mannelijk,10/06/2019
Ukkel,Baptiste,Mannelijk,09/28/2019
Lokeren,Paula,Vrouwelijk,10/01/2019
Amay,Vincent,Mannelijk,09/27/2019
Mechelen,Yassine,Mannelijk,10/02/2019
Gent,Michèle,Vrouwelijk,09/26/2019
Meerhout,Lander,Mannelijk,10/05/2019
Ukkel,Adrien,Mannelijk,10/03/2019
Colfontaine,Guillaume,Mannelijk,09/21/2019
Watermaal-Bosvoorde,Cédric,Mannelijk,09/23/2019
Oostrozebeke,Thierry,Mannelijk,09/28/2019
Namen,Jean-Marie,Mannelijk,09/27/2019
Antwerpen,Mohamed,Mannelijk,09/23/2019
Houthalen-Helchteren,Gabriele,Mannelijk,09/26/2019
Herve,Colette,Vrouwelijk,10/17/2019
Elsene,Dimitra,Vrouwelijk,10/17/2019
Luik,Ingrid,Vrouwelijk,09/22/2019
Beerse,Christel,Vrouwelijk,10/01/2019
Watermaal-Bosvoorde,Johanna,Vrouwelijk,10/05/2019
Fontaine-l’Evêque,Fabienne,Vrouwelijk,09/20/2019
Aarlen,Jacqueline,Vrouwelijk,09/25/2019
Assesse,Jeanne,Vrouwelijk,09/18/2019
Lievegem,Karina,Vrouwelijk,10/03/2019
Charleroi,Cédric,Mannelijk,09/28/2019
Aat,Walter,Mannelijk,09/19/2019
Wetteren,Lina,Vrouwelijk,09/25/2019
Veurne,Karel,Mannelijk,09/19/2019
Aalter,Andrea,Vrouwelijk,09/25/2019
Herk-de-Stad,Milan,Mannelijk,10/18/2019
Kortenaken,Anna,Vrouwelijk,10/06/2019
Ninove,Davy,Mannelijk,09/25/2019
Luik,Philippe,Mannelijk,10/07/2019
Namen,Rémi,Mannelijk,10/03/2019
Ham-sur-Heure-Nalinnes,Olivier,Mannelijk,09/23/2019
Yvoir,Mireille,Vrouwelijk,09/18/2019
Pont-à-Celles,Céline,Vrouwelijk,10/08/2019
Ternat,Kristof,Mannelijk,09/27/2019
Wijnegem,Jozef,Mannelijk,10/08/2019
Aalter,Maurits,Mannelijk,09/30/2019
Sint-Jans-Molenbeek,Camil,Mannelijk,10/06/2019
Oostrozebeke,Marleen,Vrouwelijk,10/17/2019
Machelen (Halle-Vilvoorde),Karel,Mannelijk,10/18/2019
Chaumont-Gistoux,Brigitte,Vrouwelijk,09/30/2019
Leuze-en-Hainaut,Guy,Mannelijk,09/17/2019
Kinrooi,Maria,Vrouwelijk,09/19/2019
Schaarbeek,Eymen,Mannelijk,10/06/2019
Lierde,Julien,Mannelijk,09/23/2019
Houyet,Vanessa,Vrouwelijk,09/27/2019
Saint-Georges-sur-Meuse,Liliane,Vrouwelijk,10/13/2019
Aat,Eddy,Mannelijk,09/30/2019
Aalter,Jana,Vrouwelijk,09/28/2019
Bilzen,Catharina,Vrouwelijk,09/23/2019
Grâce-Hollogne,Catherine,Vrouwelijk,09/18/2019
Waver,Thibaut,Mannelijk,09/27/2019
Oupeye,Yanis,Mannelijk,09/25/2019
Scherpenheuvel-Zichem,Patricia,Vrouwelijk,09/20/2019
Anderlecht,Jennifer,Vrouwelijk,09/28/2019
Lievegem,Lucretia,Vrouwelijk,09/28/2019
Aalst (Aalst),Jeanine,Vrouwelijk,09/16/2019
Virton,Kelly,Vrouwelijk,09/23/2019
Beringen,Maria,Vrouwelijk,10/01/2019
Ninove,Omer,Mannelijk,09/29/2019
Fauvillers,Myriam,Vrouwelijk,09/18/2019
Fontaine-l’Evêque,Fabian,Mannelijk,09/27/2019
Izegem,Rita,Vrouwelijk,09/24/2019
Pelt,Alda,Vrouwelijk,10/01/2019
Geel,Tania,Vrouwelijk,10/31/2019
Grimbergen,Laurent,Mannelijk,09/30/2019
Willebroek,Patricia,Vrouwelijk,09/30/2019
Puurs-Sint-Amands,Jelle,Mannelijk,09/30/2019
Sambreville,Jimmy,Mannelijk,10/01/2019
Hasselt,Rosalie,Vrouwelijk,10/07/2019
Opwijk,Elke,Vrouwelijk,09/23/2019
Wanze,Jean-Pierre,Mannelijk,09/27/2019
Roeselare,Nancy,Vrouwelijk,09/28/2019
Tielt-Winge,Noa,Vrouwelijk,10/05/2019
Waregem,Michel,Mannelijk,10/05/2019
Lierde,Stan,Mannelijk,09/26/2019
Ciney,Eden,Mannelijk,09/27/2019
Marchin,Jean,Mannelijk,09/30/2019
Lubbeek,Heidi,Vrouwelijk,10/16/2019
Kinrooi,Mathieu,Mannelijk,09/23/2019
Antwerpen,Aloïs,Mannelijk,09/26/2019
Mechelen,Frans,Mannelijk,10/01/2019
Brugge,Rafaël,Mannelijk,10/05/2019
Brasschaat,Monique,Vrouwelijk,10/02/2019
Baelen,Pascal,Mannelijk,09/24/2019
Overijse,Léa,Vrouwelijk,09/24/2019
Hemiksem,Sheila,Vrouwelijk,09/19/2019
Schoten,Martine,Vrouwelijk,09/26/2019
Andenne,Marine,Vrouwelijk,09/29/2019
Heuvelland,Bert,Mannelijk,10/01/2019
Waregem,Marc,Mannelijk,09/23/2019
Binche,Jessica,Vrouwelijk,10/06/2019
Hasselt,Veronique,Vrouwelijk,09/19/2019
Anzegem,Brigitte,Vrouwelijk,09/27/2019
Antwerpen,Louis,Mannelijk,09/26/2019
Aat,Christophe,Mannelijk,10/01/2019
Gent,Freddy,Mannelijk,09/29/2019
Leuven,Yvonne,Vrouwelijk,10/07/2019
Lommel,François,Mannelijk,10/13/2019
Geel,Annita,Vrouwelijk,09/29/2019
Ukkel,Clara,Vrouwelijk,10/01/2019
Tienen,Olivia,Vrouwelijk,09/28/2019
Sankt Vith,Luc,Mannelijk,10/16/2019
Leuven,Heidi,Vrouwelijk,10/14/2019
Oostende,Lydia,Vrouwelijk,09/23/2019
Eeklo,Jeannette,Vrouwelijk,10/10/2019
Poperinge,Virginie,Vrouwelijk,10/05/2019
Kaprijke,Danny,Mannelijk,10/06/2019
Meise,An,Vrouwelijk,09/29/2019
Charleroi,Geneviève,Vrouwelijk,10/05/2019
Beernem,Els,Vrouwelijk,10/13/2019
Antwerpen,Yamina,Vrouwelijk,10/04/2019
Vilvoorde,Fatoumata,Vrouwelijk,10/02/2019
Courcelles,Jonathan,Mannelijk,09/23/2019
Lessen,Mireille,Vrouwelijk,10/14/2019
Charleroi,Monique,Vrouwelijk,10/04/2019
Opzullik,Régine,Vrouwelijk,10/01/2019
Vilvoorde,Mathis,Mannelijk,09/19/2019
Beveren (Sint-Niklaas),Ronny,Mannelijk,09/28/2019
Ottignies-Louvain-la-Neuve,Henri,Mannelijk,09/29/2019
Antwerpen,Hassan,Mannelijk,09/21/2019
Charleroi,Lylou,Vrouwelijk,09/23/2019
Antwerpen,André,Mannelijk,10/05/2019
Gent,Kevin,Mannelijk,09/30/2019
Malle,Gustaaf,Mannelijk,09/28/2019
Antwerpen,Denisa,Vrouwelijk,09/24/2019
Antwerpen,Pauline,Vrouwelijk,09/22/2019
Mettet,Valentin,Mannelijk,09/28/2019
Nandrin,Jean,Mannelijk,09/27/2019
Glabbeek,Rudi,Mannelijk,09/30/2019
Villers-la-Ville,Cédric,Mannelijk,09/25/2019
Torhout,Dirk,Mannelijk,09/18/2019
Sint-Jans-Molenbeek,Stefan,Mannelijk,09/23/2019
Leuven,Jean,Mannelijk,09/28/2019
Evere,Bernard,Mannelijk,09/25/2019
’s Gravenbrakel,Marie-Louise,Vrouwelijk,09/29/2019
Saint-Nicolas (Luik),Liam,Mannelijk,09/25/2019
Sint-Jans-Molenbeek,Mahmood,Mannelijk,09/26/2019
Lokeren,Patrick,Mannelijk,09/30/2019
Veurne,Joseph,Mannelijk,10/16/2019
Genk,Elke,Vrouwelijk,09/19/2019
Eigenbrakel,Catherine,Vrouwelijk,10/01/2019
Zedelgem,Lara,Vrouwelijk,09/27/2019
Moeskroen,Mathys,Mannelijk,09/21/2019
Ukkel,Philippe,Mannelijk,10/03/2019
Vorst (Brussel-Hoofdstad),Rachida,Vrouwelijk,09/28/2019
Charleroi,Thierry,Mannelijk,11/03/2019
Deerlijk,Hilde,Vrouwelijk,09/16/2019
Durbuy,Olivier,Mannelijk,10/12/2019
Gent,Mario,Mannelijk,10/01/2019
Sint-Genesius-Rode,Lucas,Mannelijk,09/30/2019
Châtelet,Ahmet,Mannelijk,09/28/2019
Zwevegem,Sonia,Vrouwelijk,09/28/2019
Gent,Jochen,Mannelijk,09/22/2019
Herve,Sylvie,Vrouwelijk,09/23/2019
Brussel,Sai,Mannelijk,09/26/2019
Maaseik,Leonardus,Mannelijk,09/26/2019
Elsene,Ana,Vrouwelijk,10/03/2019
Soumagne,Albert,Mannelijk,09/23/2019
Putte,Lana,Vrouwelijk,10/05/2019
Châtelet,Sylvie,Vrouwelijk,11/20/2019
Andenne,Tristan,Mannelijk,09/19/2019
Hasselt,Silas,Mannelijk,09/25/2019
Sint-Niklaas (Sint-Niklaas),Thomas,Mannelijk,10/05/2019
Vorst (Brussel-Hoofdstad),Aurel,Mannelijk,09/28/2019
Wezet,Arlette,Vrouwelijk,09/28/2019
