gemeente,naam,geslacht,verwachte datum
Seraing,Salvatore,Mannelijk,06/26/2019
Komen-Waasten,Marie-Hélène,Vrouwelijk,06/24/2019
Dendermonde,Willy,Mannelijk,07/01/2019
Nijvel,Claude,Mannelijk,06/21/2019
Bergen,Marc,Mannelijk,06/29/2019
Seraing,Michèle,Vrouwelijk,06/23/2019
Tervuren,Stijn,Mannelijk,07/13/2019
Fléron,Roland,Mannelijk,06/17/2019
Verviers,Thibault,Mannelijk,07/02/2019
Lochristi,Monique,Vrouwelijk,06/27/2019
Leuven,Mark,Mannelijk,06/30/2019
Herenthout,Karel,Mannelijk,06/27/2019
Ieper,Kathy,Vrouwelijk,07/12/2019
Wetteren,Paulette,Vrouwelijk,06/25/2019
Berlaar,François,Mannelijk,06/17/2019
Ranst,Pascal,Mannelijk,07/09/2019
Frasnes-lez-Anvaing,Emma,Vrouwelijk,08/15/2019
Puurs-Sint-Amands,Stefanie,Vrouwelijk,06/19/2019
Meise,Carl,Mannelijk,06/20/2019
Doornik,Amandine,Vrouwelijk,07/10/2019
Dendermonde,Rebecca,Vrouwelijk,06/22/2019
Zwevegem,Frank,Mannelijk,07/12/2019
Willebroek,Maria,Vrouwelijk,07/04/2019
Kampenhout,Mathias,Mannelijk,06/27/2019
Turnhout,Jan,Mannelijk,07/09/2019
Waregem,Robin,Mannelijk,07/05/2019
Ninove,Ludovic,Mannelijk,07/04/2019
Leuven,Marie,Vrouwelijk,07/01/2019
Grimbergen,Christiane,Vrouwelijk,06/17/2019
Aarlen,Françoise,Vrouwelijk,07/02/2019
Lochristi,Nico,Mannelijk,07/02/2019
Herstal,Julien,Mannelijk,07/20/2019
Oudergem,Michèle,Vrouwelijk,06/28/2019
Wevelgem,Alison,Vrouwelijk,06/26/2019
Evergem,Lukas,Mannelijk,07/10/2019
Heist-op-den-Berg,Marc,Mannelijk,07/11/2019
Kortrijk,Emiel,Mannelijk,06/27/2019
Hamme (Dendermonde),Alex,Mannelijk,07/06/2019
Aarlen,André,Mannelijk,06/30/2019
Merelbeke,Melissa,Vrouwelijk,06/28/2019
Kraainem,Alessandro,Mannelijk,08/11/2019
Namen,Salvatore,Mannelijk,06/22/2019
Turnhout,Joannes,Mannelijk,07/18/2019
Maasmechelen,Sofie,Vrouwelijk,07/02/2019
Grimbergen,Corinne,Vrouwelijk,06/25/2019
Tervuren,Arnaud,Mannelijk,06/26/2019
Poperinge,Stefaan,Mannelijk,06/24/2019
Overijse,Christian,Mannelijk,07/02/2019
Beaumont,Francine,Vrouwelijk,07/03/2019
Brasschaat,Casper,Mannelijk,07/04/2019
Soumagne,Philippe,Mannelijk,07/08/2019
Houthulst,Daniel,Mannelijk,06/25/2019
Zemst,Lea,Vrouwelijk,07/13/2019
Veurne,Jenny,Vrouwelijk,06/23/2019
Nijlen,Dirk,Mannelijk,07/03/2019
Dilbeek,Franciscus,Mannelijk,07/02/2019
La Louvière,Benjamin,Mannelijk,07/04/2019
Anderlecht,Touria,Vrouwelijk,06/30/2019
Assesse,Philippe,Mannelijk,06/16/2019
Florennes,Alain,Mannelijk,06/24/2019
Erpe-Mere,Patricia,Vrouwelijk,06/18/2019
Brugge,Rony,Mannelijk,07/20/2019
Spa,Delphine,Vrouwelijk,06/25/2019
Destelbergen,Hilde,Vrouwelijk,06/20/2019
Luik,Eleonora,Vrouwelijk,06/22/2019
Riemst,Annick,Vrouwelijk,07/05/2019
Brugge,Björn,Mannelijk,06/23/2019
Leuven,Mohammad,Mannelijk,07/01/2019
Kapellen (Antwerpen),Steven,Mannelijk,06/26/2019
Lochristi,Eric,Mannelijk,07/06/2019
Herent,Jonas,Mannelijk,07/13/2019
Borsbeek,Patrick,Mannelijk,06/21/2019
Antwerpen,Quinten,Mannelijk,07/01/2019
Heusden-Zolder,Hayriye,Vrouwelijk,06/17/2019
Brugge,Tine,Vrouwelijk,06/27/2019
Rebecq,Jessica,Vrouwelijk,06/27/2019
Saint-Georges-sur-Meuse,Stéphane,Mannelijk,07/05/2019
Sint-Genesius-Rode,Valentin,Mannelijk,07/04/2019
Willebroek,Zita,Vrouwelijk,06/21/2019
Herselt,Johannes,Mannelijk,06/18/2019
Grâce-Hollogne,Thérèse,Vrouwelijk,06/17/2019
Herve,Jeanne,Vrouwelijk,07/10/2019
Mortsel,Paul,Mannelijk,07/05/2019
Zwevegem,Rita,Vrouwelijk,06/18/2019
Asse,Fran,Vrouwelijk,07/03/2019
Geraardsbergen,Mario,Mannelijk,07/06/2019
Antwerpen,Bryan,Mannelijk,06/27/2019
Laakdal,Martha,Vrouwelijk,07/06/2019
Braives,Maëlle,Vrouwelijk,07/02/2019
Pittem,Vicky,Vrouwelijk,06/28/2019
Herselt,Bernadette,Vrouwelijk,06/22/2019
Herstal,Angela,Vrouwelijk,07/18/2019
Roeselare,Isabelle,Vrouwelijk,06/16/2019
Aalst (Aalst),Tessa,Vrouwelijk,07/05/2019
Merksplas,Ben,Mannelijk,07/07/2019
Duffel,Sam,Mannelijk,06/19/2019
Deinze,Anne,Vrouwelijk,07/06/2019
Schaarbeek,Karolina,Vrouwelijk,07/07/2019
Pelt,Inge,Vrouwelijk,06/29/2019
Bertem,Lynn,Vrouwelijk,06/23/2019
Namen,Annabelle,Vrouwelijk,06/29/2019
Pelt,Albert,Mannelijk,06/20/2019
Gent,Julie,Vrouwelijk,08/01/2019
Overijse,Louis,Mannelijk,06/29/2019
Laakdal,Marc,Mannelijk,07/04/2019
Beernem,Julie,Vrouwelijk,06/24/2019
Kortemark,Leon,Mannelijk,06/30/2019
Saint-Georges-sur-Meuse,Stéphanie,Vrouwelijk,07/04/2019
Rumst,Robert,Mannelijk,06/27/2019
Charleroi,Ludivine,Vrouwelijk,06/22/2019
Aalst (Aalst),Ruben,Mannelijk,06/27/2019
Lummen,Danny,Mannelijk,07/11/2019
Kruisem,Liesbeth,Vrouwelijk,06/27/2019
Charleroi,Gian,Mannelijk,07/02/2019
Diest,Hannelore,Vrouwelijk,06/28/2019
Antwerpen,Emma,Vrouwelijk,07/02/2019
Anderlecht,Mariusz,Mannelijk,06/26/2019
Bornem,Ludo,Mannelijk,07/02/2019
Perwijs (Nijvel),Caroline,Vrouwelijk,06/26/2019
Ottignies-Louvain-la-Neuve,Margaux,Vrouwelijk,07/09/2019
Begijnendijk,Arne,Mannelijk,06/28/2019
Jemeppe-sur-Sambre,Ingrid,Vrouwelijk,06/27/2019
Sint-Joost-ten-Node,Mohammed,Mannelijk,06/30/2019
Zemst,Ann,Vrouwelijk,06/28/2019
Lede,Frank,Mannelijk,07/20/2019
Damme,Philip,Mannelijk,06/25/2019
Zedelgem,Marcel,Mannelijk,06/29/2019
Fontaine-l’Evêque,Myriam,Vrouwelijk,07/08/2019
Aalst (Aalst),Tibo,Mannelijk,06/25/2019
Charleroi,David,Mannelijk,06/25/2019
Vorst (Brussel-Hoofdstad),Aicha,Vrouwelijk,07/01/2019
Gavere,Miel,Mannelijk,06/27/2019
Poperinge,Wesley,Mannelijk,07/06/2019
Tongeren,Juliette,Vrouwelijk,06/22/2019
Brussel,Walid,Mannelijk,08/01/2019
Zwevegem,Alex,Mannelijk,06/29/2019
Beringen,Francine,Vrouwelijk,06/17/2019
Doornik,Christian,Mannelijk,06/27/2019
Antwerpen,Marie,Vrouwelijk,06/25/2019
Dilsen-Stokkem,Frieda,Vrouwelijk,07/13/2019
Dendermonde,Luc,Mannelijk,07/06/2019
Gent,Johannes,Mannelijk,06/17/2019
Anhée,Gérard,Mannelijk,07/06/2019
Maasmechelen,Firdaws,Vrouwelijk,07/01/2019
Oostende,Erwin,Mannelijk,06/25/2019
Zemst,Laetitia,Vrouwelijk,06/25/2019
Vorst (Brussel-Hoofdstad),Fabian,Mannelijk,07/05/2019
Luik,Daniel,Mannelijk,06/21/2019
Andenne,Sarah,Vrouwelijk,06/22/2019
Vilvoorde,Shana,Vrouwelijk,06/24/2019
Gent,Magda,Vrouwelijk,06/25/2019
Doornik,Henri,Mannelijk,06/27/2019
Mechelen,Alfons,Mannelijk,06/23/2019
Sint-Niklaas (Sint-Niklaas),Denise,Vrouwelijk,07/02/2019
Temse,Maxim,Mannelijk,06/25/2019
Awans,Georgette,Vrouwelijk,06/18/2019
Antwerpen,Manu,Mannelijk,06/24/2019
Yvoir,Jade,Vrouwelijk,06/24/2019
Houthalen-Helchteren,Viviane,Vrouwelijk,06/19/2019
Vilvoorde,Constantin,Mannelijk,06/24/2019
Zinnik,Damien,Mannelijk,06/23/2019
Charleroi,Aïcha,Vrouwelijk,06/28/2019
Lokeren,Heidi,Vrouwelijk,06/27/2019
Doornik,Laurence,Vrouwelijk,07/02/2019
Oupeye,Christopher,Mannelijk,06/21/2019
Genk,Konstantinos,Mannelijk,07/13/2019
Celles (Doornik),Elisabeth,Vrouwelijk,07/03/2019
Jette,Marie-José,Vrouwelijk,06/28/2019
Thuin,Willy,Mannelijk,06/16/2019
Verviers,Mohamed,Mannelijk,07/01/2019
Zoersel,Peter,Mannelijk,06/16/2019
Schaarbeek,Andrew,Mannelijk,07/01/2019
Linter,Roger,Mannelijk,06/29/2019
Laakdal,Maria,Vrouwelijk,06/27/2019
Veurne,Björn,Mannelijk,06/18/2019
Bree,Heleen,Vrouwelijk,06/27/2019
Courcelles,Bryan,Mannelijk,06/17/2019
Ukkel,Sophie,Vrouwelijk,06/27/2019
Grâce-Hollogne,Luca,Mannelijk,07/06/2019
Westerlo,Kenny,Mannelijk,07/03/2019
Jette,Khadija,Vrouwelijk,07/01/2019
Watermaal-Bosvoorde,Jean,Mannelijk,06/29/2019
Brugelette,Monique,Vrouwelijk,06/25/2019
Verviers,Marie,Vrouwelijk,06/29/2019
Beaumont,Geneviève,Vrouwelijk,07/06/2019
Lommel,Piet,Mannelijk,07/04/2019
Anthisnes,Jacques,Mannelijk,06/25/2019
Namen,Fabien,Mannelijk,06/28/2019
Ottignies-Louvain-la-Neuve,Romain,Mannelijk,06/27/2019
Farciennes,Bernard,Mannelijk,07/03/2019
Jette,Adil,Mannelijk,06/29/2019
Gent,Niyazi,Mannelijk,07/03/2019
Bergen,Christian,Mannelijk,07/01/2019
Vorst (Brussel-Hoofdstad),Carine,Vrouwelijk,07/01/2019
Ukkel,Hassan,Mannelijk,07/19/2019
Antwerpen,Annie,Vrouwelijk,06/23/2019
Destelbergen,Leon,Mannelijk,07/05/2019
Koksijde,Ludwine,Vrouwelijk,06/27/2019
Frasnes-lez-Anvaing,Hélène,Vrouwelijk,07/03/2019
Bastenaken,Virginie,Vrouwelijk,06/26/2019
Aat,Monique,Vrouwelijk,06/29/2019
Lasne,Béatrice,Vrouwelijk,06/23/2019
Heusden-Zolder,Elif,Vrouwelijk,06/28/2019
Antwerpen,Danielle,Vrouwelijk,06/27/2019
Sint-Pieters-Woluwe,Jean-François,Mannelijk,07/04/2019
Gavere,Tibo,Mannelijk,06/21/2019
Oudenaarde,Kim,Vrouwelijk,07/01/2019
Genk,Brigitte,Vrouwelijk,06/29/2019
Perwijs (Nijvel),Mélanie,Vrouwelijk,07/02/2019
Namen,Pascal,Mannelijk,06/30/2019
Hove (Antwerpen),Willy,Mannelijk,07/02/2019
’s Gravenbrakel,Fabienne,Vrouwelijk,07/09/2019
La Louvière,Valérie,Vrouwelijk,06/30/2019
La Louvière,Younes,Mannelijk,06/27/2019
Gent,Patricia,Vrouwelijk,07/03/2019
Arendonk,Tom,Mannelijk,06/24/2019
Eigenbrakel,Jacques,Mannelijk,07/03/2019
Lessen,Yves,Mannelijk,06/30/2019
Momignies,Benjamin,Mannelijk,07/02/2019
Oostkamp,Mathias,Mannelijk,06/25/2019
Soumagne,Maria,Vrouwelijk,07/05/2019
Antwerpen,Sébastien,Mannelijk,07/03/2019
Colfontaine,Jeremy,Mannelijk,06/29/2019
Machelen (Halle-Vilvoorde),Katrien,Vrouwelijk,07/01/2019
Vorst (Brussel-Hoofdstad),Zohra,Vrouwelijk,06/24/2019
Geer,Guy,Mannelijk,06/24/2019
Moeskroen,Romain,Mannelijk,06/23/2019
Schoten,Kim,Mannelijk,06/19/2019
Moeskroen,Joséphine,Vrouwelijk,06/28/2019
Antwerpen,Willem,Mannelijk,07/15/2019
Opwijk,Oscar,Mannelijk,06/26/2019
Laakdal,Toon,Mannelijk,06/26/2019
Ranst,Edmond,Mannelijk,07/09/2019
Lokeren,Tamara,Vrouwelijk,07/16/2019
Malle,Danielle,Vrouwelijk,06/27/2019
Voeren,Olivier,Mannelijk,06/16/2019
Beersel,Patricia,Vrouwelijk,07/06/2019
Aalst (Aalst),Wim,Mannelijk,07/15/2019
Turnhout,Alphonsus,Mannelijk,06/27/2019
Gent,Anton,Mannelijk,07/02/2019
Charleroi,Moïse,Mannelijk,06/27/2019
Arendonk,Walter,Mannelijk,06/29/2019
Eupen,Marie,Vrouwelijk,06/26/2019
Aiseau-Presles,Muriel,Vrouwelijk,06/20/2019
Antwerpen,Laura,Vrouwelijk,06/16/2019
Schelle,Josephina,Vrouwelijk,06/26/2019
Sint-Truiden,Sonja,Vrouwelijk,07/09/2019
Izegem,Kasper,Mannelijk,07/05/2019
Sint-Katelijne-Waver,Chloë,Vrouwelijk,06/26/2019
Flémalle,Alexandre,Mannelijk,06/16/2019
Bornem,Eric,Mannelijk,06/23/2019
Antwerpen,Stijn,Mannelijk,07/06/2019
Sint-Agatha-Berchem,Stéphane,Mannelijk,06/30/2019
Charleroi,Christiane,Vrouwelijk,07/06/2019
Geel,Maarten,Mannelijk,06/22/2019
Huldenberg,Eddy,Mannelijk,07/01/2019
Nassogne,Christian,Mannelijk,06/24/2019
Ukkel,Pierre,Mannelijk,06/28/2019
Andenne,Céline,Vrouwelijk,06/24/2019
Sint-Joost-ten-Node,Silvia,Vrouwelijk,06/21/2019
Merelbeke,Carine,Vrouwelijk,06/28/2019
Jemeppe-sur-Sambre,Justin,Mannelijk,07/04/2019
Roeselare,Filip,Mannelijk,06/25/2019
Moeskroen,Luka,Mannelijk,06/19/2019
Châtelet,Christophe,Mannelijk,06/18/2019
Geel,Hilde,Vrouwelijk,07/25/2019
Sint-Truiden,Dominique,Mannelijk,07/01/2019
Kortenberg,Brigitte,Vrouwelijk,07/07/2019
Genk,Suzanne,Vrouwelijk,06/22/2019
Heist-op-den-Berg,Greta,Vrouwelijk,06/28/2019
Antwerpen,Bruno,Mannelijk,06/23/2019
Ronse,Ahmed,Mannelijk,07/04/2019
Aubel,Claudine,Vrouwelijk,07/03/2019
Hasselt,Lucien,Mannelijk,07/07/2019
Seraing,Angélique,Vrouwelijk,06/26/2019
Zwevegem,Marijke,Vrouwelijk,06/17/2019
Brugge,Geert,Mannelijk,07/06/2019
Antwerpen,Julia,Vrouwelijk,06/26/2019
Moeskroen,Roger,Mannelijk,06/30/2019
Beveren (Sint-Niklaas),Jonas,Mannelijk,07/06/2019
Sint-Jans-Molenbeek,Laila,Vrouwelijk,06/23/2019
Hasselt,Rob,Mannelijk,06/28/2019
Niel,Luc,Mannelijk,06/25/2019
Vloesberg,Chantal,Vrouwelijk,07/04/2019
Elsene,Fiona,Vrouwelijk,06/25/2019
Doornik,André,Mannelijk,06/24/2019
Diepenbeek,Sebastiaan,Mannelijk,06/26/2019
Antwerpen,Sara,Vrouwelijk,07/02/2019
Genepiën,Chantal,Vrouwelijk,06/24/2019
Antwerpen,Robert,Mannelijk,06/17/2019
Hasselt,Edyta,Vrouwelijk,06/29/2019
Grâce-Hollogne,Thomas,Mannelijk,06/17/2019
Hannuit,Mélanie,Vrouwelijk,06/23/2019
Gembloux,Philippe,Mannelijk,07/15/2019
Geel,Toon,Mannelijk,06/28/2019
Machelen (Halle-Vilvoorde),Tolga,Mannelijk,06/29/2019
Brussel,Youssef,Mannelijk,06/25/2019
Menen,Lorenzo,Mannelijk,06/28/2019
Turnhout,Salma,Vrouwelijk,06/24/2019
Gistel,Stefaan,Mannelijk,06/22/2019
Kruibeke,Pascal,Mannelijk,07/05/2019
Beveren (Sint-Niklaas),André,Mannelijk,06/20/2019
Antwerpen,Hilde,Vrouwelijk,06/25/2019
Geraardsbergen,Jean-Marie,Mannelijk,06/28/2019
Luik,Nicolas,Mannelijk,06/23/2019
Mortsel,Tom,Mannelijk,08/21/2019
Zoutleeuw,Geert,Mannelijk,06/21/2019
Antwerpen,Kevin,Mannelijk,07/10/2019
Kampenhout,Jenny,Vrouwelijk,06/30/2019
Etterbeek,Chloé,Vrouwelijk,06/23/2019
Ingelmunster,Noël,Mannelijk,08/13/2019
Antwerpen,Prosper,Mannelijk,07/05/2019
Chièvres,Louis,Mannelijk,07/05/2019
Wetteren,Paul,Mannelijk,07/04/2019
Edegem,Tom,Mannelijk,06/28/2019
Jette,Adina,Vrouwelijk,07/11/2019
Antwerpen,Henricus,Mannelijk,06/28/2019
Watermaal-Bosvoorde,Michaël,Mannelijk,06/20/2019
Doornik,Marine,Vrouwelijk,06/24/2019
Antwerpen,Aymen,Mannelijk,07/01/2019
Court-Saint-Etienne,Robin,Mannelijk,07/01/2019
Diest,Johan,Mannelijk,06/24/2019
Sombreffe,Anne,Vrouwelijk,06/22/2019
Zonhoven,Richard,Mannelijk,06/21/2019
Puurs-Sint-Amands,Laura,Vrouwelijk,07/11/2019
