gemeente,naam,geslacht,verwachte datum
Antwerpen,Norbert,Mannelijk,06/22/2019
Berlare,Hilde,Vrouwelijk,06/25/2019
Gent,Els,Vrouwelijk,06/12/2019
Gerpinnes,Claude,Mannelijk,07/08/2019
Moeskroen,Catherine,Vrouwelijk,06/16/2019
Landen,Marleen,Vrouwelijk,06/16/2019
De Pinte,Eva,Vrouwelijk,06/24/2019
Antwerpen,Willem-Jan,Mannelijk,06/11/2019
Balen,Tuur,Mannelijk,06/11/2019
Brugge,Lucrèce,Vrouwelijk,06/18/2019
Duffel,Carina,Vrouwelijk,06/08/2019
Sint-Gillis,Nathalie,Vrouwelijk,06/30/2019
Aalst (Aalst),Ruben,Mannelijk,06/13/2019
Anderlecht,Virginie,Vrouwelijk,07/20/2019
’s Gravenbrakel,Victoria,Vrouwelijk,06/14/2019
Theux,Sophie,Vrouwelijk,06/24/2019
Lier,Fleur,Vrouwelijk,06/26/2019
Sint-Lambrechts-Woluwe,Guillaume,Mannelijk,06/19/2019
Rixensart,Nelly,Vrouwelijk,06/21/2019
Ieper,Wouter,Mannelijk,06/18/2019
Bredene,Nathan,Mannelijk,06/09/2019
Flémalle,Christophe,Mannelijk,06/13/2019
Kortrijk,Martha,Vrouwelijk,06/16/2019
Hechtel-Eksel,Bram,Mannelijk,06/21/2019
Leuven,Lilly,Vrouwelijk,06/12/2019
Anderlecht,Guido,Mannelijk,06/22/2019
Peer,Maria,Vrouwelijk,06/22/2019
Nijlen,Marc,Mannelijk,06/14/2019
Hasselt,Jeannine,Vrouwelijk,07/06/2019
Leuven,Roger,Mannelijk,06/23/2019
Lede,Eddy,Mannelijk,06/16/2019
Temse,Marie,Vrouwelijk,06/11/2019
Antwerpen,Simonne,Vrouwelijk,06/09/2019
Halle (Halle-Vilvoorde),Gabriel,Mannelijk,06/07/2019
Moeskroen,Jean-Claude,Mannelijk,06/18/2019
Oostende,Maria,Vrouwelijk,06/09/2019
Antwerpen,Kobe,Mannelijk,06/24/2019
Sint-Agatha-Berchem,Daniel,Mannelijk,06/18/2019
Lommel,Walter,Mannelijk,06/23/2019
Wichelen,Lander,Mannelijk,06/16/2019
Weismes,Anne,Vrouwelijk,06/19/2019
Brugge,Jolien,Vrouwelijk,06/19/2019
Antwerpen,Kelly,Vrouwelijk,06/20/2019
Aubange,Laurent,Mannelijk,06/17/2019
Mechelen,Christiane,Vrouwelijk,06/27/2019
Luik,Yasmine,Vrouwelijk,06/07/2019
Profondeville,Jeannine,Vrouwelijk,06/26/2019
Gent,Veysel,Mannelijk,06/17/2019
Waterloo,Chantal,Vrouwelijk,06/17/2019
Moeskroen,Henri,Mannelijk,06/25/2019
Ternat,Maria,Vrouwelijk,06/21/2019
Sint-Lambrechts-Woluwe,Anne,Vrouwelijk,06/26/2019
Sint-Niklaas (Sint-Niklaas),Marcel,Mannelijk,08/02/2019
Gent,Vanessa,Vrouwelijk,07/08/2019
Pelt,Lisette,Vrouwelijk,08/07/2019
Riemst,Peter,Mannelijk,06/23/2019
Edegem,Jeannine,Vrouwelijk,06/15/2019
Heist-op-den-Berg,Axel,Mannelijk,06/07/2019
Kapellen (Antwerpen),Marie,Vrouwelijk,06/11/2019
Deinze,Leon,Mannelijk,06/23/2019
Beloeil,Olivier,Mannelijk,06/30/2019
Brussel,Paolo,Mannelijk,06/11/2019
Jette,Henry,Mannelijk,06/16/2019
Faimes,Elisabeth,Vrouwelijk,06/25/2019
Namen,François,Mannelijk,06/07/2019
Anderlecht,Nathan,Mannelijk,06/13/2019
Ukkel,Anne,Vrouwelijk,07/04/2019
Scherpenheuvel-Zichem,Dorien,Vrouwelijk,06/18/2019
Frasnes-lez-Anvaing,Brigitte,Vrouwelijk,07/08/2019
Etterbeek,Geneviève,Vrouwelijk,06/25/2019
Antwerpen,Hinda,Vrouwelijk,06/21/2019
Genk,Matteo,Mannelijk,06/16/2019
Vilvoorde,Mounir,Mannelijk,06/13/2019
Geel,Tess,Vrouwelijk,06/14/2019
Grâce-Hollogne,Ilario,Mannelijk,06/07/2019
Willebroek,Marc,Mannelijk,06/15/2019
Brugge,Tom,Mannelijk,06/09/2019
Fontaine-l’Evêque,Carmela,Vrouwelijk,06/22/2019
Walcourt,Maryse,Vrouwelijk,06/16/2019
Edegem,Ilse,Vrouwelijk,06/08/2019
Wichelen,Vicky,Vrouwelijk,06/21/2019
Antwerpen,Katelijne,Vrouwelijk,06/17/2019
Wellin,Nadine,Vrouwelijk,06/21/2019
Gent,Paulette,Vrouwelijk,06/18/2019
Binche,Fabien,Mannelijk,06/19/2019
Gerpinnes,Antonio,Mannelijk,06/25/2019
Graven,Benjamin,Mannelijk,06/20/2019
Antwerpen,Monique,Vrouwelijk,06/24/2019
Walcourt,Luis,Mannelijk,06/19/2019
Aarschot,Ingrid,Vrouwelijk,06/21/2019
Kortrijk,Olivier,Mannelijk,06/20/2019
Brussel,Jean-Pierre,Mannelijk,06/17/2019
Antwerpen,Werner,Mannelijk,06/15/2019
Ieper,Rony,Mannelijk,06/10/2019
Gent,Firdevs,Vrouwelijk,06/10/2019
Antwerpen,Lina,Vrouwelijk,06/26/2019
Eigenbrakel,Amandine,Vrouwelijk,06/19/2019
Beloeil,Christiane,Vrouwelijk,06/10/2019
Bornem,Tine,Vrouwelijk,06/23/2019
Evere,Thérèse,Vrouwelijk,06/15/2019
Leuze-en-Hainaut,Maryline,Vrouwelijk,06/20/2019
Brussel,Sylvie,Vrouwelijk,06/13/2019
Boussu,Marie-Claude,Vrouwelijk,06/09/2019
Gouvy,Germain,Mannelijk,06/17/2019
Rijkevorsel,Ronny,Mannelijk,06/30/2019
Hechtel-Eksel,An,Vrouwelijk,06/18/2019
Koekelberg,Alice,Vrouwelijk,06/26/2019
Zedelgem,Kris,Mannelijk,06/13/2019
Antwerpen,Nicolas,Mannelijk,06/14/2019
Antwerpen,Stephan,Mannelijk,06/10/2019
Erpe-Mere,Saartje,Vrouwelijk,06/15/2019
Heist-op-den-Berg,Christiaan,Mannelijk,06/18/2019
Evergem,Jacques,Mannelijk,06/14/2019
Hasselt,Laura,Vrouwelijk,06/14/2019
Kraainem,Arnaud,Mannelijk,06/06/2019
Edingen,Thibaut,Mannelijk,06/08/2019
Anderlecht,Petra,Vrouwelijk,06/13/2019
Mortsel,Simon,Mannelijk,06/20/2019
Lochristi,Agnes,Vrouwelijk,06/26/2019
Flémalle,Monique,Vrouwelijk,07/08/2019
Cerfontaine,Béatrice,Vrouwelijk,06/23/2019
De Haan,Nadine,Vrouwelijk,06/13/2019
Ronse,Oussama,Mannelijk,06/22/2019
Binche,Anne,Vrouwelijk,06/15/2019
Diepenbeek,Peter,Mannelijk,06/24/2019
Kortrijk,Pauline,Vrouwelijk,06/15/2019
Stekene,Giovanni,Mannelijk,06/15/2019
Hove (Antwerpen),Wout,Mannelijk,06/10/2019
Haacht,Joanna,Vrouwelijk,06/11/2019
Leuven,Vera,Vrouwelijk,06/08/2019
Antwerpen,Damian,Mannelijk,06/19/2019
Aalst (Aalst),Leni,Vrouwelijk,06/06/2019
Wommelgem,Lien,Vrouwelijk,06/25/2019
Wevelgem,Katelijne,Vrouwelijk,07/06/2019
Zaventem,Alain,Mannelijk,06/25/2019
Brugge,Sven,Mannelijk,06/30/2019
De Panne,Ilse,Vrouwelijk,06/26/2019
Luik,Antoine,Mannelijk,06/12/2019
Ans,Kevin,Mannelijk,06/24/2019
Kalmthout,Antoon,Mannelijk,06/08/2019
Nieuwerkerken (Hasselt),Kristien,Vrouwelijk,06/25/2019
Aarlen,Luc,Mannelijk,06/20/2019
Antwerpen,Soulayman,Mannelijk,08/07/2019
Nazareth,Loïc,Mannelijk,06/16/2019
Knokke-Heist,Jules,Mannelijk,06/17/2019
Stavelot,Camille,Vrouwelijk,06/08/2019
Kortrijk,Cyrille,Mannelijk,06/26/2019
Herne,Dominique,Vrouwelijk,06/26/2019
Ieper,Ria,Vrouwelijk,06/06/2019
Beveren (Sint-Niklaas),Guy,Mannelijk,06/10/2019
Aywaille,Hervé,Mannelijk,06/12/2019
Luik,Diégo,Mannelijk,06/15/2019
Wezembeek-Oppem,Kornelia,Vrouwelijk,07/03/2019
Hooglede,Emiel,Mannelijk,06/16/2019
Brussel,Julienne,Vrouwelijk,06/25/2019
Gent,Stan,Mannelijk,06/14/2019
Brugge,Anouk,Vrouwelijk,06/30/2019
Elsene,Jeanne,Vrouwelijk,06/18/2019
Sint-Niklaas (Sint-Niklaas),Dimitri,Mannelijk,06/08/2019
Waver,Marie-Claire,Vrouwelijk,07/07/2019
De Haan,José,Mannelijk,06/27/2019
Neufchâteau (Neufchâteau),Emilien,Mannelijk,06/15/2019
Blankenberge,Luc,Mannelijk,07/10/2019
Schaarbeek,Pawel,Mannelijk,06/10/2019
Retie,Karel,Mannelijk,06/09/2019
Bevekom,Gilles,Mannelijk,06/17/2019
Wezet,Arthur,Mannelijk,06/13/2019
Heuvelland,Anja,Vrouwelijk,06/21/2019
Sint-Pieters-Leeuw,Freddy,Mannelijk,06/12/2019
Oostende,Marie,Vrouwelijk,06/10/2019
Waver,Laurent,Mannelijk,06/13/2019
Sint-Pieters-Leeuw,Marie-Rose,Vrouwelijk,06/18/2019
Herzele,Mathias,Mannelijk,06/17/2019
Kortrijk,José,Mannelijk,06/23/2019
Herstal,Mathias,Mannelijk,07/08/2019
Ukkel,Michele,Mannelijk,06/26/2019
Oostende,Michèle,Vrouwelijk,06/14/2019
Oostrozebeke,Wouter,Mannelijk,06/10/2019
Stabroek,Raf,Mannelijk,06/10/2019
Kortemark,Robin,Mannelijk,06/08/2019
Momignies,Jérôme,Mannelijk,06/08/2019
Mechelen,Cynthia,Vrouwelijk,06/19/2019
Colfontaine,Loukas,Mannelijk,06/14/2019
Eeklo,Shirley,Vrouwelijk,06/30/2019
Morlanwelz,Mattéo,Mannelijk,07/03/2019
Brugge,Mathias,Mannelijk,06/26/2019
Bilzen,Nicole,Vrouwelijk,06/08/2019
Brugge,Michiel,Mannelijk,07/09/2019
Vorst (Brussel-Hoofdstad),Tamara,Vrouwelijk,06/15/2019
Knokke-Heist,Nicole,Vrouwelijk,06/26/2019
Elsene,Antonia,Vrouwelijk,06/18/2019
Doornik,Manon,Vrouwelijk,06/24/2019
Asse,Michel,Mannelijk,06/08/2019
Chaudfontaine,Ingrid,Vrouwelijk,06/14/2019
Zoersel,Jolien,Vrouwelijk,06/23/2019
Elsene,Axel,Mannelijk,06/08/2019
Beringen,Aynur,Vrouwelijk,06/15/2019
Sint-Niklaas (Sint-Niklaas),Marie,Vrouwelijk,06/13/2019
Genepiën,Lucile,Vrouwelijk,06/10/2019
Vloesberg,Paul,Mannelijk,07/05/2019
Grimbergen,Nicole,Vrouwelijk,07/07/2019
Bertrix,Etienne,Mannelijk,06/19/2019
Aarlen,Pascale,Vrouwelijk,06/08/2019
Sint-Truiden,Tom,Mannelijk,06/22/2019
Temse,Rita,Vrouwelijk,07/30/2019
Brugge,Kenneth,Mannelijk,06/14/2019
Blankenberge,Antoinette,Vrouwelijk,06/22/2019
Genepiën,Amandine,Vrouwelijk,06/18/2019
Gent,Dominique,Vrouwelijk,06/06/2019
Quaregnon,Giuseppe,Mannelijk,06/21/2019
Linter,Mia,Vrouwelijk,06/22/2019
Evergem,Dirk,Mannelijk,07/11/2019
Lier,Agnes,Vrouwelijk,07/07/2019
Beveren (Sint-Niklaas),Cynthia,Vrouwelijk,06/26/2019
Geel,Warre,Mannelijk,06/22/2019
Floreffe,Emilie,Vrouwelijk,07/06/2019
Fleurus,Alain,Mannelijk,06/25/2019
Deinze,Stephan,Mannelijk,07/05/2019
Heist-op-den-Berg,Sandy,Vrouwelijk,07/09/2019
Farciennes,Vincent,Mannelijk,06/26/2019
Fosses-la-Ville,Leslie,Vrouwelijk,07/03/2019
Hoogstraten,Olivier,Mannelijk,06/13/2019
Ukkel,Louis,Mannelijk,06/24/2019
Oostende,Nadia,Vrouwelijk,06/22/2019
Lanaken,Alfons,Mannelijk,06/18/2019
Ichtegem,Laurent,Mannelijk,06/14/2019
Gent,Carine,Vrouwelijk,06/15/2019
Lummen,Clement,Mannelijk,06/17/2019
Anderlecht,Inès,Vrouwelijk,06/22/2019
Gent,Marlies,Vrouwelijk,06/23/2019
Verviers,Calogero,Mannelijk,06/20/2019
Raeren,Irmgard,Vrouwelijk,06/13/2019
Eupen,Christiane,Vrouwelijk,06/26/2019
Schoten,Marianne,Vrouwelijk,06/21/2019
Diest,Jill,Vrouwelijk,07/05/2019
Hoeilaart,Sophie,Vrouwelijk,06/16/2019
Riemst,Eveline,Vrouwelijk,06/24/2019
Chaumont-Gistoux,Tiffany,Vrouwelijk,06/19/2019
Verviers,Anne-Marie,Vrouwelijk,06/23/2019
Ottignies-Louvain-la-Neuve,Eline,Vrouwelijk,06/06/2019
Herstal,Jenny,Vrouwelijk,06/22/2019
Fontaine-l’Evêque,Jacques,Mannelijk,06/24/2019
Waregem,Annick,Vrouwelijk,06/17/2019
Messancy,Claudine,Vrouwelijk,06/13/2019
Charleroi,Julie,Vrouwelijk,06/25/2019
Kapellen (Antwerpen),Danny,Mannelijk,06/17/2019
Ranst,Pierre,Mannelijk,06/14/2019
Hoeilaart,Guillaume,Mannelijk,06/17/2019
Courcelles,Alessandro,Mannelijk,06/25/2019
Anderlecht,Liliane,Vrouwelijk,06/22/2019
Eghezée,Daniel,Mannelijk,06/14/2019
Beernem,Dorine,Vrouwelijk,06/17/2019
Luik,Alexandre,Mannelijk,06/14/2019
Brussel,Johan,Mannelijk,06/30/2019
Charleroi,Fatma,Vrouwelijk,06/12/2019
Ottignies-Louvain-la-Neuve,Michaël,Mannelijk,06/08/2019
Gent,Celine,Vrouwelijk,06/20/2019
Colfontaine,Fatiha,Vrouwelijk,07/07/2019
Chièvres,Théo,Mannelijk,06/06/2019
Zelzate,Filip,Mannelijk,06/10/2019
Flémalle,Maria,Vrouwelijk,07/01/2019
Aarschot,Peggy,Vrouwelijk,06/17/2019
Luik,Tarik,Mannelijk,06/25/2019
Verviers,Max,Mannelijk,06/14/2019
Scherpenheuvel-Zichem,Marie-Thérèse,Vrouwelijk,06/10/2019
Poperinge,Thierry,Mannelijk,06/12/2019
Heusden-Zolder,Manuela,Vrouwelijk,06/08/2019
Ukkel,Alfredo,Mannelijk,07/10/2019
Ingelmunster,Silke,Vrouwelijk,07/08/2019
Moorslede,Godelieve,Vrouwelijk,06/20/2019
Maasmechelen,Willem,Mannelijk,06/15/2019
Oudenaarde,Victor,Mannelijk,06/19/2019
Dendermonde,Herman,Mannelijk,07/08/2019
Bergen,Christiane,Vrouwelijk,06/10/2019
Brussel,Sofia,Vrouwelijk,08/09/2019
Anderlecht,Laura,Vrouwelijk,06/26/2019
Sint-Pieters-Woluwe,Béatrice,Vrouwelijk,06/17/2019
Binche,Quentin,Mannelijk,06/13/2019
Gent,Evelyne,Vrouwelijk,06/06/2019
Schaarbeek,Erol,Mannelijk,06/26/2019
Zwevegem,Stijn,Mannelijk,06/14/2019
Vielsalm,Alexandra,Vrouwelijk,07/07/2019
Etterbeek,Piotr,Mannelijk,06/26/2019
Sint-Jans-Molenbeek,Chaib,Mannelijk,06/14/2019
Kontich,Ludo,Mannelijk,06/11/2019
Antwerpen,Nathalie,Vrouwelijk,06/13/2019
Oostende,Sandra,Vrouwelijk,06/19/2019
Herstal,Liliane,Vrouwelijk,06/28/2019
Marche-en-Famenne,Cassandra,Vrouwelijk,06/08/2019
Anzegem,Rebecca,Vrouwelijk,07/05/2019
Dendermonde,Maria,Vrouwelijk,06/23/2019
Lokeren,Elien,Vrouwelijk,06/11/2019
Edingen,Benjamin,Mannelijk,07/06/2019
Antwerpen,Jimmy,Mannelijk,06/11/2019
Boechout,Nick,Mannelijk,06/24/2019
Lommel,Marie,Vrouwelijk,06/18/2019
Duffel,Erik,Mannelijk,06/24/2019
Asse,Sara,Vrouwelijk,06/16/2019
Schaarbeek,Arda,Mannelijk,06/14/2019
Lebbeke,Anne,Vrouwelijk,06/22/2019
Mettet,Olivier,Mannelijk,07/24/2019
Aalst (Aalst),Marie-Madeleine,Vrouwelijk,06/13/2019
Kapellen (Antwerpen),Sandra,Vrouwelijk,06/10/2019
Lasne,Alexia,Vrouwelijk,06/17/2019
Antwerpen,Linne,Vrouwelijk,06/15/2019
Bevekom,Valérie,Vrouwelijk,06/21/2019
Antwerpen,Laurens,Mannelijk,07/09/2019
Erpe-Mere,Yves,Mannelijk,06/06/2019
Sint-Lambrechts-Woluwe,Jean,Mannelijk,06/18/2019
Leuze-en-Hainaut,Carine,Vrouwelijk,06/24/2019
Bornem,Leen,Vrouwelijk,06/08/2019
Moeskroen,Mathieu,Mannelijk,06/17/2019
Colfontaine,Vincent,Mannelijk,06/18/2019
Herstal,Fatima,Vrouwelijk,06/07/2019
Schaarbeek,Sibel,Vrouwelijk,06/25/2019
Dendermonde,Jurgen,Mannelijk,06/21/2019
Peer,Lot,Vrouwelijk,06/13/2019
Verviers,Jean-Philippe,Mannelijk,06/10/2019
Maasmechelen,Johanna,Vrouwelijk,06/17/2019
Charleroi,Laura,Vrouwelijk,06/15/2019
Oostkamp,Lars,Mannelijk,06/15/2019
Waver,Marguerite,Vrouwelijk,06/18/2019
Sint-Gillis,Ikram,Vrouwelijk,06/13/2019
