gemeente,naam,geslacht,verwachte datum
Charleroi,Laeticia,Vrouwelijk,04/21/2019
Quiévrain,Caroline,Vrouwelijk,05/05/2019
Gembloux,Evelyne,Vrouwelijk,04/15/2019
Leuven,Esther,Vrouwelijk,05/05/2019
De Pinte,Lies,Vrouwelijk,04/19/2019
Vorst (Brussel-Hoofdstad),Françoise,Vrouwelijk,05/11/2019
Antwerpen,Anita,Vrouwelijk,04/29/2019
Turnhout,Lorenzo,Mannelijk,04/22/2019
Scherpenheuvel-Zichem,Lutgarde,Vrouwelijk,05/09/2019
Anderlecht,Gaëlle,Vrouwelijk,04/27/2019
Charleroi,Hugo,Mannelijk,05/08/2019
Sint-Niklaas (Sint-Niklaas),Mehdi,Mannelijk,04/22/2019
Dilsen-Stokkem,Nicolaas,Mannelijk,04/19/2019
Terhulpen,Romain,Mannelijk,04/17/2019
Houthulst,Shana,Vrouwelijk,04/28/2019
Sint-Pieters-Woluwe,Jean,Mannelijk,05/06/2019
Kontich,Joanna,Vrouwelijk,04/22/2019
Tienen,Emma,Vrouwelijk,04/21/2019
Doornik,Jean,Mannelijk,05/14/2019
’s Gravenbrakel,Corinne,Vrouwelijk,05/31/2019
Ronse,Erwin,Mannelijk,04/22/2019
Chaumont-Gistoux,Edouard,Mannelijk,04/29/2019
Antwerpen,Jacob,Mannelijk,04/20/2019
Affligem,Charlotte,Vrouwelijk,04/14/2019
Nijvel,Thierry,Mannelijk,04/28/2019
Sambreville,Chantal,Vrouwelijk,06/08/2019
Heusden-Zolder,Brigitta,Vrouwelijk,04/13/2019
Stabroek,Julie,Vrouwelijk,05/06/2019
Namen,Marie,Vrouwelijk,05/03/2019
Erpe-Mere,Willy,Mannelijk,05/02/2019
Antwerpen,Ilse,Vrouwelijk,04/23/2019
Waregem,Geert,Mannelijk,04/17/2019
Ieper,Greta,Vrouwelijk,04/27/2019
Bergen,Giuliana,Vrouwelijk,05/04/2019
Zonhoven,Kristien,Vrouwelijk,05/02/2019
Turnhout,Jan,Mannelijk,04/29/2019
Ham,Bart,Mannelijk,04/22/2019
Zonhoven,Petra,Vrouwelijk,04/23/2019
Halle (Halle-Vilvoorde),Anke,Vrouwelijk,04/30/2019
Zwijndrecht,Lucas,Mannelijk,04/14/2019
Schaarbeek,Cléo,Vrouwelijk,04/30/2019
Seraing,Pierre,Mannelijk,05/02/2019
Oosterzele,Christine,Vrouwelijk,05/01/2019
Turnhout,Marina,Vrouwelijk,04/20/2019
Zottegem,Rita,Vrouwelijk,04/21/2019
Westerlo,Sonja,Vrouwelijk,04/22/2019
Beernem,Chris,Mannelijk,04/17/2019
Evergem,Andy,Mannelijk,04/22/2019
Hamont-Achel,Rudy,Mannelijk,04/26/2019
Mechelen,Gregory,Mannelijk,04/16/2019
Ottignies-Louvain-la-Neuve,Martin,Mannelijk,04/23/2019
Lede,Gerard,Mannelijk,04/22/2019
Theux,Jérémy,Mannelijk,05/01/2019
Heist-op-den-Berg,Marc,Mannelijk,04/22/2019
Sint-Jans-Molenbeek,Samir,Mannelijk,05/12/2019
Antwerpen,Dieter,Mannelijk,04/24/2019
Mortsel,Eric,Mannelijk,04/22/2019
Mechelen,Sylvie,Vrouwelijk,05/11/2019
Lievegem,Finn,Mannelijk,04/25/2019
Zele,Liesbeth,Vrouwelijk,04/22/2019
Aalter,Luna,Vrouwelijk,06/16/2019
Charleroi,Faris,Mannelijk,05/06/2019
Machelen (Halle-Vilvoorde),Younes,Mannelijk,04/24/2019
Bergen,Julien,Mannelijk,05/11/2019
Bierbeek,Sophie,Vrouwelijk,05/16/2019
Waregem,José,Mannelijk,04/20/2019
Lint,Philippe,Mannelijk,04/26/2019
Scherpenheuvel-Zichem,Anja,Vrouwelijk,04/18/2019
Tongeren,Ivo,Mannelijk,05/15/2019
Gent,Bieke,Vrouwelijk,04/20/2019
Antwerpen,Ahmed,Mannelijk,04/13/2019
Torhout,Lisa,Vrouwelijk,04/26/2019
Houthalen-Helchteren,André,Mannelijk,04/13/2019
Heist-op-den-Berg,Annelies,Vrouwelijk,04/19/2019
Zoersel,Franciscus,Mannelijk,04/28/2019
Brunehaut,Michel,Mannelijk,04/22/2019
Maasmechelen,Wesley,Mannelijk,05/09/2019
Viroinval,Coralie,Vrouwelijk,04/30/2019
Watermaal-Bosvoorde,Paula,Vrouwelijk,04/29/2019
Pelt,Nick,Mannelijk,05/02/2019
Langemark-Poelkapelle,Geert,Mannelijk,04/19/2019
Herzele,Vera,Vrouwelijk,05/14/2019
Oudsbergen,Erwin,Mannelijk,04/25/2019
Oostende,Abdul,Mannelijk,04/24/2019
Thimister-Clermont,Emy,Vrouwelijk,05/03/2019
Lokeren,Michiel,Mannelijk,04/25/2019
Aat,Eliane,Vrouwelijk,04/25/2019
Antwerpen,Rita,Vrouwelijk,04/21/2019
Ieper,Saskia,Vrouwelijk,04/22/2019
Oudsbergen,Milan,Mannelijk,04/27/2019
Kortenberg,Tomasz,Mannelijk,04/19/2019
Ieper,Godelieva,Vrouwelijk,05/01/2019
Koksijde,Denise,Vrouwelijk,04/24/2019
Antwerpen,Martine,Vrouwelijk,04/24/2019
Sint-Truiden,Paulina,Vrouwelijk,04/14/2019
Antwerpen,Fatima,Vrouwelijk,05/12/2019
Harelbeke,Zahra,Vrouwelijk,04/24/2019
Leuze-en-Hainaut,Olivier,Mannelijk,04/13/2019
Essen,Warre,Mannelijk,04/27/2019
Deinze,Pablo,Mannelijk,04/15/2019
Anderlecht,Mariana,Vrouwelijk,04/17/2019
Geel,Anna,Vrouwelijk,05/02/2019
Ledegem,Willy,Mannelijk,05/01/2019
Beersel,Patrick,Mannelijk,05/03/2019
Sint-Gillis-Waas,Raoul,Mannelijk,05/14/2019
Wemmel,Anke,Vrouwelijk,06/15/2019
Heers,Maria,Vrouwelijk,04/22/2019
Beersel,Luc,Mannelijk,04/24/2019
Merchtem,Laurens,Mannelijk,04/13/2019
Wommelgem,Benjamin,Mannelijk,04/24/2019
Ecaussinnes,Christophe,Mannelijk,04/13/2019
Gent,Gaëlle,Vrouwelijk,04/20/2019
Puurs-Sint-Amands,Leo,Mannelijk,04/22/2019
Namen,Hélène,Vrouwelijk,04/20/2019
Antwerpen,Nurettin,Mannelijk,04/22/2019
Orp-Jauche,Vinciane,Vrouwelijk,04/23/2019
Charleroi,Klara,Vrouwelijk,04/23/2019
Hasselt,Marleen,Vrouwelijk,05/02/2019
Herentals,Mike,Mannelijk,04/21/2019
Brugge,Stefan,Mannelijk,04/17/2019
Balen,Nick,Mannelijk,05/11/2019
Luik,Maxime,Mannelijk,04/13/2019
Kortemark,Gilbert,Mannelijk,05/17/2019
Rotselaar,Monique,Vrouwelijk,04/14/2019
Borsbeek,Peter,Mannelijk,05/20/2019
Luik,Thi,Vrouwelijk,04/13/2019
Kasterlee,Lieven,Mannelijk,04/30/2019
Leuven,Ann,Vrouwelijk,04/21/2019
Dilbeek,Igor,Mannelijk,04/27/2019
Bergen,Maria,Vrouwelijk,05/05/2019
Gent,Kokou,Mannelijk,04/19/2019
Zulte,Nico,Mannelijk,04/22/2019
Aarschot,Jana,Vrouwelijk,05/25/2019
Bergen,Antonio,Mannelijk,04/22/2019
Luik,Charlotte,Vrouwelijk,06/05/2019
Dendermonde,Alfons,Mannelijk,04/24/2019
Lokeren,Kaat,Vrouwelijk,04/17/2019
Lubbeek,Sam,Mannelijk,04/15/2019
Pelt,Flor,Mannelijk,04/25/2019
Lasne,Alexis,Mannelijk,04/29/2019
Haaltert,Linda,Vrouwelijk,04/19/2019
Schaarbeek,Dariusz,Mannelijk,04/13/2019
Tongeren,Daniel,Mannelijk,04/16/2019
Tubeke,Anne,Vrouwelijk,04/23/2019
Luik,Martine,Vrouwelijk,04/20/2019
Ukkel,Sophie,Vrouwelijk,04/16/2019
Beringen,Daan,Mannelijk,04/25/2019
Sint-Joost-ten-Node,Benoit,Mannelijk,05/07/2019
Péruwelz,Thierry,Mannelijk,04/20/2019
Tienen,Tom,Mannelijk,04/22/2019
Dilbeek,René,Mannelijk,04/27/2019
Manage,Emeline,Vrouwelijk,04/22/2019
Denderleeuw,Siegrid,Vrouwelijk,04/18/2019
Mettet,Frédéric,Mannelijk,04/25/2019
Aartselaar,Ana,Vrouwelijk,04/20/2019
Sint-Niklaas (Sint-Niklaas),Elena,Vrouwelijk,05/16/2019
Charleroi,Christine,Vrouwelijk,04/20/2019
Lokeren,Eveline,Vrouwelijk,04/20/2019
Brugge,Alain,Mannelijk,05/07/2019
Lokeren,Mia,Vrouwelijk,04/23/2019
Gooik,Yolande,Vrouwelijk,04/30/2019
Hasselt,Ine,Vrouwelijk,04/15/2019
Esneux,Patrick,Mannelijk,04/14/2019
Waver,Gaëlle,Vrouwelijk,04/17/2019
Pelt,Anna,Vrouwelijk,04/29/2019
Brecht,Sofie,Vrouwelijk,05/01/2019
Juprelle,Serge,Mannelijk,04/24/2019
Herentals,Jan,Mannelijk,04/22/2019
Geraardsbergen,Serge,Mannelijk,04/18/2019
De Pinte,Wilfried,Mannelijk,04/21/2019
Herzele,Cecilia,Vrouwelijk,04/22/2019
Sint-Lievens-Houtem,Nele,Vrouwelijk,04/24/2019
Jemeppe-sur-Sambre,Martin,Mannelijk,04/30/2019
Gent,Katrien,Vrouwelijk,05/16/2019
Antwerpen,Jitte,Vrouwelijk,04/16/2019
Mol,Gerda,Vrouwelijk,04/19/2019
Aarschot,Nadia,Vrouwelijk,04/28/2019
Antwerpen,Matthias,Mannelijk,04/29/2019
Koekelberg,Elzbieta,Vrouwelijk,04/24/2019
Gent,Stefanie,Vrouwelijk,04/23/2019
Fosses-la-Ville,Lucien,Mannelijk,04/28/2019
Onhaye,Françoise,Vrouwelijk,04/13/2019
Mechelen,Youssef,Mannelijk,04/19/2019
Knokke-Heist,Davy,Mannelijk,05/06/2019
Mechelen,Britt,Vrouwelijk,04/27/2019
Bilzen,Joseph,Mannelijk,04/29/2019
Mont-Saint-Guibert,Angélique,Vrouwelijk,05/12/2019
Diksmuide,Andreas,Mannelijk,04/29/2019
Hasselt,Olga,Vrouwelijk,04/28/2019
Evere,Franck,Mannelijk,04/24/2019
Luik,Sophie,Vrouwelijk,04/13/2019
Brugge,Chris,Mannelijk,04/29/2019
Jette,Paul,Mannelijk,04/20/2019
Oostende,Maria,Vrouwelijk,04/25/2019
Putte,Lars,Mannelijk,04/22/2019
Tongeren,Valérie,Vrouwelijk,04/22/2019
Waasmunster,Brigitte,Vrouwelijk,04/19/2019
Kortrijk,Ernest,Mannelijk,05/10/2019
Sint-Lambrechts-Woluwe,Jadwiga,Vrouwelijk,04/23/2019
Somme-Leuze,Tom,Mannelijk,04/21/2019
Bergen,Marie,Vrouwelijk,04/23/2019
Schaarbeek,Laure,Vrouwelijk,04/27/2019
Anhée,Clara,Vrouwelijk,05/01/2019
Edegem,Marc,Mannelijk,04/23/2019
Péruwelz,Steven,Mannelijk,04/14/2019
Ninove,Bert,Mannelijk,04/13/2019
Verviers,Eliott,Mannelijk,04/15/2019
Beringen,Linda,Vrouwelijk,04/12/2019
Waregem,Rita,Vrouwelijk,04/23/2019
Wingene,Guido,Mannelijk,04/16/2019
Izegem,Christel,Vrouwelijk,04/20/2019
Pecq,Laurine,Vrouwelijk,05/06/2019
Grimbergen,Stefanie,Vrouwelijk,04/20/2019
Schilde,Jana,Vrouwelijk,04/27/2019
Kortrijk,Kristof,Mannelijk,04/24/2019
Doornik,Ophélie,Vrouwelijk,06/07/2019
Jette,Kamel,Mannelijk,04/25/2019
Neufchâteau (Neufchâteau),Nathalie,Vrouwelijk,05/16/2019
Lanaken,Josephus,Mannelijk,05/25/2019
Heers,Jana,Vrouwelijk,05/01/2019
Fleurus,François,Mannelijk,04/25/2019
Sint-Truiden,Cédric,Mannelijk,04/16/2019
Sint-Niklaas (Sint-Niklaas),Veronique,Vrouwelijk,04/26/2019
Hasselt,Tom,Mannelijk,04/23/2019
Hasselt,Henri,Mannelijk,05/01/2019
Pelt,Marie,Vrouwelijk,04/25/2019
Malmedy,Laura,Vrouwelijk,04/19/2019
Tienen,Rita,Vrouwelijk,04/24/2019
Hasselt,Joost,Mannelijk,04/24/2019
Antwerpen,Willy,Mannelijk,04/15/2019
Asse,Robin,Mannelijk,05/05/2019
Linter,Roger,Mannelijk,04/19/2019
Sint-Pieters-Woluwe,Annie,Vrouwelijk,04/21/2019
Dendermonde,Beatrice,Vrouwelijk,04/17/2019
Oupeye,Thomas,Mannelijk,04/17/2019
Ans,Fatima,Vrouwelijk,05/06/2019
Zaventem,Ilse,Vrouwelijk,04/27/2019
Heusden-Zolder,Stef,Mannelijk,04/23/2019
Charleroi,Perrine,Vrouwelijk,05/01/2019
Ottignies-Louvain-la-Neuve,Alain,Mannelijk,04/21/2019
Moeskroen,Jeannine,Vrouwelijk,05/01/2019
Sint-Truiden,Eline,Vrouwelijk,05/02/2019
Meise,Anny,Vrouwelijk,04/15/2019
Roeselare,Jan,Mannelijk,04/16/2019
Aalter,Ellen,Vrouwelijk,05/15/2019
Tessenderlo,Alex,Mannelijk,04/19/2019
Roosdaal,Mathieu,Mannelijk,04/20/2019
Ottignies-Louvain-la-Neuve,Chloé,Vrouwelijk,05/01/2019
Ukkel,Daniel,Mannelijk,06/12/2019
Luik,Sarah,Vrouwelijk,04/21/2019
Itter,Arthur,Mannelijk,04/30/2019
Erpe-Mere,Anita,Vrouwelijk,04/12/2019
Antwerpen,Arne,Mannelijk,04/30/2019
Charleroi,Bénédicte,Vrouwelijk,04/28/2019
Menen,Magdalena,Vrouwelijk,04/18/2019
Waterloo,Michel,Mannelijk,04/29/2019
Herve,Caroline,Vrouwelijk,05/03/2019
Namen,Anne,Vrouwelijk,04/20/2019
Andenne,Laura,Vrouwelijk,04/26/2019
Charleroi,Fadoua,Vrouwelijk,04/18/2019
Kontich,Marcel,Mannelijk,04/30/2019
Fléron,Alberte,Vrouwelijk,04/22/2019
Buggenhout,Michaël,Mannelijk,05/11/2019
Vilvoorde,Suzanne,Vrouwelijk,04/27/2019
Zedelgem,Gino,Mannelijk,04/30/2019
Binche,Pascal,Mannelijk,04/27/2019
Hasselt,Isabelle,Vrouwelijk,04/21/2019
Sambreville,Ioan,Mannelijk,04/17/2019
Jette,Rayan,Mannelijk,04/25/2019
Leuven,Serge,Mannelijk,04/22/2019
Sambreville,André,Mannelijk,04/19/2019
Lochristi,Sofie,Vrouwelijk,04/23/2019
Duffel,Nick,Mannelijk,04/19/2019
Dendermonde,Anna,Vrouwelijk,04/21/2019
Roosdaal,Jeanne,Vrouwelijk,04/20/2019
Oosterzele,Sarah,Vrouwelijk,04/24/2019
Ledegem,Lindsey,Vrouwelijk,04/18/2019
Brussel,Noura,Vrouwelijk,04/23/2019
Beveren (Sint-Niklaas),August,Mannelijk,05/08/2019
Sint-Pieters-Woluwe,Mireille,Vrouwelijk,04/16/2019
Charleroi,Joël,Mannelijk,05/09/2019
Tielt-Winge,Patricia,Vrouwelijk,04/20/2019
Antwerpen,Bilal,Mannelijk,04/12/2019
Ravels,Marijke,Vrouwelijk,04/12/2019
Leuven,Lucienne,Vrouwelijk,04/26/2019
Jette,Maria,Vrouwelijk,04/19/2019
Knokke-Heist,Ferdinand,Mannelijk,04/18/2019
Anzegem,Kelly,Vrouwelijk,04/24/2019
Brussel,Joseph,Mannelijk,04/20/2019
Elsene,Markéta,Vrouwelijk,04/23/2019
Genepiën,Anne-Catherine,Vrouwelijk,05/01/2019
Bergen,Grazia,Vrouwelijk,05/01/2019
Gent,Anna,Vrouwelijk,04/21/2019
Hasselt,Dirk,Mannelijk,04/21/2019
Beerse,Maria,Vrouwelijk,04/29/2019
Sambreville,Valérie,Vrouwelijk,04/19/2019
Ieper,Danny,Mannelijk,04/19/2019
Sint-Katelijne-Waver,Meryem,Vrouwelijk,04/25/2019
Ukkel,Florent,Mannelijk,04/22/2019
Oostkamp,Maxim,Mannelijk,04/28/2019
Châtelet,Patrick,Mannelijk,04/15/2019
Antwerpen,Lewis,Mannelijk,04/16/2019
Londerzeel,Francina,Vrouwelijk,05/16/2019
Namen,Nicolas,Mannelijk,04/21/2019
Staden,Tine,Vrouwelijk,04/29/2019
Terhulpen,Raymond,Mannelijk,04/12/2019
Beringen,Marie-Claire,Vrouwelijk,04/22/2019
Ottignies-Louvain-la-Neuve,Adrien,Mannelijk,04/28/2019
Vaux-sur-Sûre,Jennifer,Vrouwelijk,04/20/2019
Saint-Nicolas (Luik),Patrick,Mannelijk,04/29/2019
Bernissart,Jean,Mannelijk,05/06/2019
Meise,Emiel,Mannelijk,05/05/2019
Maaseik,Jan,Mannelijk,04/20/2019
La Louvière,Jean-Luc,Mannelijk,04/12/2019
Mortsel,Carine,Vrouwelijk,06/12/2019
Quaregnon,Mohamed,Mannelijk,04/26/2019
Lier,Gilberte,Vrouwelijk,04/16/2019
Wezembeek-Oppem,Marie,Vrouwelijk,04/16/2019
Doornik,Laurent,Mannelijk,04/21/2019
Courcelles,Jacques,Mannelijk,05/03/2019
Tremelo,Jan,Mannelijk,05/06/2019
Saint-Nicolas (Luik),Calogero,Mannelijk,04/19/2019
Roeselare,Lucia,Vrouwelijk,04/26/2019
Sint-Agatha-Berchem,Habiba,Vrouwelijk,04/26/2019
Kapellen (Antwerpen),Georges,Mannelijk,04/29/2019
Antwerpen,Elza,Vrouwelijk,04/19/2019
