gemeente,naam,geslacht,verwachte datum
Antwerpen,Ellie,Vrouwelijk,07/01/2019
Brussel,Angela,Vrouwelijk,06/30/2019
Grâce-Hollogne,Anthony,Mannelijk,06/24/2019
Ottignies-Louvain-la-Neuve,Michel,Mannelijk,06/30/2019
Ganshoren,Lucienne,Vrouwelijk,06/25/2019
Hamme (Dendermonde),Jelle,Mannelijk,06/20/2019
Oudenaarde,Johan,Mannelijk,07/08/2019
Zwijndrecht,Wim,Mannelijk,06/20/2019
Sint-Jans-Molenbeek,Nadine,Vrouwelijk,06/29/2019
Ottignies-Louvain-la-Neuve,Yvette,Vrouwelijk,07/02/2019
Bergen,Mireille,Vrouwelijk,07/15/2019
Ronse,Josiane,Vrouwelijk,06/30/2019
Luik,Sergio,Mannelijk,06/21/2019
Ichtegem,Georges,Mannelijk,07/02/2019
Antwerpen,Frank,Mannelijk,07/01/2019
Willebroek,Stefan,Mannelijk,07/03/2019
Eigenbrakel,Christophe,Mannelijk,07/20/2019
Kaprijke,Maurice,Mannelijk,07/07/2019
Awans,Thibaut,Mannelijk,06/28/2019
Boom,Maria,Vrouwelijk,06/24/2019
Genk,Jonas,Mannelijk,07/03/2019
Charleroi,Jean-Pierre,Mannelijk,07/10/2019
Herent,Gaston,Mannelijk,06/21/2019
Theux,Guillaume,Mannelijk,07/05/2019
Brussel,Sabrina,Vrouwelijk,07/04/2019
Rendeux,Guy,Mannelijk,07/17/2019
Antwerpen,Ngawang,Mannelijk,07/04/2019
Elsene,Edouard,Mannelijk,07/09/2019
Grimbergen,Sanae,Vrouwelijk,08/15/2019
Aalst (Aalst),Tom,Mannelijk,07/04/2019
Sint-Joost-ten-Node,Omar,Mannelijk,07/10/2019
Roeselare,Mila,Vrouwelijk,06/22/2019
Ieper,Arne,Mannelijk,07/02/2019
Merelbeke,Luna,Vrouwelijk,07/21/2019
Torhout,Kurt,Mannelijk,06/27/2019
Aarschot,Julie,Vrouwelijk,07/02/2019
Rotselaar,Robbe,Mannelijk,06/28/2019
Leuven,Gerard,Mannelijk,06/30/2019
Sint-Truiden,Irène,Vrouwelijk,06/26/2019
Nieuwpoort,Julie,Vrouwelijk,06/28/2019
Maasmechelen,Ella,Vrouwelijk,07/13/2019
Ninove,Sofie,Vrouwelijk,06/22/2019
Zandhoven,Agnes,Vrouwelijk,07/01/2019
Luik,Hadda,Vrouwelijk,06/21/2019
Sint-Niklaas (Sint-Niklaas),Frédien,Mannelijk,07/21/2019
Hamont-Achel,Els,Vrouwelijk,07/01/2019
Charleroi,Yanis,Mannelijk,06/27/2019
Quiévrain,Claude,Mannelijk,07/26/2019
Hoogstraten,Koen,Mannelijk,06/30/2019
Brussel,Bouchra,Vrouwelijk,06/29/2019
Evere,Denis,Mannelijk,06/29/2019
Boussu,Krystyna,Vrouwelijk,06/30/2019
Charleroi,Eléanore,Vrouwelijk,06/20/2019
Gent,Germaine,Vrouwelijk,06/28/2019
Eeklo,Heidi,Vrouwelijk,07/01/2019
Oostende,Franky,Mannelijk,06/21/2019
Zedelgem,Gust,Mannelijk,07/03/2019
Luik,Anne-France,Vrouwelijk,07/01/2019
Bastenaken,Vincent,Mannelijk,07/01/2019
Chaudfontaine,Annette,Vrouwelijk,07/06/2019
Celles (Doornik),René,Mannelijk,07/01/2019
Gouvy,Martine,Vrouwelijk,06/29/2019
Ukkel,José,Vrouwelijk,07/07/2019
Ronse,Agnes,Vrouwelijk,07/06/2019
Brussel,Kurt,Mannelijk,07/12/2019
Diepenbeek,Joseph,Mannelijk,07/04/2019
Fontaine-l’Evêque,Nicole,Vrouwelijk,07/08/2019
Soumagne,Cathérine,Vrouwelijk,07/13/2019
Jette,Ludovic,Mannelijk,07/08/2019
Sambreville,Jean,Mannelijk,06/25/2019
Fosses-la-Ville,Valérie,Vrouwelijk,06/22/2019
Zwevegem,Els,Vrouwelijk,07/09/2019
Oosterzele,Kurt,Mannelijk,07/09/2019
Wuustwezel,Juliette,Vrouwelijk,07/02/2019
Villers-Le-Bouillet,Clémence,Vrouwelijk,06/26/2019
Beveren (Sint-Niklaas),Christel,Vrouwelijk,07/10/2019
Stekene,Yvonne,Vrouwelijk,06/28/2019
Schaarbeek,Amal,Vrouwelijk,06/20/2019
La Louvière,Olga,Vrouwelijk,06/26/2019
Sombreffe,Daniel,Mannelijk,06/24/2019
Luik,Ryan,Mannelijk,07/14/2019
Merelbeke,Martin,Mannelijk,07/07/2019
Waver,Dominique,Mannelijk,06/30/2019
Heist-op-den-Berg,Tess,Vrouwelijk,07/08/2019
Farciennes,Sibel,Vrouwelijk,07/23/2019
Aalst (Aalst),Jan,Mannelijk,06/25/2019
Morlanwelz,Jean-Marc,Mannelijk,06/20/2019
Mechelen,Gilberte,Vrouwelijk,06/28/2019
Jette,Emilie,Vrouwelijk,07/11/2019
Sambreville,Manon,Vrouwelijk,07/23/2019
Perwijs (Nijvel),Josiane,Vrouwelijk,06/24/2019
Ukkel,Antoine,Mannelijk,07/03/2019
Zonnebeke,Bart,Mannelijk,07/02/2019
Antwerpen,Vera,Vrouwelijk,07/10/2019
Grimbergen,Otman,Mannelijk,07/16/2019
Antwerpen,Georgi,Mannelijk,06/24/2019
Galmaarden,Didier,Mannelijk,08/19/2019
Hasselt,Jorrit,Mannelijk,07/09/2019
Bergen,Béatrice,Vrouwelijk,07/08/2019
Antwerpen,Abdelkarim,Mannelijk,06/21/2019
Meulebeke,Pierre,Mannelijk,07/01/2019
Brussel,Sylvain,Mannelijk,07/07/2019
Blankenberge,Vince,Mannelijk,06/22/2019
Antwerpen,Victor,Mannelijk,07/07/2019
Paliseul,Cécile,Vrouwelijk,06/28/2019
Kapellen (Antwerpen),Lea,Vrouwelijk,07/20/2019
Lokeren,Oumaima,Vrouwelijk,07/23/2019
Maaseik,Johan,Mannelijk,06/28/2019
Bastenaken,Lisa,Vrouwelijk,06/24/2019
Colfontaine,Louise,Vrouwelijk,06/28/2019
Brussel,Hassanatou,Vrouwelijk,06/28/2019
Aalter,Tom,Mannelijk,07/06/2019
Charleroi,Soumaya,Vrouwelijk,07/04/2019
Hannuit,Stéphane,Mannelijk,06/26/2019
Bernissart,Béatrice,Vrouwelijk,06/28/2019
Antwerpen,Yani,Mannelijk,07/04/2019
Ottignies-Louvain-la-Neuve,Alain,Mannelijk,06/27/2019
Quaregnon,Mathieu,Mannelijk,06/29/2019
Deinze,Norbert,Mannelijk,07/22/2019
Charleroi,Laurie,Vrouwelijk,07/01/2019
Oosterzele,Lukas,Mannelijk,06/28/2019
Theux,Clara,Vrouwelijk,06/20/2019
Antwerpen,Abderrazak,Mannelijk,07/03/2019
Wemmel,Valérie,Vrouwelijk,06/22/2019
Aalst (Aalst),Nisa,Vrouwelijk,06/25/2019
Asse,Mostafa,Mannelijk,07/20/2019
Saint-Hubert,Léna,Vrouwelijk,07/07/2019
Hoei,Marcel,Mannelijk,07/04/2019
Schaarbeek,Joël,Mannelijk,07/07/2019
Kalmthout,Matthias,Mannelijk,06/30/2019
Beernem,Lieve,Vrouwelijk,07/07/2019
Diest,Nelly,Vrouwelijk,06/27/2019
Wevelgem,Nancy,Vrouwelijk,07/10/2019
Ans,Samira,Vrouwelijk,07/04/2019
Heusden-Zolder,Anja,Vrouwelijk,07/18/2019
Sint-Jans-Molenbeek,Meriem,Vrouwelijk,07/08/2019
Zonhoven,Louise,Vrouwelijk,07/03/2019
Asse,Mark,Mannelijk,07/08/2019
Kortenberg,Monique,Vrouwelijk,07/08/2019
Herstal,Carlos,Mannelijk,06/23/2019
Halle (Halle-Vilvoorde),Magda,Vrouwelijk,06/27/2019
Beernem,Diederik,Mannelijk,06/22/2019
Zwijndrecht,Koen,Mannelijk,06/30/2019
Sint-Pieters-Leeuw,Marcin,Mannelijk,07/04/2019
Antwerpen,Herlinda,Vrouwelijk,07/03/2019
Edegem,Maria,Vrouwelijk,07/08/2019
Bitsingen,François,Mannelijk,07/02/2019
Esneux,Michelle,Vrouwelijk,07/17/2019
Steenokkerzeel,Anne,Vrouwelijk,07/02/2019
Antwerpen,Anouar,Mannelijk,07/02/2019
Ukkel,Noam,Mannelijk,06/30/2019
Laakdal,Eduard,Mannelijk,07/05/2019
Zwijndrecht,Sonia,Vrouwelijk,06/23/2019
Huldenberg,Jan,Mannelijk,06/28/2019
Lessen,Andrée,Vrouwelijk,06/20/2019
Rijkevorsel,Nathalie,Vrouwelijk,06/30/2019
Oud-Turnhout,Gerda,Vrouwelijk,07/07/2019
Elsene,Alice,Vrouwelijk,06/25/2019
Ukkel,Younes,Mannelijk,06/30/2019
Beveren (Sint-Niklaas),Stefan,Mannelijk,08/02/2019
Fléron,Dominique,Vrouwelijk,06/28/2019
Charleroi,Sébastien,Mannelijk,07/10/2019
De Panne,Bruno,Mannelijk,07/01/2019
Harelbeke,Kristof,Mannelijk,06/29/2019
Wevelgem,Eddie,Mannelijk,06/25/2019
Bergen,Steve,Mannelijk,06/29/2019
Lint,Elise,Vrouwelijk,06/20/2019
Veurne,Bram,Mannelijk,07/09/2019
Leuven,Cristina,Vrouwelijk,07/26/2019
Beloeil,Clara,Vrouwelijk,07/04/2019
Zwevegem,Leander,Mannelijk,07/08/2019
Seraing,Farah,Vrouwelijk,07/09/2019
Lummen,Rudi,Mannelijk,07/06/2019
Willebroek,Jozef,Mannelijk,07/24/2019
Herk-de-Stad,Angèle,Vrouwelijk,06/25/2019
La Louvière,Giuseppe,Mannelijk,07/04/2019
Boom,Jordy,Mannelijk,06/29/2019
Leuven,Allison,Vrouwelijk,07/15/2019
De Haan,Luc,Mannelijk,07/04/2019
Gent,Monique,Vrouwelijk,06/27/2019
Wijnegem,Irma,Vrouwelijk,06/23/2019
Jabbeke,Roger,Mannelijk,07/12/2019
Moorslede,Caroline,Vrouwelijk,07/09/2019
Gesves,Jessica,Vrouwelijk,07/02/2019
Charleroi,Rachel,Vrouwelijk,06/29/2019
Jette,Myriam,Vrouwelijk,06/28/2019
Neufchâteau (Neufchâteau),Albert,Mannelijk,07/16/2019
Kortenberg,Nelly,Vrouwelijk,06/27/2019
Boortmeerbeek,Casper,Mannelijk,06/21/2019
Kortrijk,Paul,Mannelijk,06/22/2019
Brussel,Anton,Mannelijk,06/22/2019
Hoeilaart,Pieter,Mannelijk,07/06/2019
Theux,Guy,Mannelijk,07/07/2019
Maaseik,Kimberly,Vrouwelijk,07/08/2019
Sint-Niklaas (Sint-Niklaas),Nina,Vrouwelijk,07/08/2019
Harelbeke,Hanne,Vrouwelijk,06/23/2019
Brakel,Ellen,Vrouwelijk,07/14/2019
Luik,Thi,Vrouwelijk,07/21/2019
Schaarbeek,Laurent,Mannelijk,07/02/2019
Geel,Robert,Mannelijk,07/14/2019
Morlanwelz,Mauricette,Vrouwelijk,06/30/2019
Luik,Julien,Mannelijk,06/21/2019
Lochristi,Caroline,Vrouwelijk,06/20/2019
Sint-Pieters-Woluwe,Céline,Vrouwelijk,07/05/2019
Meerhout,Maria,Vrouwelijk,07/02/2019
Leuven,Maria,Vrouwelijk,07/13/2019
Andenne,Michel,Mannelijk,06/20/2019
Brussel,Victoria,Vrouwelijk,06/28/2019
Scherpenheuvel-Zichem,Tom,Mannelijk,07/02/2019
Luik,Iris,Vrouwelijk,07/21/2019
Brugge,Patrick,Mannelijk,06/24/2019
Sint-Joost-ten-Node,Mevlüt,Mannelijk,06/27/2019
Lokeren,Elly,Vrouwelijk,06/23/2019
Charleroi,Christian,Mannelijk,06/23/2019
Zemst,Robin,Mannelijk,06/28/2019
Zinnik,Zoé,Vrouwelijk,07/24/2019
Destelbergen,Julia,Vrouwelijk,07/02/2019
Antwerpen,Roger,Mannelijk,07/01/2019
Damme,Patrick,Mannelijk,07/03/2019
Kasterlee,Jozef,Mannelijk,07/13/2019
Wanze,Jean,Mannelijk,07/08/2019
Lebbeke,Iris,Vrouwelijk,06/24/2019
Frameries,Isabelle,Vrouwelijk,06/27/2019
Ravels,Robin,Mannelijk,07/19/2019
Lobbes,Bernard,Mannelijk,06/29/2019
Stekene,Edmond,Mannelijk,07/08/2019
Ronse,Najia,Vrouwelijk,07/14/2019
Jemeppe-sur-Sambre,Johnny,Mannelijk,07/03/2019
Sint-Jans-Molenbeek,Maria,Vrouwelijk,06/25/2019
Puurs-Sint-Amands,Jozef,Mannelijk,06/27/2019
Blegny,Luc,Mannelijk,06/20/2019
Hasselt,Marie-Claire,Vrouwelijk,06/29/2019
Waterloo,Véronique,Vrouwelijk,07/17/2019
Soumagne,Jennifer,Vrouwelijk,06/30/2019
Châtelet,Chantal,Vrouwelijk,07/07/2019
Vilvoorde,Ikram,Vrouwelijk,07/11/2019
Lubbeek,Maxime,Mannelijk,06/22/2019
Asse,Jorn,Mannelijk,06/23/2019
Oostende,Rita,Vrouwelijk,07/17/2019
Sint-Pieters-Woluwe,Izabela,Vrouwelijk,07/10/2019
Lier,Krzysztof,Mannelijk,06/23/2019
Temse,Hilde,Vrouwelijk,08/03/2019
Clavier,Guy,Mannelijk,08/13/2019
Antwerpen,Mohamed,Mannelijk,07/06/2019
Tongeren,Christel,Vrouwelijk,07/03/2019
Antwerpen,Giancarlo,Mannelijk,06/28/2019
Fontaine-l’Evêque,Francesco,Mannelijk,07/07/2019
Beernem,Stefaan,Mannelijk,06/25/2019
Marche-en-Famenne,Didier,Mannelijk,06/28/2019
Elsene,Andrée,Vrouwelijk,06/20/2019
Anderlecht,Marie,Vrouwelijk,07/08/2019
Ranst,Nicole,Vrouwelijk,06/29/2019
Rochefort,Jacques,Mannelijk,07/01/2019
Antwerpen,Bettina,Vrouwelijk,07/03/2019
Sint-Jans-Molenbeek,Sami,Mannelijk,07/06/2019
Oupeye,Boris,Mannelijk,08/24/2019
Sambreville,Yves,Mannelijk,08/21/2019
Sombreffe,Arthur,Mannelijk,07/01/2019
Oostende,Damien,Mannelijk,06/26/2019
Westerlo,Stan,Mannelijk,06/28/2019
Schaarbeek,Claire,Vrouwelijk,06/28/2019
Ieper,Serge,Mannelijk,07/04/2019
Verviers,Geneviève,Vrouwelijk,07/12/2019
Dessel,Albert,Mannelijk,06/27/2019
Evergem,Lobke,Vrouwelijk,06/23/2019
Brussel,Thérèse,Vrouwelijk,06/27/2019
Roeselare,Anton,Mannelijk,07/03/2019
Pont-à-Celles,Quentin,Mannelijk,06/27/2019
Vielsalm,Jean,Mannelijk,07/21/2019
Leuven,Federico,Mannelijk,07/02/2019
Mechelen,Catharina,Vrouwelijk,06/27/2019
Gent,Ismaïl,Mannelijk,06/29/2019
Brasschaat,Veerle,Vrouwelijk,06/20/2019
’s Gravenbrakel,Françoise,Vrouwelijk,07/13/2019
Lommel,Ella,Vrouwelijk,08/06/2019
Elsene,Harriet,Vrouwelijk,06/21/2019
Luik,Matthieu,Mannelijk,06/28/2019
Welkenraedt,Thibault,Mannelijk,07/07/2019
Ukkel,Ambre,Vrouwelijk,07/10/2019
Sambreville,Monique,Vrouwelijk,07/03/2019
Tienen,Caroline,Vrouwelijk,06/28/2019
Mechelen,Linda,Vrouwelijk,06/20/2019
Antwerpen,Omar,Mannelijk,06/20/2019
Ciney,Thierry,Mannelijk,07/01/2019
Beringen,Tugba,Vrouwelijk,07/02/2019
Lessen,Mathys,Mannelijk,07/02/2019
Manage,Anna,Vrouwelijk,07/08/2019
Cerfontaine,Grégory,Mannelijk,06/30/2019
Ieper,Axel,Mannelijk,07/03/2019
Sint-Pieters-Leeuw,Yvonne,Vrouwelijk,06/27/2019
Herselt,Nancy,Vrouwelijk,06/23/2019
Olen,Danny,Mannelijk,06/27/2019
Zedelgem,Kris,Mannelijk,07/05/2019
Incourt,Dominique,Vrouwelijk,07/04/2019
Kortemark,Diana,Vrouwelijk,07/07/2019
Brugelette,Nicolas,Mannelijk,07/05/2019
Rumst,Renée,Vrouwelijk,07/12/2019
Koksijde,Paul,Mannelijk,07/02/2019
Aat,Jean-Marie,Mannelijk,07/01/2019
Antwerpen,Lieselot,Vrouwelijk,06/30/2019
Anderlecht,Mohammed,Mannelijk,06/30/2019
Turnhout,Jozef,Mannelijk,06/22/2019
Zoersel,Reginald,Mannelijk,07/10/2019
Ninove,Frieda,Vrouwelijk,06/28/2019
Bergen,Bernard,Mannelijk,07/02/2019
Schaarbeek,Elodie,Vrouwelijk,06/27/2019
Charleroi,Loredana,Vrouwelijk,07/10/2019
Herent,Agnes,Vrouwelijk,07/06/2019
Oupeye,Jean,Mannelijk,06/26/2019
Antwerpen,Geertrui,Vrouwelijk,07/10/2019
Bertem,Noémie,Vrouwelijk,07/08/2019
Jette,Elisabeth,Vrouwelijk,06/29/2019
Herve,Dominique,Mannelijk,07/09/2019
Court-Saint-Etienne,Maximilien,Mannelijk,06/24/2019
Antwerpen,Isaak,Mannelijk,07/09/2019
Antwerpen,Kristof,Mannelijk,07/06/2019
Geldenaken,Luc,Mannelijk,06/22/2019
Namen,Pierre,Mannelijk,06/24/2019
Aiseau-Presles,Julien,Mannelijk,06/20/2019
Sint-Pieters-Woluwe,Chantal,Vrouwelijk,07/06/2019
Riemst,Albert,Mannelijk,06/28/2019
Maasmechelen,Albert,Mannelijk,08/03/2019
Anderlecht,Juliana,Vrouwelijk,07/06/2019
Vorst (Brussel-Hoofdstad),Ahmed,Mannelijk,07/01/2019
Luik,Adriana,Vrouwelijk,07/01/2019
Vorst (Brussel-Hoofdstad),Victor,Mannelijk,06/29/2019
Aalst (Aalst),Simonna,Vrouwelijk,07/01/2019
Antwerpen,Peter,Mannelijk,06/27/2019
Binche,Rita,Vrouwelijk,07/19/2019
Beringen,Linda,Vrouwelijk,07/04/2019
Huldenberg,Herman,Mannelijk,07/03/2019
