gemeente,naam,geslacht,verwachte datum
Sint-Agatha-Berchem,Ali,Mannelijk,02/05/2019
Hamois,Juliette,Vrouwelijk,02/10/2019
Brecht,Tine,Vrouwelijk,02/07/2019
Hoei,Chantal,Vrouwelijk,02/03/2019
Beerse,Noa,Vrouwelijk,03/09/2019
Antwerpen,Naomie,Vrouwelijk,02/24/2019
Antwerpen,Vic,Mannelijk,01/30/2019
Ouffet,Manon,Vrouwelijk,02/01/2019
Brugge,Annick,Vrouwelijk,02/03/2019
Doornik,Pasquale,Mannelijk,02/07/2019
Ardooie,Greet,Vrouwelijk,01/30/2019
Anderlecht,Yasmine,Vrouwelijk,02/21/2019
Scherpenheuvel-Zichem,Britt,Vrouwelijk,02/12/2019
Hulshout,Peggy,Vrouwelijk,02/09/2019
Moeskroen,Olivier,Mannelijk,02/09/2019
Antwerpen,Michael,Mannelijk,02/11/2019
Libramont-Chevigny,Raymonde,Vrouwelijk,01/30/2019
Wingene,Sofie,Vrouwelijk,01/29/2019
Brakel,Anne,Vrouwelijk,02/11/2019
Destelbergen,Christophe,Mannelijk,01/23/2019
Bornem,Hendrik,Mannelijk,02/20/2019
’s Gravenbrakel,Patricia,Vrouwelijk,02/25/2019
Zwijndrecht,Patrick,Mannelijk,02/15/2019
Haacht,Annelies,Vrouwelijk,01/31/2019
Watermaal-Bosvoorde,Manon,Vrouwelijk,02/03/2019
Beveren (Sint-Niklaas),Marleen,Vrouwelijk,02/05/2019
Bergen,Laurence,Vrouwelijk,02/08/2019
Opzullik,Luc,Mannelijk,01/30/2019
Lede,Lynn,Vrouwelijk,01/30/2019
Aalst (Aalst),Vera,Vrouwelijk,02/04/2019
Fontaine-l’Evêque,Etienne,Mannelijk,02/01/2019
Anderlues,Giuseppina,Vrouwelijk,02/07/2019
Aalter,Monique,Vrouwelijk,02/07/2019
Malmedy,Dominique,Vrouwelijk,02/05/2019
Estinnes,Patrick,Mannelijk,02/18/2019
Stekene,Lars,Mannelijk,02/11/2019
Anderlecht,Asmae,Vrouwelijk,02/08/2019
Büllingen,Franz,Mannelijk,02/01/2019
Bergen,Luc,Mannelijk,02/04/2019
Saint-Ghislain,Charlotte,Vrouwelijk,01/27/2019
Seraing,Maël,Mannelijk,01/27/2019
Pelt,Willy,Mannelijk,02/20/2019
Liedekerke,Jennifer,Vrouwelijk,02/07/2019
Schaarbeek,Maher,Mannelijk,01/27/2019
Zulte,Mathias,Mannelijk,02/09/2019
Rixensart,Jean,Mannelijk,02/09/2019
Sint-Pieters-Leeuw,Luc,Mannelijk,02/10/2019
Olen,Cas,Mannelijk,02/02/2019
Roosdaal,Kim,Mannelijk,02/03/2019
Verviers,Nisa,Vrouwelijk,02/06/2019
Aalter,Jenny,Vrouwelijk,01/29/2019
Saint-Nicolas (Luik),Ayse,Vrouwelijk,02/05/2019
Sint-Truiden,Lara,Vrouwelijk,02/03/2019
Herzele,Marie,Vrouwelijk,02/19/2019
Brasschaat,Nadia,Vrouwelijk,02/12/2019
Oostende,Liana,Vrouwelijk,02/02/2019
Bierbeek,Nico,Mannelijk,02/06/2019
Niel,Erwin,Mannelijk,01/27/2019
Profondeville,Céline,Vrouwelijk,02/04/2019
Lokeren,Malika,Vrouwelijk,02/01/2019
Puurs-Sint-Amands,Dave,Mannelijk,02/11/2019
Aat,Lucien,Mannelijk,01/30/2019
Hamme (Dendermonde),Marie,Vrouwelijk,01/28/2019
Anderlecht,Moulay,Mannelijk,01/30/2019
Beerse,Rosa,Vrouwelijk,02/02/2019
Bertem,Marie-Claire,Vrouwelijk,02/22/2019
Diest,Danny,Mannelijk,01/29/2019
Antwerpen,Brahim,Mannelijk,01/31/2019
Antwerpen,Maria,Vrouwelijk,02/06/2019
Dilbeek,Amélia,Vrouwelijk,01/31/2019
Luik,Innocent,Mannelijk,02/01/2019
Ottignies-Louvain-la-Neuve,Marine,Vrouwelijk,02/05/2019
Aartselaar,Vincent,Mannelijk,02/10/2019
Rebecq,Christelle,Vrouwelijk,01/31/2019
Pont-à-Celles,Zoé,Vrouwelijk,01/26/2019
Kortrijk,Jean,Mannelijk,02/09/2019
Eupen,Herbert,Mannelijk,01/31/2019
Luik,Henriette,Vrouwelijk,02/01/2019
Anderlecht,Mihaela,Vrouwelijk,02/01/2019
La Louvière,Jean-Marie,Mannelijk,02/23/2019
Antwerpen,Belinda,Vrouwelijk,01/24/2019
Boom,Jozef,Mannelijk,02/24/2019
Sint-Lambrechts-Woluwe,Chantal,Vrouwelijk,02/01/2019
Nieuwerkerken (Hasselt),Urbain,Mannelijk,02/16/2019
Gent,Hannes,Mannelijk,02/12/2019
Edegem,Etienne,Mannelijk,02/10/2019
Haacht,Elisabeth,Vrouwelijk,01/24/2019
Florenville,Mélanie,Vrouwelijk,01/24/2019
Poperinge,Marleen,Vrouwelijk,02/02/2019
Vorst (Brussel-Hoofdstad),Michel,Mannelijk,02/01/2019
Gembloux,Lucienne,Vrouwelijk,02/02/2019
Sint-Jans-Molenbeek,El,Mannelijk,02/12/2019
Antwerpen,Hiba,Vrouwelijk,02/02/2019
Gent,Arthur,Mannelijk,02/03/2019
Diksmuide,Emile,Mannelijk,02/04/2019
Etterbeek,Mauricio,Mannelijk,02/01/2019
Antwerpen,Wahid,Mannelijk,02/07/2019
Antwerpen,Karen,Vrouwelijk,01/28/2019
Lichtervelde,Geert,Mannelijk,01/24/2019
Amay,Jérémy,Mannelijk,01/23/2019
Brussel,Achraf,Mannelijk,02/13/2019
Geer,Simon,Mannelijk,02/09/2019
Wezembeek-Oppem,Charles,Mannelijk,02/12/2019
Antwerpen,Katia,Vrouwelijk,01/26/2019
Gent,Bieke,Vrouwelijk,01/29/2019
Brussel,Danuta,Vrouwelijk,02/01/2019
Brussel,Marina,Vrouwelijk,02/05/2019
Fosses-la-Ville,Marguerite,Vrouwelijk,01/26/2019
Bergen,Matteo,Mannelijk,02/05/2019
Ravels,Nick,Mannelijk,03/17/2019
Geraardsbergen,Mia,Vrouwelijk,02/03/2019
Eupen,Manuel,Mannelijk,01/23/2019
Knokke-Heist,Julien,Mannelijk,01/27/2019
Waregem,Lotte,Vrouwelijk,02/02/2019
Brugge,Ginette,Vrouwelijk,02/03/2019
Schoten,Ian,Mannelijk,01/27/2019
Oostende,Bart,Mannelijk,02/14/2019
Leuven,Olivia,Vrouwelijk,02/08/2019
Floreffe,Audrey,Vrouwelijk,01/31/2019
Aat,Gauthier,Mannelijk,01/24/2019
Zoersel,Katrien,Vrouwelijk,01/29/2019
Tessenderlo,Wannes,Mannelijk,01/26/2019
Ans,Ingrid,Vrouwelijk,02/05/2019
Houyet,Christophe,Mannelijk,02/04/2019
Brasschaat,Henricus,Mannelijk,02/09/2019
Antwerpen,Safia,Vrouwelijk,01/27/2019
Scherpenheuvel-Zichem,Conny,Vrouwelijk,02/02/2019
Watermaal-Bosvoorde,Yves,Mannelijk,02/02/2019
Stoumont,Jean,Mannelijk,02/08/2019
Turnhout,Anna,Vrouwelijk,02/09/2019
Eupen,Anna,Vrouwelijk,01/24/2019
Luik,Maria,Vrouwelijk,02/20/2019
Houthalen-Helchteren,Anouar,Mannelijk,02/11/2019
Vresse-sur-Semois,Véronique,Vrouwelijk,01/30/2019
Opwijk,Maria,Vrouwelijk,02/26/2019
Ham-sur-Heure-Nalinnes,Christian,Mannelijk,01/25/2019
Duffel,Christel,Vrouwelijk,02/10/2019
Maaseik,Olga,Vrouwelijk,02/01/2019
Brugge,Marguerite,Vrouwelijk,01/25/2019
Mortsel,Luc,Mannelijk,02/06/2019
Gent,Robert,Mannelijk,02/09/2019
Genk,Irma,Vrouwelijk,02/25/2019
Brussel,Kevin,Mannelijk,01/30/2019
Zaventem,Julie,Vrouwelijk,02/07/2019
Mol,Frans,Mannelijk,02/06/2019
Hove (Antwerpen),Marc,Mannelijk,02/03/2019
Balen,Lowie,Mannelijk,01/31/2019
Wuustwezel,Ingrid,Vrouwelijk,02/01/2019
Courcelles,Maria,Vrouwelijk,02/24/2019
Riemst,Joyce,Vrouwelijk,01/30/2019
Les Bons Villers,Isabelle,Vrouwelijk,02/01/2019
Lubbeek,Thomas,Mannelijk,02/11/2019
Ninove,Cindy,Vrouwelijk,02/01/2019
Koksijde,Françoise,Vrouwelijk,02/10/2019
Wuustwezel,Martine,Vrouwelijk,01/30/2019
Tinlot,Marc,Mannelijk,02/07/2019
Kalmthout,Maria,Vrouwelijk,02/02/2019
Thimister-Clermont,Jacqueline,Vrouwelijk,02/10/2019
Charleroi,Sylvia,Vrouwelijk,02/15/2019
Fernelmont,Stéphane,Mannelijk,01/23/2019
Beveren (Sint-Niklaas),Eduard,Mannelijk,02/06/2019
Retie,Inge,Vrouwelijk,02/03/2019
Schaarbeek,Ewa,Vrouwelijk,01/30/2019
Tremelo,Cornelia,Vrouwelijk,02/01/2019
Gent,Jeanine,Vrouwelijk,02/26/2019
Dinant,Léonie,Vrouwelijk,01/28/2019
Edingen,Eliott,Mannelijk,02/07/2019
Meerhout,Marleen,Vrouwelijk,02/10/2019
Antwerpen,Arne,Mannelijk,02/10/2019
Sint-Jans-Molenbeek,Jean,Mannelijk,02/03/2019
Namen,Marie,Vrouwelijk,02/03/2019
Florenville,Antoine,Mannelijk,02/02/2019
Saint-Hubert,Romain,Mannelijk,01/31/2019
Lessen,Marco,Mannelijk,02/04/2019
Lubbeek,Caroline,Vrouwelijk,03/10/2019
Heusden-Zolder,Maria,Vrouwelijk,01/29/2019
Lier,Jesse,Mannelijk,01/27/2019
Charleroi,Eric,Mannelijk,01/29/2019
Brussel,Eric,Mannelijk,02/01/2019
Antwerpen,Annette,Vrouwelijk,02/04/2019
Wellen,Marina,Vrouwelijk,01/24/2019
Esneux,Arnaud,Mannelijk,02/07/2019
Bekkevoort,André,Mannelijk,01/31/2019
Sint-Pieters-Woluwe,Sofia,Vrouwelijk,02/09/2019
Lede,Christine,Vrouwelijk,02/02/2019
Antwerpen,Jaleesa,Vrouwelijk,01/23/2019
Doornik,Jacqueline,Vrouwelijk,02/02/2019
Zelzate,Daniël,Mannelijk,02/01/2019
Hastière,Monique,Vrouwelijk,02/08/2019
Brussel,Benoît,Mannelijk,02/10/2019
Brugge,Frederik,Mannelijk,02/04/2019
Ciney,Aymeric,Mannelijk,02/04/2019
Peer,Hanne,Vrouwelijk,02/17/2019
Luik,Michele,Mannelijk,01/31/2019
Anderlecht,Alexandra,Vrouwelijk,02/20/2019
Zele,Hanne,Vrouwelijk,02/05/2019
Vorst (Brussel-Hoofdstad),Maïa,Vrouwelijk,01/25/2019
Charleroi,Victorine,Vrouwelijk,02/06/2019
Wezembeek-Oppem,Sébastien,Mannelijk,02/06/2019
Dilsen-Stokkem,Christel,Vrouwelijk,02/02/2019
Brugge,Daniel,Mannelijk,02/06/2019
Bredene,Willy,Mannelijk,01/28/2019
Saint-Nicolas (Luik),Gilbert,Mannelijk,02/04/2019
Edingen,Edouard,Mannelijk,02/01/2019
Antwerpen,Beatrice,Vrouwelijk,02/12/2019
Sint-Niklaas (Sint-Niklaas),Beatrice,Vrouwelijk,02/13/2019
Ukkel,Chris,Mannelijk,02/02/2019
Gent,Ali,Mannelijk,01/30/2019
Sprimont,Marie,Vrouwelijk,02/06/2019
Schaarbeek,Renée,Vrouwelijk,02/12/2019
Westerlo,Dorien,Vrouwelijk,02/06/2019
Kaprijke,Bert,Mannelijk,02/11/2019
Rumes,Mathieu,Mannelijk,01/28/2019
Tielt-Winge,Axel,Mannelijk,02/08/2019
Puurs-Sint-Amands,Kenneth,Mannelijk,02/01/2019
Antwerpen,Siham,Vrouwelijk,02/06/2019
Seraing,Estelle,Vrouwelijk,02/04/2019
Schaarbeek,Christos,Mannelijk,02/19/2019
Ottignies-Louvain-la-Neuve,France,Vrouwelijk,02/03/2019
Wommelgem,Stijn,Mannelijk,01/30/2019
Flémalle,José,Mannelijk,02/07/2019
Herve,Jean-Yves,Mannelijk,01/30/2019
Wezet,Johnny,Mannelijk,01/29/2019
Gent,Ayshe,Vrouwelijk,01/24/2019
Sint-Gillis-Waas,Jeannine,Vrouwelijk,02/02/2019
Charleroi,Selma,Vrouwelijk,02/05/2019
Vilvoorde,Rachel,Vrouwelijk,02/04/2019
Ukkel,Patricia,Vrouwelijk,01/26/2019
Evergem,David,Mannelijk,02/06/2019
Luik,Dominique,Vrouwelijk,02/04/2019
Antwerpen,Sara,Vrouwelijk,02/25/2019
Vielsalm,Johan,Mannelijk,02/21/2019
Knokke-Heist,Vincent,Mannelijk,02/18/2019
Lessen,Célia,Vrouwelijk,01/28/2019
Schaarbeek,Sébastien,Mannelijk,02/03/2019
Frasnes-lez-Anvaing,Guy,Mannelijk,02/05/2019
Sint-Jans-Molenbeek,Ines,Vrouwelijk,01/28/2019
Ieper,An,Vrouwelijk,02/04/2019
Dinant,Denis,Mannelijk,02/10/2019
Hamois,Jean,Mannelijk,02/24/2019
Grimbergen,Ludovica,Vrouwelijk,02/04/2019
Kinrooi,Jozef,Mannelijk,02/01/2019
Bree,Guido,Mannelijk,01/24/2019
Aarschot,Vic,Mannelijk,02/15/2019
Ninove,Victoria,Vrouwelijk,02/09/2019
Charleroi,Asma,Vrouwelijk,02/08/2019
Mettet,Alison,Vrouwelijk,01/27/2019
Fernelmont,Sébastien,Mannelijk,02/10/2019
Ninove,Jan,Mannelijk,01/24/2019
Keerbergen,Ilse,Vrouwelijk,02/04/2019
Brugge,Bram,Mannelijk,02/08/2019
Merchtem,Alain,Mannelijk,01/25/2019
Nieuwpoort,Bart,Mannelijk,01/25/2019
Seraing,Régis,Mannelijk,02/07/2019
Luik,Dylan,Mannelijk,01/26/2019
Gent,Vanessa,Vrouwelijk,02/05/2019
Merksplas,Rik,Mannelijk,01/29/2019
Schelle,Greet,Vrouwelijk,02/17/2019
Zoutleeuw,Ellen,Vrouwelijk,02/01/2019
Tielt (Tielt),Melanie,Vrouwelijk,02/16/2019
Schoten,Irène,Vrouwelijk,02/04/2019
Bredene,Yvette,Vrouwelijk,02/07/2019
Aarlen,Amélie,Vrouwelijk,01/26/2019
Kruisem,Kristof,Mannelijk,02/08/2019
Herent,Victor,Mannelijk,02/11/2019
Nieuwpoort,Andreas,Mannelijk,02/05/2019
Houthulst,Maria,Vrouwelijk,02/06/2019
Lanaken,Ida,Vrouwelijk,01/29/2019
Zoutleeuw,Noëlla,Vrouwelijk,02/19/2019
Ninove,August,Mannelijk,01/27/2019
Bernissart,Jean,Mannelijk,02/10/2019
Mol,Marie,Vrouwelijk,01/24/2019
Aalst (Aalst),Hendrik,Mannelijk,01/24/2019
Oupeye,Charlotte,Vrouwelijk,02/09/2019
Hamme (Dendermonde),Ilana,Vrouwelijk,01/24/2019
Assenede,Cyriel,Mannelijk,02/05/2019
Brecht,Eline,Vrouwelijk,02/19/2019
Brugge,Nele,Vrouwelijk,01/24/2019
Florenville,Patrick,Mannelijk,02/06/2019
Evere,Zahra,Vrouwelijk,02/01/2019
Charleroi,Saïda,Vrouwelijk,02/11/2019
Charleroi,Lorenzo,Mannelijk,02/01/2019
Middelkerke,Alain,Mannelijk,02/07/2019
Lochristi,Nicolas,Mannelijk,01/26/2019
Begijnendijk,Tina,Vrouwelijk,02/10/2019
Charleroi,Laurence,Vrouwelijk,02/05/2019
Soumagne,Noé,Mannelijk,02/22/2019
Roeselare,Mario,Mannelijk,01/31/2019
Hooglede,Francine,Vrouwelijk,01/30/2019
Lochristi,Lars,Mannelijk,02/08/2019
Eigenbrakel,Robin,Mannelijk,01/28/2019
Esneux,Christine,Vrouwelijk,01/24/2019
Overijse,Jozef,Mannelijk,02/08/2019
Chapelle-lez-Herlaimont,Isabelle,Vrouwelijk,02/10/2019
Bernissart,Célia,Vrouwelijk,01/26/2019
Grimbergen,Noura,Vrouwelijk,03/10/2019
Borgloon,Martine,Vrouwelijk,01/28/2019
Diest,Bjorn,Mannelijk,02/01/2019
Antwerpen,El,Mannelijk,02/18/2019
Ranst,Denise,Vrouwelijk,01/31/2019
Châtelet,Allan,Mannelijk,01/31/2019
Wevelgem,Annie,Vrouwelijk,02/19/2019
Sint-Gillis,Clarisse,Vrouwelijk,01/30/2019
Sint-Lambrechts-Woluwe,Elena,Vrouwelijk,02/09/2019
Riemst,Dominique,Mannelijk,02/04/2019
Saint-Ghislain,Emeline,Vrouwelijk,02/02/2019
Peer,Vincent,Mannelijk,01/23/2019
Hannuit,Arnaud,Mannelijk,01/29/2019
Jemeppe-sur-Sambre,Aurore,Vrouwelijk,02/02/2019
Lommel,Maria,Vrouwelijk,01/25/2019
