gemeente,naam,geslacht,verwachte datum
Andenne,Nicole,Vrouwelijk,10/31/2019
Genk,Gerard,Mannelijk,10/21/2019
Namen,Katty,Vrouwelijk,10/14/2019
Chaudfontaine,Myriam,Vrouwelijk,10/11/2019
Sint-Lievens-Houtem,Maria,Vrouwelijk,11/07/2019
Antwerpen,Eva,Vrouwelijk,10/19/2019
Aiseau-Presles,Mathieu,Mannelijk,10/16/2019
Antwerpen,Hafida,Vrouwelijk,10/25/2019
Nazareth,Aurélie,Vrouwelijk,10/27/2019
Libin,Lionel,Mannelijk,10/08/2019
Wervik,Anna,Vrouwelijk,10/15/2019
Brussel,Soline,Vrouwelijk,10/21/2019
Berlaar,Senne,Mannelijk,10/19/2019
Wervik,Myriam,Vrouwelijk,10/25/2019
Eigenbrakel,Lilia,Vrouwelijk,10/10/2019
Schilde,Micheline,Vrouwelijk,10/27/2019
Heist-op-den-Berg,Julie,Vrouwelijk,10/11/2019
Luik,Suzanne,Vrouwelijk,10/23/2019
Roeselare,Stijn,Mannelijk,10/31/2019
Aat,Brigitte,Vrouwelijk,11/08/2019
Sint-Truiden,Madeleine,Vrouwelijk,10/14/2019
Kortrijk,Jan,Mannelijk,10/21/2019
Aalst (Aalst),Eddy,Mannelijk,10/17/2019
Kortrijk,Chaimae,Vrouwelijk,10/12/2019
Rotselaar,Roger,Mannelijk,10/27/2019
Antwerpen,Carlos,Mannelijk,10/16/2019
Erquelinnes,Marie-Rose,Vrouwelijk,10/12/2019
Antwerpen,Anne,Vrouwelijk,10/22/2019
Oud-Turnhout,François,Mannelijk,10/25/2019
Temse,Tim,Mannelijk,10/31/2019
Torhout,Amy,Vrouwelijk,10/27/2019
Amay,Romain,Mannelijk,10/25/2019
Nijvel,Vincent,Mannelijk,10/23/2019
Luik,Alain,Mannelijk,10/23/2019
Grimbergen,Lena,Vrouwelijk,10/17/2019
Schaarbeek,Abdul,Mannelijk,10/28/2019
Sint-Niklaas (Sint-Niklaas),Ivo,Mannelijk,10/19/2019
Brussel,Anissa,Vrouwelijk,10/09/2019
Oudenaarde,Sarah,Vrouwelijk,10/13/2019
Essen,Willem,Mannelijk,10/09/2019
Vilvoorde,Jonathan,Mannelijk,10/25/2019
La Louvière,Julien,Mannelijk,10/16/2019
Seraing,Paolo,Mannelijk,10/26/2019
Hemiksem,Frans,Mannelijk,10/17/2019
Wezembeek-Oppem,Martin,Mannelijk,11/11/2019
Charleroi,Giovanna,Vrouwelijk,10/12/2019
Aarlen,Denis,Mannelijk,10/27/2019
Mechelen,Simona,Vrouwelijk,10/18/2019
Sint-Jans-Molenbeek,Rachida,Vrouwelijk,10/18/2019
Wuustwezel,Lize,Vrouwelijk,10/15/2019
Eeklo,Bernice,Vrouwelijk,10/28/2019
Balen,Arno,Mannelijk,10/27/2019
Vorst (Brussel-Hoofdstad),Claudine,Vrouwelijk,10/24/2019
Walcourt,Anne-Sophie,Vrouwelijk,11/08/2019
Beaumont,Jocelyne,Vrouwelijk,11/03/2019
Oudergem,Mei,Vrouwelijk,10/13/2019
Brunehaut,Marie-Paule,Vrouwelijk,10/09/2019
Gavere,Tom,Mannelijk,10/08/2019
Wielsbeke,Alex,Mannelijk,11/07/2019
Nijvel,Robert,Mannelijk,10/13/2019
Roeselare,Mathis,Mannelijk,10/12/2019
Zinnik,Hugues,Mannelijk,10/23/2019
Zandhoven,Christiane,Vrouwelijk,10/28/2019
Leuven,Arne,Mannelijk,10/18/2019
Durbuy,Lucien,Mannelijk,10/13/2019
Dilbeek,Jacques,Mannelijk,10/12/2019
Waregem,Ward,Mannelijk,10/20/2019
Doornik,Marvin,Mannelijk,10/24/2019
Namen,Mathilde,Vrouwelijk,10/08/2019
Temse,Ina,Vrouwelijk,10/20/2019
Elsene,Audrey,Vrouwelijk,10/27/2019
Roeselare,Danny,Mannelijk,10/15/2019
Tienen,Joris,Mannelijk,10/27/2019
Malle,Bart,Mannelijk,11/05/2019
Lochristi,Carlos,Mannelijk,10/20/2019
Charleroi,Anne,Vrouwelijk,10/16/2019
Izegem,Krist,Mannelijk,10/28/2019
Lokeren,Jenny,Vrouwelijk,11/05/2019
Schoten,Antoine,Mannelijk,10/25/2019
Couvin,Simon,Mannelijk,10/25/2019
Gavere,Erwin,Mannelijk,10/10/2019
Binche,Didier,Mannelijk,10/18/2019
Rochefort,Carine,Vrouwelijk,10/22/2019
Hooglede,Dries,Mannelijk,10/20/2019
Gent,Kristiana,Vrouwelijk,10/14/2019
Aubange,Claire,Vrouwelijk,10/15/2019
Stabroek,Jean-Pierre,Mannelijk,11/17/2019
Geel,Kris,Mannelijk,10/31/2019
Beringen,Karine,Vrouwelijk,10/15/2019
Evergem,Hilde,Vrouwelijk,10/18/2019
Brugge,Gerda,Vrouwelijk,10/11/2019
Gent,Samira,Vrouwelijk,10/20/2019
Genepiën,Carine,Vrouwelijk,10/25/2019
Rumst,Matthias,Mannelijk,10/18/2019
Gent,Robbe,Mannelijk,10/15/2019
Pont-à-Celles,Kelly,Vrouwelijk,10/11/2019
Lier,François,Mannelijk,11/10/2019
Marche-en-Famenne,Benjamin,Mannelijk,11/21/2019
Geraardsbergen,Linda,Vrouwelijk,10/11/2019
Sint-Jans-Molenbeek,Bernard,Mannelijk,10/25/2019
Kalmthout,Gert,Mannelijk,10/28/2019
Stavelot,Joseph,Mannelijk,10/20/2019
Sint-Niklaas (Sint-Niklaas),Hildegarde,Vrouwelijk,10/25/2019
Aarschot,Paul,Mannelijk,10/18/2019
Knokke-Heist,Christel,Vrouwelijk,10/25/2019
Jette,Anass,Mannelijk,10/24/2019
Gent,Etienne,Mannelijk,11/02/2019
Dison,Stéphanie,Vrouwelijk,10/28/2019
Courcelles,Marcel,Mannelijk,10/25/2019
Chapelle-lez-Herlaimont,Ophélie,Vrouwelijk,10/15/2019
Brussel,Jakob,Mannelijk,10/15/2019
Sint-Lambrechts-Woluwe,Nicole,Vrouwelijk,10/17/2019
Ardooie,Lander,Mannelijk,11/10/2019
Flémalle,Philippe,Mannelijk,11/09/2019
Brussel,Nancy,Vrouwelijk,10/19/2019
’s Gravenbrakel,Gaëtan,Mannelijk,10/28/2019
Chiny,Christine,Vrouwelijk,10/16/2019
Zinnik,Andrée,Vrouwelijk,10/24/2019
Seraing,Joëlle,Vrouwelijk,10/08/2019
Aarlen,Laura,Vrouwelijk,10/27/2019
Brugge,Yvette,Vrouwelijk,10/16/2019
Herenthout,Joseph,Mannelijk,10/16/2019
Sint-Truiden,Nadine,Vrouwelijk,10/23/2019
Waterloo,Elisa,Vrouwelijk,10/31/2019
Kampenhout,Jeroen,Mannelijk,10/18/2019
Tessenderlo,Gustavus,Mannelijk,10/15/2019
Geel,Ludo,Mannelijk,10/19/2019
Roeselare,Aäron,Mannelijk,10/23/2019
La Louvière,Cipriano,Mannelijk,10/15/2019
Seraing,Aurélie,Vrouwelijk,10/16/2019
Herent,Edmond,Mannelijk,10/12/2019
Kortrijk,Marijke,Vrouwelijk,10/28/2019
Ciney,Marie,Vrouwelijk,10/15/2019
Brussel,Clément,Mannelijk,10/26/2019
Chapelle-lez-Herlaimont,Kelly,Vrouwelijk,10/19/2019
Merelbeke,Jeannine,Vrouwelijk,10/26/2019
Namen,Jack,Mannelijk,10/20/2019
Brugge,Francis,Mannelijk,10/16/2019
Morlanwelz,Julia,Vrouwelijk,10/21/2019
Dessel,Ingrid,Vrouwelijk,10/17/2019
Luik,Eren,Mannelijk,10/10/2019
Asse,Christian,Mannelijk,10/17/2019
Oostkamp,Björn,Mannelijk,10/25/2019
Waver,Elise,Vrouwelijk,11/08/2019
Sint-Niklaas (Sint-Niklaas),Niels,Mannelijk,10/12/2019
Jabbeke,Marina,Vrouwelijk,10/14/2019
Laakdal,Nathalie,Vrouwelijk,10/19/2019
Thuin,Marie,Vrouwelijk,10/27/2019
Charleroi,Olivia,Vrouwelijk,10/17/2019
Antwerpen,Anna,Vrouwelijk,10/15/2019
La Louvière,Didier,Mannelijk,10/17/2019
Antwerpen,Dahab,Vrouwelijk,10/10/2019
Pecq,Juliette,Vrouwelijk,10/23/2019
Hasselt,Christophe,Mannelijk,10/22/2019
Overijse,Marc,Mannelijk,10/19/2019
Aubange,Valentin,Mannelijk,10/22/2019
Lier,Yannick,Mannelijk,10/11/2019
Manage,Christelle,Vrouwelijk,11/09/2019
Antwerpen,Bart,Mannelijk,10/21/2019
Profondeville,Caroline,Vrouwelijk,10/27/2019
Gent,Erna,Vrouwelijk,11/01/2019
Oud-Turnhout,Hugo,Mannelijk,10/19/2019
Tongeren,Niels,Mannelijk,10/19/2019
Brakel,Marijke,Vrouwelijk,10/25/2019
Herstal,Sabri,Mannelijk,10/27/2019
Gent,Marie-Rose,Vrouwelijk,10/29/2019
Eghezée,Jean,Mannelijk,10/17/2019
Ronse,Sarah,Vrouwelijk,10/18/2019
Essen,Kurt,Mannelijk,10/19/2019
La Louvière,Mourad,Mannelijk,10/19/2019
Moeskroen,Yoann,Mannelijk,10/19/2019
Izegem,Dirk,Mannelijk,10/09/2019
Hamois,Isabelle,Vrouwelijk,10/15/2019
Ganshoren,Selim,Mannelijk,10/25/2019
Florennes,Christine,Vrouwelijk,10/19/2019
Staden,Marnik,Mannelijk,10/09/2019
Middelkerke,Lucien,Mannelijk,10/30/2019
Leuze-en-Hainaut,Marina,Vrouwelijk,10/17/2019
La Louvière,Beyza,Vrouwelijk,10/15/2019
Destelbergen,Willem,Mannelijk,10/11/2019
Itter,Aurélie,Vrouwelijk,11/03/2019
Aiseau-Presles,Rosa,Vrouwelijk,10/19/2019
Schaarbeek,Adnane,Mannelijk,10/16/2019
Anderlecht,Gloria,Vrouwelijk,10/19/2019
Mortsel,Bart,Mannelijk,10/17/2019
Beyne-Heusay,Christel,Vrouwelijk,10/25/2019
Wevelgem,Giovanni,Mannelijk,10/24/2019
Denderleeuw,Roger,Mannelijk,10/16/2019
Stabroek,Veronique,Vrouwelijk,10/13/2019
Geel,Rob,Mannelijk,10/31/2019
Brussel,Chaib,Mannelijk,10/25/2019
Brussel,Biagio,Mannelijk,10/21/2019
Antwerpen,Estera,Vrouwelijk,10/27/2019
Antwerpen,Hendrik,Mannelijk,10/27/2019
Lokeren,Evelien,Vrouwelijk,10/24/2019
Luik,Gabriella,Vrouwelijk,10/12/2019
Antwerpen,Asa,Vrouwelijk,10/22/2019
Sint-Genesius-Rode,Joséphine,Vrouwelijk,10/21/2019
Jette,Samir,Mannelijk,11/02/2019
Rixensart,Barbara,Vrouwelijk,10/23/2019
Ingelmunster,Cecile,Vrouwelijk,11/04/2019
Roeselare,Liliana,Vrouwelijk,10/15/2019
Antwerpen,Lennert,Mannelijk,10/18/2019
Sint-Joost-ten-Node,Ceren,Vrouwelijk,10/20/2019
Gent,Marijke,Vrouwelijk,10/20/2019
Watermaal-Bosvoorde,Jean-François,Mannelijk,10/19/2019
Walcourt,Karine,Vrouwelijk,10/17/2019
Sint-Pieters-Woluwe,Koen,Mannelijk,10/17/2019
Seraing,Sylvie,Vrouwelijk,10/22/2019
Ninove,Peggy,Vrouwelijk,10/26/2019
Etalle,Sébastien,Mannelijk,10/08/2019
Kortessem,Johan,Mannelijk,10/15/2019
Westerlo,Lukas,Mannelijk,10/16/2019
Aubel,Philippe,Mannelijk,10/18/2019
Brugge,Lars,Mannelijk,10/13/2019
Neupré,Anne-Sophie,Vrouwelijk,10/09/2019
Aalter,Nele,Vrouwelijk,10/13/2019
Harelbeke,Els,Vrouwelijk,10/21/2019
Aubange,Pierre-Yves,Mannelijk,10/27/2019
Ohey,Raymond,Mannelijk,10/19/2019
Frameries,Christine,Vrouwelijk,10/19/2019
Turnhout,Chris,Mannelijk,10/21/2019
Leuven,Liliane,Vrouwelijk,10/13/2019
Blankenberge,Jacqueline,Vrouwelijk,10/29/2019
Charleroi,José,Mannelijk,10/25/2019
Eupen,Irma,Vrouwelijk,10/28/2019
Kapellen (Antwerpen),Liesbet,Vrouwelijk,10/18/2019
Evergem,Leonie,Vrouwelijk,10/26/2019
Anhée,Logan,Mannelijk,10/16/2019
Staden,Charlotte,Vrouwelijk,10/25/2019
Aalst (Aalst),Yassine,Mannelijk,10/14/2019
Lokeren,Roland,Mannelijk,10/26/2019
Antwerpen,Krystyna,Vrouwelijk,10/24/2019
Geraardsbergen,Joachim,Mannelijk,10/27/2019
Aubange,Rosa,Vrouwelijk,10/25/2019
Herentals,Sofie,Vrouwelijk,10/09/2019
Lede,Christiane,Vrouwelijk,11/08/2019
Zedelgem,Johan,Mannelijk,10/26/2019
Turnhout,Edith,Vrouwelijk,10/23/2019
Bevekom,Marina,Vrouwelijk,10/20/2019
Péruwelz,Eliane,Vrouwelijk,10/14/2019
Oudergem,Sara,Vrouwelijk,10/20/2019
Amay,Gaëtan,Mannelijk,10/19/2019
Sprimont,André,Mannelijk,10/20/2019
Vorst (Brussel-Hoofdstad),Simone,Vrouwelijk,11/05/2019
Sint-Martens-Latem,Evelien,Vrouwelijk,10/16/2019
Oostende,Nancy,Vrouwelijk,10/16/2019
Nieuwpoort,Tom,Mannelijk,10/10/2019
Eigenbrakel,Beatriz,Vrouwelijk,10/19/2019
Antwerpen,Alex,Mannelijk,10/24/2019
Antwerpen,Nasserdine,Mannelijk,10/18/2019
Hasselt,Marc,Mannelijk,10/15/2019
Maldegem,Marnix,Mannelijk,10/09/2019
Montigny-le-Tilleul,Marie,Vrouwelijk,11/05/2019
Brussel,Asma,Vrouwelijk,10/11/2019
Brasschaat,Anita,Vrouwelijk,10/14/2019
Kruisem,Yves,Mannelijk,10/10/2019
Zedelgem,Emma,Vrouwelijk,11/13/2019
Komen-Waasten,Faustine,Vrouwelijk,10/21/2019
Vilvoorde,Patrick,Mannelijk,10/22/2019
Sint-Niklaas (Sint-Niklaas),Akram,Mannelijk,10/28/2019
Estinnes,Claudine,Vrouwelijk,10/21/2019
Mortsel,Naomi,Vrouwelijk,10/23/2019
Ukkel,Louis,Mannelijk,10/28/2019
Luik,Calogero,Mannelijk,10/21/2019
Quiévrain,Stéphanie,Vrouwelijk,10/15/2019
Luik,Marine,Vrouwelijk,10/25/2019
Frameries,Lucia,Vrouwelijk,10/28/2019
Wuustwezel,Lucas,Mannelijk,11/03/2019
Deinze,Caroline,Vrouwelijk,10/08/2019
Sambreville,Daniela,Vrouwelijk,10/22/2019
Duffel,Suzanna,Vrouwelijk,11/15/2019
Dendermonde,Dylan,Mannelijk,10/21/2019
Boussu,Odette,Vrouwelijk,10/23/2019
Antwerpen,Marnix,Mannelijk,10/20/2019
Le Roeulx,Annie,Vrouwelijk,10/21/2019
Beveren (Sint-Niklaas),Benjamin,Mannelijk,10/20/2019
Hoeselt,Willem,Mannelijk,10/18/2019
Schaarbeek,Dalil,Mannelijk,10/20/2019
Antwerpen,Willy,Mannelijk,10/09/2019
Oudsbergen,Maria,Vrouwelijk,10/16/2019
Zulte,Mario,Mannelijk,10/20/2019
Antwerpen,Christine,Vrouwelijk,10/22/2019
Beersel,Bernadette,Vrouwelijk,10/08/2019
Deerlijk,Sharon,Vrouwelijk,10/09/2019
Sombreffe,Vanessa,Vrouwelijk,10/10/2019
Châtelet,Marianne,Vrouwelijk,10/09/2019
Liedekerke,Hans,Mannelijk,10/24/2019
Gent,Lowie,Mannelijk,10/10/2019
Sprimont,Stéphane,Mannelijk,11/02/2019
Leuze-en-Hainaut,Hélène,Vrouwelijk,10/25/2019
Sint-Niklaas (Sint-Niklaas),Margareta,Vrouwelijk,10/23/2019
Halle (Halle-Vilvoorde),Benjamin,Mannelijk,10/18/2019
Heist-op-den-Berg,Evelyn,Vrouwelijk,10/21/2019
Haaltert,Murielle,Vrouwelijk,11/10/2019
Maldegem,Thierry,Mannelijk,10/18/2019
Charleroi,Christiane,Vrouwelijk,10/18/2019
Berlare,Mathias,Mannelijk,10/22/2019
Lommel,Linda,Vrouwelijk,10/15/2019
Sint-Lambrechts-Woluwe,Alejandro,Mannelijk,10/19/2019
Sint-Niklaas (Sint-Niklaas),Pieter,Mannelijk,10/24/2019
Charleroi,Noëlla,Vrouwelijk,10/08/2019
Kortenaken,Anouk,Vrouwelijk,10/11/2019
Gent,Hanne,Vrouwelijk,10/27/2019
Nijvel,Edgard,Mannelijk,10/28/2019
