gemeente,naam,geslacht,verwachte datum
La Louvière,Olga,Vrouwelijk,08/12/2019
Hasselt,Hilde,Vrouwelijk,07/28/2019
Bevekom,Julien,Mannelijk,07/28/2019
Torhout,Yvonne,Vrouwelijk,07/19/2019
’s Gravenbrakel,Francesca,Vrouwelijk,07/16/2019
De Pinte,Leonie,Vrouwelijk,07/30/2019
Luik,Mohamed,Mannelijk,07/24/2019
Eghezée,Téo,Mannelijk,07/18/2019
Aalst (Aalst),Christel,Vrouwelijk,07/13/2019
Zemst,Ann,Vrouwelijk,07/26/2019
Bredene,Bart,Mannelijk,07/19/2019
Lanaken,Josephina,Vrouwelijk,07/21/2019
Kasterlee,Bianca,Vrouwelijk,07/17/2019
Bergen,Lucia,Vrouwelijk,07/29/2019
Fleurus,Vanessa,Vrouwelijk,07/28/2019
Eigenbrakel,Marc,Mannelijk,07/18/2019
Seraing,Nicolas,Mannelijk,07/26/2019
Edegem,Eline,Vrouwelijk,07/16/2019
Vorst (Brussel-Hoofdstad),Bernard,Mannelijk,07/23/2019
Tremelo,Kathy,Vrouwelijk,07/23/2019
Roosdaal,Jeroen,Mannelijk,07/30/2019
Gent,Norbert,Mannelijk,07/21/2019
Sint-Pieters-Woluwe,Pascal,Mannelijk,07/20/2019
Esneux,Mathias,Mannelijk,07/21/2019
Brugge,Nick,Mannelijk,07/29/2019
Riemst,Sanne,Vrouwelijk,07/24/2019
Anderlues,Lindsay,Vrouwelijk,07/27/2019
Luik,Sebastien,Mannelijk,07/15/2019
Meerhout,Jordi,Mannelijk,07/20/2019
Lokeren,Nadya,Vrouwelijk,07/18/2019
Antwerpen,Louka,Vrouwelijk,07/17/2019
Oupeye,Maxime,Mannelijk,07/27/2019
Brugge,Dirk,Mannelijk,07/24/2019
Heist-op-den-Berg,Josée,Vrouwelijk,07/26/2019
Aalst (Aalst),Nico,Mannelijk,07/18/2019
Mechelen,Bart,Mannelijk,07/18/2019
Rijkevorsel,Heidi,Vrouwelijk,07/19/2019
Wetteren,Katrien,Vrouwelijk,08/01/2019
Wijnegem,Peter,Mannelijk,07/21/2019
Grimbergen,Sofie,Vrouwelijk,07/26/2019
Doornik,Ghislaine,Vrouwelijk,07/12/2019
Sint-Niklaas (Sint-Niklaas),Lucas,Mannelijk,07/13/2019
Dilbeek,Arno,Mannelijk,07/14/2019
Kontich,Magdalena,Vrouwelijk,07/22/2019
Cerfontaine,Jeannine,Vrouwelijk,08/01/2019
Gent,Marc,Mannelijk,07/12/2019
Antwerpen,Rayana,Vrouwelijk,07/24/2019
Antwerpen,Maurice,Mannelijk,07/23/2019
Bilzen,Antoine,Mannelijk,07/20/2019
Verviers,Antoine,Mannelijk,07/24/2019
Koekelare,Natacha,Vrouwelijk,07/21/2019
Haacht,Louise,Vrouwelijk,07/28/2019
Esneux,Justine,Vrouwelijk,07/31/2019
Peer,Linda,Vrouwelijk,07/31/2019
La Louvière,Léna,Vrouwelijk,08/13/2019
Namen,Fabienne,Vrouwelijk,08/03/2019
Aalst (Aalst),Dimitri,Mannelijk,07/25/2019
Péruwelz,Christophe,Mannelijk,07/16/2019
Puurs-Sint-Amands,Aline,Vrouwelijk,07/31/2019
Kontich,Peter,Mannelijk,07/17/2019
Erpe-Mere,Jan,Mannelijk,07/15/2019
Ukkel,Alexandru,Mannelijk,07/24/2019
Maasmechelen,Jeannette,Vrouwelijk,07/26/2019
Kortrijk,Sonia,Vrouwelijk,07/13/2019
Soumagne,Anthony,Mannelijk,07/23/2019
Leuven,Jan,Mannelijk,07/11/2019
Chimay,Frédéric,Mannelijk,08/14/2019
Herentals,Rosa,Vrouwelijk,07/18/2019
Marche-en-Famenne,Léa,Vrouwelijk,07/20/2019
Lommel,Jan,Mannelijk,07/16/2019
Scherpenheuvel-Zichem,Martine,Vrouwelijk,07/28/2019
Charleroi,Michel,Mannelijk,07/27/2019
Putte,Vincent,Mannelijk,07/18/2019
Mortsel,Robin,Vrouwelijk,07/31/2019
Andenne,Gilbert,Mannelijk,07/24/2019
Herstal,Hugo,Mannelijk,07/28/2019
Brussel,Pascale,Vrouwelijk,09/11/2019
Jette,Mustapha,Mannelijk,07/23/2019
Sint-Joost-ten-Node,Valentin,Mannelijk,07/16/2019
Oudenaarde,Kenny,Mannelijk,07/22/2019
Antwerpen,Joeri,Mannelijk,07/29/2019
Anderlecht,Bernard,Mannelijk,07/17/2019
Namen,Manuel,Mannelijk,07/27/2019
Sint-Truiden,Jacobus,Mannelijk,07/29/2019
Rebecq,Geoffrey,Mannelijk,07/27/2019
Lille,Martina,Vrouwelijk,07/22/2019
Bergen,Jeanne,Vrouwelijk,07/28/2019
Aubange,Lucie,Vrouwelijk,07/25/2019
Zinnik,Dominique,Vrouwelijk,07/23/2019
Namen,Fany,Vrouwelijk,07/23/2019
Verviers,Jonathan,Mannelijk,07/23/2019
Hamont-Achel,Ivo,Mannelijk,07/16/2019
Hooglede,Francis,Mannelijk,08/12/2019
Aat,Nathan,Mannelijk,07/22/2019
Manage,Ibrahim,Mannelijk,07/24/2019
Diepenbeek,Linda,Vrouwelijk,07/31/2019
Bergen,Eric,Mannelijk,07/11/2019
Antwerpen,Youssef,Mannelijk,07/19/2019
Lievegem,Christa,Vrouwelijk,07/27/2019
Wuustwezel,Jens,Mannelijk,07/30/2019
Engis,Dominique,Vrouwelijk,07/31/2019
Bergen,Christopher,Mannelijk,08/10/2019
Lommel,Julia,Vrouwelijk,07/21/2019
Juprelle,Thomas,Mannelijk,07/15/2019
Turnhout,Paula,Vrouwelijk,07/20/2019
Doornik,Virginie,Vrouwelijk,07/22/2019
Chapelle-lez-Herlaimont,Théo,Mannelijk,07/18/2019
Luik,Stéphanie,Vrouwelijk,07/23/2019
Zinnik,Olivier,Mannelijk,07/26/2019
Vorst (Brussel-Hoofdstad),Ilham,Vrouwelijk,08/09/2019
Boechout,Geert,Mannelijk,07/20/2019
Kontich,Katty,Vrouwelijk,07/30/2019
Bergen,Sophie,Vrouwelijk,07/20/2019
Sint-Lambrechts-Woluwe,Diego,Mannelijk,07/15/2019
Bree,Michel,Mannelijk,07/26/2019
Elsene,Réginald,Mannelijk,09/15/2019
Evergem,Veerle,Vrouwelijk,07/18/2019
Scherpenheuvel-Zichem,Simonne,Vrouwelijk,07/19/2019
Zinnik,Daniel,Mannelijk,07/21/2019
Schaarbeek,Daniel,Mannelijk,07/22/2019
Riemst,Geoffrey,Mannelijk,07/21/2019
Herve,Annette,Vrouwelijk,07/26/2019
Ieper,Nadine,Vrouwelijk,08/02/2019
Gent,Joëlle,Vrouwelijk,07/18/2019
Aalter,Nathalie,Vrouwelijk,07/22/2019
Manage,Emma,Vrouwelijk,07/26/2019
Luik,Thomas,Mannelijk,07/27/2019
Geel,François,Mannelijk,07/12/2019
Walcourt,Adrien,Mannelijk,07/14/2019
Antwerpen,Christiane,Vrouwelijk,08/06/2019
Sint-Jans-Molenbeek,Valérie,Vrouwelijk,08/06/2019
Clavier,Alice,Vrouwelijk,07/19/2019
Aubel,William,Mannelijk,07/22/2019
Dalhem,Emmanuelle,Vrouwelijk,08/09/2019
Gent,Huguette,Vrouwelijk,07/16/2019
Herent,Victor,Mannelijk,07/11/2019
Etterbeek,Mohamed,Mannelijk,08/03/2019
Brugge,Anne,Vrouwelijk,07/29/2019
Bilzen,François,Mannelijk,07/25/2019
Anderlecht,Latifa,Vrouwelijk,07/21/2019
Kortrijk,Nathan,Mannelijk,08/13/2019
Charleroi,Teresa,Vrouwelijk,07/25/2019
Beringen,Marijn,Mannelijk,07/20/2019
Lommel,William,Mannelijk,07/15/2019
Wielsbeke,Amelie,Vrouwelijk,07/18/2019
Sint-Truiden,Virginie,Vrouwelijk,07/20/2019
Hasselt,Heidi,Vrouwelijk,07/16/2019
Beloeil,Christophe,Mannelijk,07/21/2019
Antwerpen,Abdul,Mannelijk,07/11/2019
Waregem,Paul,Mannelijk,07/17/2019
Hannuit,Florence,Vrouwelijk,07/24/2019
Manage,Théo,Mannelijk,07/28/2019
Kortrijk,Noël,Mannelijk,07/28/2019
Charleroi,Robert,Mannelijk,07/21/2019
Middelkerke,Dylan,Mannelijk,07/25/2019
Lanaken,Tamara,Vrouwelijk,08/14/2019
Poperinge,Jonathan,Mannelijk,07/24/2019
Overijse,Jacek,Mannelijk,08/10/2019
Gerpinnes,Pascal,Mannelijk,07/12/2019
Aalter,Marijke,Vrouwelijk,07/22/2019
Namen,Louis,Mannelijk,07/24/2019
Fontaine-l’Evêque,Elise,Vrouwelijk,07/13/2019
Péruwelz,Eloïse,Vrouwelijk,07/31/2019
Mol,Jordy,Mannelijk,07/11/2019
Sint-Jans-Molenbeek,Jean,Mannelijk,07/23/2019
Berlare,Ingrid,Vrouwelijk,07/25/2019
Antwerpen,Nicole,Vrouwelijk,07/26/2019
Willebroek,Raymond,Mannelijk,07/11/2019
Etterbeek,Marie,Vrouwelijk,07/22/2019
Waver,Jérôme,Mannelijk,08/05/2019
Mortsel,Jolan,Mannelijk,07/18/2019
Aarschot,Iris,Vrouwelijk,07/16/2019
Drogenbos,Amina,Vrouwelijk,08/04/2019
Tubeke,Flavio,Mannelijk,07/25/2019
Beveren (Sint-Niklaas),Jolien,Vrouwelijk,07/12/2019
Berlare,Jeannine,Vrouwelijk,08/08/2019
Bilzen,Maria,Vrouwelijk,07/27/2019
Boom,Mohammed,Mannelijk,07/17/2019
Geraardsbergen,Jolien,Vrouwelijk,07/11/2019
La Louvière,Antonina,Vrouwelijk,07/11/2019
Anderlecht,Dominique,Vrouwelijk,08/07/2019
Laarne,Simone,Vrouwelijk,07/30/2019
Riemst,Josette,Vrouwelijk,08/08/2019
Charleroi,Katy,Vrouwelijk,07/13/2019
Brugge,Paul,Mannelijk,07/25/2019
Buggenhout,Laura,Vrouwelijk,07/21/2019
Sint-Jans-Molenbeek,Merita,Vrouwelijk,07/12/2019
Kalmthout,Sabine,Vrouwelijk,07/27/2019
Ukkel,Christophe,Mannelijk,07/24/2019
Watermaal-Bosvoorde,Fernand,Mannelijk,07/21/2019
Aarschot,Louis,Mannelijk,07/20/2019
Spa,Thierry,Mannelijk,08/11/2019
Charleroi,Jérémie,Mannelijk,07/17/2019
Estinnes,Bertrand,Mannelijk,07/17/2019
Antwerpen,Daniel,Mannelijk,07/21/2019
Binche,Chantal,Vrouwelijk,07/23/2019
Morlanwelz,Madeleine,Vrouwelijk,07/20/2019
Oudenaarde,Antoine,Mannelijk,07/13/2019
Halle (Halle-Vilvoorde),Sara,Vrouwelijk,07/20/2019
Manhay,Philippe,Mannelijk,07/28/2019
Hasselt,Valérie,Vrouwelijk,07/18/2019
Jalhay,Simon,Mannelijk,07/24/2019
Temse,Johannes,Mannelijk,07/18/2019
Nijvel,Sylvia,Vrouwelijk,07/28/2019
Namen,David,Mannelijk,07/29/2019
Hamme (Dendermonde),Emma,Vrouwelijk,07/19/2019
Ravels,Monique,Vrouwelijk,07/23/2019
Eupen,Marc,Mannelijk,07/21/2019
Geldenaken,Monique,Vrouwelijk,07/21/2019
Verviers,René,Mannelijk,07/23/2019
Asse,Debora,Vrouwelijk,07/25/2019
Haacht,Annelies,Vrouwelijk,07/16/2019
Oudenaarde,Willy,Mannelijk,07/18/2019
Hasselt,Philip,Mannelijk,07/21/2019
Verviers,Nusret,Mannelijk,07/26/2019
Lubbeek,Bernadette,Vrouwelijk,07/16/2019
Evergem,Irena,Vrouwelijk,07/21/2019
Leuven,Neha,Vrouwelijk,07/23/2019
Koekelare,Maria,Vrouwelijk,07/18/2019
Schaarbeek,Françoise,Vrouwelijk,07/25/2019
Landen,Tom,Mannelijk,08/04/2019
Willebroek,Alexandra,Vrouwelijk,07/26/2019
Malle,Milan,Mannelijk,07/26/2019
Jette,Béatrice,Vrouwelijk,07/29/2019
Waver,Sara,Vrouwelijk,07/14/2019
Antwerpen,Matthew,Mannelijk,07/16/2019
Profondeville,Jules,Mannelijk,07/24/2019
Antwerpen,Yasmin,Vrouwelijk,08/02/2019
Antwerpen,Jan,Mannelijk,07/20/2019
Dendermonde,Jan,Mannelijk,07/20/2019
Antwerpen,Mustafa,Mannelijk,08/04/2019
Oud-Turnhout,Ronald,Mannelijk,07/22/2019
Herk-de-Stad,Daan,Mannelijk,07/25/2019
Kapellen (Antwerpen),Kato,Vrouwelijk,07/14/2019
Westerlo,Marcel,Mannelijk,07/29/2019
Leopoldsburg,Ludo,Mannelijk,07/21/2019
Binche,Rudy,Mannelijk,07/31/2019
Herve,Marie-Christine,Vrouwelijk,07/18/2019
Chièvres,Mélanie,Vrouwelijk,07/27/2019
Houthalen-Helchteren,Metin,Mannelijk,07/17/2019
Aarschot,Ronald,Mannelijk,07/19/2019
La Louvière,Larissa,Vrouwelijk,07/11/2019
Wemmel,Morgane,Vrouwelijk,07/28/2019
Herk-de-Stad,Lotte,Vrouwelijk,07/21/2019
Oostkamp,Geert,Mannelijk,08/06/2019
Les Bons Villers,Frédéric,Mannelijk,07/14/2019
Berlare,Lieve,Vrouwelijk,09/08/2019
Deinze,Tim,Mannelijk,07/18/2019
Aarschot,Claire,Vrouwelijk,08/09/2019
Eupen,Almir,Mannelijk,07/14/2019
Virton,Marie,Vrouwelijk,07/22/2019
Maaseik,Rudi,Mannelijk,07/23/2019
Aalst (Aalst),Birgit,Vrouwelijk,08/02/2019
Seraing,Noureddine,Mannelijk,07/12/2019
Bornem,Diane,Vrouwelijk,07/29/2019
Koksijde,Luca,Mannelijk,07/24/2019
Tubeke,Thierry,Mannelijk,07/30/2019
Hooglede,Lisa,Vrouwelijk,07/13/2019
Jette,Sylvia,Vrouwelijk,07/14/2019
Sint-Gillis-Waas,Robin,Mannelijk,07/24/2019
Leuven,Samuel,Mannelijk,07/20/2019
Bonheiden,Franciscus,Mannelijk,07/27/2019
Evere,Canan,Vrouwelijk,07/21/2019
Zottegem,Jeroom,Mannelijk,07/23/2019
Brasschaat,Peter,Mannelijk,07/17/2019
Manage,Luciano,Mannelijk,07/15/2019
Charleroi,Nawal,Vrouwelijk,07/12/2019
Sint-Pieters-Woluwe,Philippe,Mannelijk,07/22/2019
Laakdal,Herman,Mannelijk,07/19/2019
Tienen,Fleur,Vrouwelijk,07/15/2019
Antwerpen,Lien,Vrouwelijk,07/30/2019
Charleroi,Amory,Mannelijk,07/21/2019
Wemmel,Michaël,Mannelijk,07/11/2019
Flémalle,Loris,Mannelijk,07/30/2019
Heers,Elien,Vrouwelijk,07/29/2019
Houthalen-Helchteren,Levi,Mannelijk,07/18/2019
Thuin,Louis,Mannelijk,07/18/2019
Aalter,Inge,Vrouwelijk,07/15/2019
Temse,David,Mannelijk,07/12/2019
Fleurus,Quentin,Mannelijk,07/21/2019
Kapellen (Antwerpen),Sara,Vrouwelijk,07/26/2019
Essen,Warre,Mannelijk,08/02/2019
Antwerpen,Cynthia,Vrouwelijk,07/25/2019
Charleroi,Marie-Jeanne,Vrouwelijk,07/22/2019
Antwerpen,Eric,Mannelijk,08/13/2019
Frasnes-lez-Anvaing,José,Mannelijk,07/16/2019
Mechelen,Ann,Vrouwelijk,07/28/2019
Leuven,Petra,Vrouwelijk,08/02/2019
Westerlo,Anna,Vrouwelijk,07/16/2019
Genk,Hanane,Vrouwelijk,07/19/2019
Wielsbeke,Inge,Vrouwelijk,07/21/2019
Zwevegem,Jelle,Mannelijk,07/31/2019
Saint-Ghislain,Delphine,Vrouwelijk,07/19/2019
Halen,Toon,Mannelijk,08/12/2019
Beauraing,Loris,Mannelijk,07/12/2019
Huldenberg,Karen,Vrouwelijk,07/18/2019
Doornik,Denis,Mannelijk,08/14/2019
Aarschot,Anna,Vrouwelijk,08/02/2019
Seraing,Nancy,Vrouwelijk,08/05/2019
Bergen,Maryse,Vrouwelijk,07/17/2019
Rebecq,Audrey,Vrouwelijk,07/29/2019
Cerfontaine,Nathan,Mannelijk,07/20/2019
Burdinne,Arnaud,Mannelijk,07/29/2019
Dilbeek,Sami,Mannelijk,07/23/2019
Zedelgem,Kurt,Mannelijk,07/31/2019
Lommel,Kathleen,Vrouwelijk,07/27/2019
Vielsalm,Stéphane,Mannelijk,08/08/2019
Antwerpen,Vic,Mannelijk,07/17/2019
Heusden-Zolder,Lutgarde,Vrouwelijk,07/30/2019
Tongeren,Bruno,Mannelijk,07/27/2019
Boom,Tine,Vrouwelijk,07/24/2019
Berloz,Jocelyne,Vrouwelijk,08/26/2019
Opwijk,Nancy,Vrouwelijk,07/27/2019
Namen,Eloïse,Vrouwelijk,07/28/2019
Brugge,Hendrik,Mannelijk,07/26/2019
Bilzen,Robin,Mannelijk,07/31/2019
Antwerpen,Jessica,Vrouwelijk,07/21/2019
Antwerpen,Jennifer,Vrouwelijk,07/27/2019
Oudergem,Lionel,Mannelijk,07/12/2019
Aalst (Aalst),Armand,Mannelijk,07/18/2019
Soumagne,Mégane,Vrouwelijk,07/31/2019
Florenville,Jean-Marie,Mannelijk,07/23/2019
La Louvière,Fabrizio,Mannelijk,07/16/2019
Eigenbrakel,Claudine,Vrouwelijk,07/27/2019
Jabbeke,Raphaël,Mannelijk,07/27/2019
Asse,Michel,Mannelijk,07/18/2019
