gemeente,naam,geslacht,verwachte datum
Oostkamp,Lies,Vrouwelijk,08/07/2019
Ganshoren,Alexandra,Vrouwelijk,08/03/2019
Overijse,Margaux,Vrouwelijk,08/03/2019
Schaarbeek,Hüseyin,Mannelijk,08/09/2019
Antwerpen,Ewelina,Vrouwelijk,08/12/2019
Halen,Arlette,Vrouwelijk,08/08/2019
Ham-sur-Heure-Nalinnes,Flavie,Vrouwelijk,08/26/2019
Aalter,Laurens,Mannelijk,08/17/2019
Attert,Marie,Vrouwelijk,08/15/2019
Halle (Halle-Vilvoorde),Tomas,Mannelijk,08/16/2019
Seneffe,Claude,Mannelijk,08/26/2019
Aalst (Aalst),Valerie,Vrouwelijk,08/16/2019
Beyne-Heusay,Anne,Vrouwelijk,08/07/2019
Sint-Gillis-Waas,Wouter,Mannelijk,08/03/2019
Izegem,Julie,Vrouwelijk,07/29/2019
Bertem,Katrien,Vrouwelijk,08/06/2019
Luik,Ahmet,Mannelijk,08/13/2019
Wingene,Julie,Vrouwelijk,08/02/2019
Houthalen-Helchteren,Sara,Vrouwelijk,08/13/2019
Stekene,Gabriel,Mannelijk,08/11/2019
Lier,Christel,Vrouwelijk,08/01/2019
Charleroi,Marlon,Mannelijk,08/11/2019
Maasmechelen,Halil,Mannelijk,08/10/2019
Seraing,Julien,Mannelijk,08/18/2019
Balen,Maria,Vrouwelijk,08/14/2019
Opzullik,Louise,Vrouwelijk,08/12/2019
Waver,Vanessa,Vrouwelijk,08/17/2019
Sint-Jans-Molenbeek,Ionu,Mannelijk,08/12/2019
Luik,Abdellah,Mannelijk,08/07/2019
Walcourt,Bernard,Mannelijk,08/09/2019
Luik,Christiane,Vrouwelijk,08/08/2019
Oupeye,Chantal,Vrouwelijk,08/17/2019
Aalst (Aalst),Freddy,Mannelijk,08/27/2019
Bredene,Kris,Mannelijk,08/01/2019
Mol,Jan,Mannelijk,08/19/2019
Charleroi,Jean-Marie,Mannelijk,07/30/2019
Jabbeke,Justine,Vrouwelijk,08/17/2019
Turnhout,Marc,Mannelijk,08/11/2019
Namen,Gisèle,Vrouwelijk,08/14/2019
Brugge,Younes,Mannelijk,08/01/2019
Heist-op-den-Berg,Marianne,Vrouwelijk,08/19/2019
Aat,Paul,Mannelijk,08/08/2019
Beernem,Martine,Vrouwelijk,08/11/2019
Sambreville,Rudy,Mannelijk,08/08/2019
Sint-Lambrechts-Woluwe,Adam,Mannelijk,08/07/2019
Mol,Alexander,Mannelijk,08/18/2019
Luik,Ahmed,Mannelijk,08/15/2019
Bornem,Esther,Vrouwelijk,08/10/2019
Lochristi,Nancy,Vrouwelijk,08/10/2019
Oud-Turnhout,Roger,Mannelijk,08/15/2019
Bergen,Raphaël,Mannelijk,08/12/2019
Temse,Georges,Mannelijk,08/10/2019
Vilvoorde,Imrane,Mannelijk,08/16/2019
Charleroi,Davide,Mannelijk,08/13/2019
Zwevegem,Ignace,Mannelijk,08/07/2019
Zelzate,Dominique,Vrouwelijk,08/18/2019
Kortemark,Evelien,Vrouwelijk,08/18/2019
Bilzen,Lia,Vrouwelijk,08/09/2019
Evergem,Hilde,Vrouwelijk,07/30/2019
Awans,Pierre,Mannelijk,08/07/2019
Rixensart,Guillaume,Mannelijk,08/09/2019
Jette,Jean-Pierre,Mannelijk,08/08/2019
Antwerpen,Daniela,Vrouwelijk,08/16/2019
Londerzeel,Joanna,Vrouwelijk,08/02/2019
Gent,Arne,Mannelijk,08/14/2019
Sambreville,Marc,Mannelijk,08/14/2019
Ukkel,Vanessa,Vrouwelijk,08/06/2019
Jemeppe-sur-Sambre,Mélanie,Vrouwelijk,08/08/2019
Balen,Leen,Vrouwelijk,08/05/2019
Aarschot,René,Mannelijk,08/09/2019
Luik,Michel,Mannelijk,08/08/2019
Soumagne,Adèle,Vrouwelijk,08/19/2019
Antwerpen,Mohamed,Mannelijk,08/09/2019
Charleroi,Patrick,Mannelijk,08/09/2019
Balen,Johan,Mannelijk,08/04/2019
Doornik,Tom,Mannelijk,08/04/2019
Antwerpen,Trixie,Vrouwelijk,08/12/2019
Gembloux,Sylvie,Vrouwelijk,08/08/2019
Sambreville,Véronique,Vrouwelijk,08/07/2019
Roeselare,Davy,Mannelijk,07/31/2019
Tubeke,Claude,Mannelijk,08/09/2019
Hensies,José,Mannelijk,08/02/2019
Sint-Agatha-Berchem,Mohammed,Mannelijk,08/18/2019
Huldenberg,Arthur,Mannelijk,08/30/2019
Sint-Jans-Molenbeek,Hicham,Mannelijk,08/16/2019
Seraing,Liliane,Vrouwelijk,07/31/2019
Bocholt,Joseph,Mannelijk,08/07/2019
Nijvel,Ines,Vrouwelijk,08/07/2019
Antoing,Sylvie,Vrouwelijk,08/28/2019
Antwerpen,Dimitri,Mannelijk,07/31/2019
Antwerpen,Imane,Vrouwelijk,07/31/2019
Oudergem,Benoît,Mannelijk,08/28/2019
Tongeren,Lander,Mannelijk,08/12/2019
Knokke-Heist,Frederik,Mannelijk,08/01/2019
Mechelen,Dominique,Vrouwelijk,08/15/2019
Laarne,Frans,Mannelijk,08/07/2019
Antwerpen,Emily,Vrouwelijk,08/04/2019
Gent,Thomas,Mannelijk,08/26/2019
Tubeke,Liam,Mannelijk,08/03/2019
Gent,Emilia,Vrouwelijk,08/08/2019
Waregem,Luc,Mannelijk,08/11/2019
Lint,André,Mannelijk,08/23/2019
Gent,Els,Vrouwelijk,08/02/2019
Jette,Tarik,Mannelijk,08/08/2019
Brussel,Houda,Vrouwelijk,08/13/2019
Puurs-Sint-Amands,Gilberte,Vrouwelijk,08/13/2019
Chastre,Charlotte,Vrouwelijk,08/04/2019
Deerlijk,Nico,Mannelijk,07/30/2019
Sint-Gillis,Estelle,Vrouwelijk,08/15/2019
Schaarbeek,Daniela,Vrouwelijk,08/10/2019
Houthalen-Helchteren,Dirk,Mannelijk,08/10/2019
Boutersem,John,Mannelijk,08/31/2019
La Louvière,Eden,Mannelijk,08/14/2019
Dendermonde,Ibrahim,Mannelijk,08/06/2019
Sint-Jans-Molenbeek,Nadia,Vrouwelijk,08/21/2019
Gent,Emilien,Mannelijk,08/01/2019
Waterloo,Elodie,Vrouwelijk,08/06/2019
Colfontaine,Maxence,Mannelijk,08/06/2019
Chimay,Antoine,Mannelijk,08/18/2019
Harelbeke,Nathalie,Vrouwelijk,08/12/2019
Gent,Stella,Vrouwelijk,08/09/2019
Borsbeek,Thomas,Mannelijk,08/29/2019
Merksplas,Marina,Vrouwelijk,08/16/2019
Anderlecht,Georges,Mannelijk,08/04/2019
Koksijde,Freddy,Mannelijk,08/16/2019
Dour,Ugo,Mannelijk,08/20/2019
Koksijde,Frédéric,Mannelijk,08/26/2019
Sint-Pieters-Leeuw,Françoise,Vrouwelijk,08/23/2019
Luik,Tasnim,Vrouwelijk,08/11/2019
Sambreville,Olivia,Vrouwelijk,08/11/2019
Vresse-sur-Semois,Daniel,Mannelijk,08/26/2019
Leuven,Anne-Marie,Vrouwelijk,07/29/2019
Laakdal,Marleen,Vrouwelijk,08/01/2019
Doornik,André,Mannelijk,08/17/2019
Harelbeke,Kenneth,Mannelijk,08/16/2019
Gent,Eline,Vrouwelijk,08/13/2019
Grâce-Hollogne,Sylvie,Vrouwelijk,08/17/2019
Brugelette,Vincent,Mannelijk,08/16/2019
Zuienkerke,Christel,Vrouwelijk,08/11/2019
Dour,Axel,Mannelijk,08/17/2019
Thuin,Arthur,Mannelijk,08/30/2019
Bocholt,Maria,Vrouwelijk,08/17/2019
Colfontaine,Sandrine,Vrouwelijk,08/06/2019
Ranst,Joke,Vrouwelijk,08/11/2019
Hasselt,Fatima,Vrouwelijk,08/01/2019
Balen,Katleen,Vrouwelijk,08/08/2019
Gingelom,Charlotte,Vrouwelijk,08/14/2019
Sint-Pieters-Leeuw,Karima,Vrouwelijk,08/18/2019
Heist-op-den-Berg,Anny,Vrouwelijk,08/17/2019
Antwerpen,Nadia,Vrouwelijk,08/03/2019
Eigenbrakel,Charles,Mannelijk,08/17/2019
Houthulst,Liesbeth,Vrouwelijk,08/10/2019
Antwerpen,Sander,Mannelijk,08/08/2019
Luik,Chantal,Vrouwelijk,08/17/2019
Sint-Pieters-Leeuw,Amal,Vrouwelijk,08/02/2019
Namen,Céline,Vrouwelijk,08/16/2019
Mortsel,Luna,Vrouwelijk,08/15/2019
Anderlecht,Mohamed,Mannelijk,08/11/2019
Chaudfontaine,Dominique,Vrouwelijk,08/29/2019
Bouillon,Nadine,Vrouwelijk,08/05/2019
Kruibeke,Stien,Vrouwelijk,08/22/2019
Holsbeek,André,Mannelijk,08/08/2019
’s Gravenbrakel,Gérald,Mannelijk,08/02/2019
Zandhoven,Jules,Mannelijk,08/05/2019
Torhout,Siska,Vrouwelijk,08/09/2019
Sint-Gillis,Salomé,Vrouwelijk,08/09/2019
Sankt Vith,Thomas,Mannelijk,08/05/2019
Aat,Anissa,Vrouwelijk,08/28/2019
Zutendaal,Georges,Mannelijk,08/11/2019
Lokeren,Helena,Vrouwelijk,08/11/2019
Wanze,Nathalie,Vrouwelijk,08/11/2019
Zele,Elisabeth,Vrouwelijk,08/09/2019
Kampenhout,Alice,Vrouwelijk,08/15/2019
Wellen,Carina,Vrouwelijk,08/24/2019
Tellin,Françoise,Vrouwelijk,08/10/2019
Brussel,Abdelkader,Mannelijk,08/16/2019
Houffalize,Guy,Mannelijk,08/06/2019
Antwerpen,Shivan,Mannelijk,08/07/2019
Chimay,Patricia,Vrouwelijk,08/29/2019
Chaudfontaine,Marie,Vrouwelijk,08/28/2019
Oud-Turnhout,Margareta,Vrouwelijk,08/31/2019
Wommelgem,Johan,Mannelijk,08/10/2019
Etterbeek,Michel,Mannelijk,08/11/2019
Sint-Niklaas (Sint-Niklaas),Mona,Vrouwelijk,09/19/2019
Pont-à-Celles,Zoé,Vrouwelijk,08/20/2019
Charleroi,Raphaël,Mannelijk,08/17/2019
Brussel,Fatima,Vrouwelijk,08/13/2019
Herentals,Lisa,Vrouwelijk,08/09/2019
Trooz,Carole,Vrouwelijk,08/08/2019
Ukkel,Manon,Vrouwelijk,08/01/2019
Bastenaken,Edouard,Mannelijk,08/25/2019
Antwerpen,Mimoun,Mannelijk,08/01/2019
Pelt,Louis,Mannelijk,08/27/2019
Bilzen,Carine,Vrouwelijk,08/04/2019
Charleroi,Kossi,Mannelijk,08/07/2019
Sint-Niklaas (Sint-Niklaas),Jolien,Vrouwelijk,08/08/2019
Wetteren,Ferre,Mannelijk,08/10/2019
Saint-Ghislain,René,Mannelijk,08/16/2019
’s Gravenbrakel,Willy,Mannelijk,07/31/2019
’s Gravenbrakel,Nicole,Vrouwelijk,07/31/2019
Verviers,Danielle,Vrouwelijk,08/05/2019
Aarschot,André,Mannelijk,08/02/2019
Charleroi,Laurent,Mannelijk,08/18/2019
Charleroi,Abdelkader,Mannelijk,08/15/2019
Sint-Lievens-Houtem,Hilde,Vrouwelijk,08/07/2019
Vorst (Brussel-Hoofdstad),Julie,Vrouwelijk,08/04/2019
Andenne,Patricia,Vrouwelijk,08/06/2019
Brugge,Amaury,Mannelijk,08/14/2019
Maldegem,Filip,Mannelijk,08/07/2019
Couvin,Michaël,Mannelijk,08/13/2019
Saint-Ghislain,Emma,Vrouwelijk,08/05/2019
Hulshout,Marc,Mannelijk,08/02/2019
Herstal,Nathan,Mannelijk,08/18/2019
Pelt,Nina,Vrouwelijk,08/09/2019
Bonheiden,Marc,Mannelijk,08/13/2019
Anderlecht,Marie,Vrouwelijk,08/06/2019
Antwerpen,Jan,Mannelijk,08/09/2019
Kasterlee,Dimitri,Mannelijk,08/16/2019
Sint-Jans-Molenbeek,Mohammed,Mannelijk,09/11/2019
Sint-Laureins,Dirk,Mannelijk,07/29/2019
Geetbets,Inge,Vrouwelijk,08/20/2019
Westerlo,Chris,Mannelijk,08/05/2019
Oostkamp,Joeri,Mannelijk,08/03/2019
Charleroi,Mevlüt,Mannelijk,08/14/2019
Puurs-Sint-Amands,Lena,Vrouwelijk,08/10/2019
Verviers,Yusuf,Mannelijk,08/10/2019
Quévy,Sonia,Vrouwelijk,08/08/2019
Bergen,Gaël,Mannelijk,08/09/2019
Gent,Katrien,Vrouwelijk,08/02/2019
Edegem,Patrick,Mannelijk,09/30/2019
Menen,Noah,Mannelijk,08/01/2019
Wommelgem,Nathalie,Vrouwelijk,08/06/2019
Beersel,Wout,Mannelijk,08/15/2019
Verviers,José,Mannelijk,08/12/2019
Etterbeek,Salima,Vrouwelijk,08/11/2019
Zwevegem,Jeannine,Vrouwelijk,08/01/2019
Büllingen,Fabian,Mannelijk,07/31/2019
Namen,Cécile,Vrouwelijk,08/17/2019
Zinnik,Chantal,Vrouwelijk,08/07/2019
Boutersem,Elena,Vrouwelijk,08/06/2019
Oudergem,Daniel,Mannelijk,08/01/2019
Ottignies-Louvain-la-Neuve,Morgane,Vrouwelijk,08/12/2019
Welkenraedt,Patricia,Vrouwelijk,08/05/2019
Jemeppe-sur-Sambre,Sarah,Vrouwelijk,08/07/2019
Brussel,Alexia,Vrouwelijk,08/16/2019
Aalst (Aalst),Willy,Mannelijk,08/29/2019
Maaseik,Leon,Mannelijk,08/01/2019
Kapellen (Antwerpen),Marc,Mannelijk,07/30/2019
Brussel,Gheorghe,Mannelijk,08/15/2019
Dilbeek,Marie,Vrouwelijk,08/06/2019
Zinnik,Mathilde,Vrouwelijk,08/06/2019
Meise,Maxim,Mannelijk,08/02/2019
Brussel,Asma,Vrouwelijk,08/04/2019
Luik,Silvia,Vrouwelijk,08/26/2019
Gent,Ruben,Mannelijk,08/06/2019
Charleroi,Nicola,Mannelijk,08/15/2019
Brecht,Patrick,Mannelijk,08/12/2019
Roeselare,Frans,Mannelijk,08/03/2019
Leuze-en-Hainaut,Samuël,Mannelijk,08/10/2019
Londerzeel,Jill,Vrouwelijk,08/05/2019
Riemst,Kristof,Mannelijk,08/11/2019
Vilvoorde,William,Mannelijk,07/30/2019
Leuven,Martine,Vrouwelijk,08/10/2019
Assesse,Marie,Vrouwelijk,08/04/2019
Herentals,Anna,Vrouwelijk,08/06/2019
Leuven,Sandra,Vrouwelijk,08/09/2019
Schaarbeek,Karolina,Vrouwelijk,08/08/2019
Staden,Annelien,Vrouwelijk,08/21/2019
Brussel,Fanny,Vrouwelijk,08/13/2019
Gent,Ahmed,Mannelijk,08/09/2019
Bergen,Zachary,Mannelijk,08/29/2019
Mol,Gabrielle,Vrouwelijk,07/29/2019
Sint-Gillis-Waas,Mariette,Vrouwelijk,08/07/2019
Marche-en-Famenne,André,Mannelijk,08/08/2019
Fontaine-l’Evêque,Yasmina,Vrouwelijk,08/03/2019
Erezée,Eric,Mannelijk,08/14/2019
Sint-Jans-Molenbeek,Zoé,Vrouwelijk,08/11/2019
Mechelen,Leen,Vrouwelijk,08/27/2019
Schilde,Els,Vrouwelijk,08/04/2019
Blegny,Christophe,Mannelijk,08/21/2019
Charleroi,Micheline,Vrouwelijk,08/18/2019
Antwerpen,Raymonde,Vrouwelijk,08/16/2019
Büllingen,Cédric,Mannelijk,08/24/2019
Meerhout,Catharina,Vrouwelijk,08/09/2019
Nieuwpoort,Jan,Mannelijk,08/08/2019
Heusden-Zolder,Ann,Vrouwelijk,08/14/2019
Lummen,Nele,Vrouwelijk,07/30/2019
Amay,Monique,Vrouwelijk,08/08/2019
Beersel,Alyssa,Vrouwelijk,08/24/2019
Borgloon,Valerie,Vrouwelijk,08/04/2019
Grâce-Hollogne,Grazia,Vrouwelijk,08/03/2019
Sint-Joost-ten-Node,Amadou,Mannelijk,08/05/2019
Andenne,Christophe,Mannelijk,08/15/2019
Melle,Anne-Marie,Vrouwelijk,08/11/2019
Schaarbeek,Sophie,Vrouwelijk,07/29/2019
Kortrijk,Abdellah,Mannelijk,08/12/2019
Waregem,Mia,Vrouwelijk,08/07/2019
Moorslede,Wout,Mannelijk,08/09/2019
Sint-Niklaas (Sint-Niklaas),Gabriella,Vrouwelijk,08/10/2019
Vielsalm,Florence,Vrouwelijk,08/11/2019
Evergem,Mare,Vrouwelijk,08/01/2019
Duffel,Lena,Vrouwelijk,08/21/2019
Doornik,Marina,Vrouwelijk,08/07/2019
Thuin,Philippe,Mannelijk,08/28/2019
Doornik,Nicole,Vrouwelijk,08/17/2019
Hechtel-Eksel,Maria,Vrouwelijk,08/07/2019
Landen,Guido,Mannelijk,08/15/2019
Sint-Agatha-Berchem,Benoît,Mannelijk,08/13/2019
Antwerpen,Noura,Vrouwelijk,08/18/2019
Westerlo,Albert,Mannelijk,08/15/2019
Horebeke,Dirk,Mannelijk,08/07/2019
Aalst (Aalst),Herman,Mannelijk,08/11/2019
Etterbeek,Nicolas,Mannelijk,08/07/2019
Gent,Berkan,Mannelijk,08/06/2019
Sint-Pieters-Woluwe,Christiane,Vrouwelijk,08/15/2019
Braives,Roger,Mannelijk,08/12/2019
Brussel,Noureddine,Mannelijk,08/25/2019
Gent,Sam,Mannelijk,08/18/2019
Diest,Gitte,Vrouwelijk,08/12/2019
Lommel,Geert,Mannelijk,08/13/2019
Knokke-Heist,Stéphane,Mannelijk,08/09/2019
Sint-Katelijne-Waver,Paul,Mannelijk,08/07/2019
