gemeente,naam,geslacht,verwachte datum
Ukkel,Suzanne,Vrouwelijk,09/16/2019
Weismes,Régine,Vrouwelijk,09/30/2019
Doornik,Walid,Mannelijk,09/20/2019
Charleroi,Yusuf,Mannelijk,09/26/2019
Luik,Nathalie,Vrouwelijk,09/09/2019
Bocholt,Vincent,Mannelijk,09/15/2019
Bree,Christine,Vrouwelijk,09/16/2019
Ledegem,Monique,Vrouwelijk,09/17/2019
Sint-Niklaas (Sint-Niklaas),Younes,Mannelijk,09/13/2019
Hooglede,Claudine,Vrouwelijk,09/24/2019
Halle (Halle-Vilvoorde),Kaat,Vrouwelijk,10/10/2019
Durbuy,Julie,Vrouwelijk,09/27/2019
Kortessem,Christel,Vrouwelijk,09/15/2019
Sint-Gillis,Christophe,Mannelijk,09/24/2019
Charleroi,Anne,Vrouwelijk,09/14/2019
Overijse,Sandra,Vrouwelijk,09/28/2019
Kortenberg,Yannick,Mannelijk,09/12/2019
Gembloux,Sara,Vrouwelijk,09/25/2019
Schaarbeek,Thomas,Mannelijk,09/09/2019
Brugge,Alison,Vrouwelijk,09/29/2019
Nijvel,Vanessa,Vrouwelijk,09/30/2019
Ieper,Viviane,Vrouwelijk,09/14/2019
Kontich,Lindsey,Vrouwelijk,09/16/2019
Aubange,Monique,Vrouwelijk,10/07/2019
Mechelen,Elza,Vrouwelijk,09/23/2019
Hoogstraten,Paula,Vrouwelijk,09/16/2019
Overijse,Maria,Vrouwelijk,09/28/2019
Binche,André,Mannelijk,09/17/2019
Luik,Johanne,Vrouwelijk,09/20/2019
Antoing,Huguette,Vrouwelijk,09/18/2019
Harelbeke,Emilie,Vrouwelijk,09/21/2019
Koksijde,Charles,Mannelijk,11/03/2019
Aarlen,Evan,Mannelijk,09/19/2019
Ramillies,Mireille,Vrouwelijk,10/11/2019
Anderlecht,Diego,Mannelijk,09/10/2019
Zwevegem,Davy,Mannelijk,09/18/2019
Dilbeek,Sarah,Vrouwelijk,09/23/2019
Zedelgem,Cindy,Vrouwelijk,09/30/2019
Oostende,Ghislaine,Vrouwelijk,09/20/2019
Leuven,Tatjana,Vrouwelijk,09/21/2019
Berlaar,Gert,Mannelijk,09/22/2019
Quévy,Albert,Mannelijk,09/26/2019
Gistel,Glenn,Mannelijk,09/13/2019
Pittem,Ellen,Vrouwelijk,09/20/2019
Trooz,Didier,Mannelijk,09/20/2019
Wetteren,Tania,Vrouwelijk,09/23/2019
Tienen,Kevin,Mannelijk,09/18/2019
Pont-à-Celles,Lucas,Mannelijk,09/25/2019
Quévy,Virginie,Vrouwelijk,09/19/2019
Herselt,Ludovicus,Mannelijk,09/19/2019
Lede,Eline,Vrouwelijk,09/15/2019
Schaarbeek,Faouzia,Vrouwelijk,09/10/2019
Gent,Eddy,Mannelijk,09/26/2019
Juprelle,Marie,Vrouwelijk,09/12/2019
Herstal,Jean,Mannelijk,10/08/2019
Boussu,Germaine,Vrouwelijk,09/17/2019
Brussel,Amy,Vrouwelijk,09/11/2019
Sint-Niklaas (Sint-Niklaas),Lucien,Mannelijk,09/20/2019
Sint-Niklaas (Sint-Niklaas),Jarno,Mannelijk,09/13/2019
Stekene,Ellen,Vrouwelijk,09/12/2019
Scherpenheuvel-Zichem,Paul,Mannelijk,09/09/2019
Ukkel,Jean,Mannelijk,09/25/2019
Zandhoven,Jeannine,Vrouwelijk,09/14/2019
Koksijde,Jean,Mannelijk,09/27/2019
Schoten,Roger,Mannelijk,09/20/2019
Gingelom,Karolien,Vrouwelijk,09/25/2019
Zandhoven,Dirk,Mannelijk,09/12/2019
Bertem,Sandra,Vrouwelijk,09/29/2019
Beveren (Sint-Niklaas),Dirk,Mannelijk,09/29/2019
Harelbeke,Maurice,Mannelijk,09/12/2019
Luik,Aïcha,Vrouwelijk,09/16/2019
Schaarbeek,Grazyna,Vrouwelijk,09/19/2019
Mortsel,Sabina,Vrouwelijk,09/20/2019
Roeselare,Nele,Vrouwelijk,09/17/2019
Sint-Gillis-Waas,Martine,Vrouwelijk,09/17/2019
Yvoir,Camille,Vrouwelijk,09/27/2019
Olen,Herman,Mannelijk,10/04/2019
Gent,Musa,Mannelijk,09/24/2019
Herselt,Jan,Mannelijk,09/27/2019
Moorslede,Lucas,Mannelijk,09/30/2019
Villers-Le-Bouillet,Dominique,Vrouwelijk,09/19/2019
Bertem,Erik,Mannelijk,09/26/2019
Zonhoven,Daan,Mannelijk,09/19/2019
Ukkel,Catherine,Vrouwelijk,09/23/2019
Boussu,Fabrizio,Mannelijk,09/14/2019
Eupen,Karl,Mannelijk,09/13/2019
Andenne,Sébastien,Mannelijk,09/27/2019
Charleroi,Nour,Vrouwelijk,09/24/2019
Kontich,Louis,Mannelijk,10/07/2019
Vilvoorde,Hermine,Vrouwelijk,09/25/2019
Antwerpen,Malika,Vrouwelijk,09/22/2019
Kasterlee,Theresia,Vrouwelijk,09/16/2019
Beveren (Sint-Niklaas),Lucia,Vrouwelijk,09/23/2019
Brussel,Tanya,Vrouwelijk,09/13/2019
Bocholt,Georges,Mannelijk,10/09/2019
Andenne,Célia,Vrouwelijk,09/28/2019
Sambreville,René,Mannelijk,09/11/2019
Sint-Katelijne-Waver,Greta,Vrouwelijk,09/13/2019
Kortrijk,Hans,Mannelijk,09/14/2019
Tubeke,Charlotte,Vrouwelijk,09/27/2019
Péruwelz,Luigi,Mannelijk,09/15/2019
Wanze,Lucas,Mannelijk,09/17/2019
Oud-Heverlee,Bart,Mannelijk,09/20/2019
Menen,Ghislain,Mannelijk,10/17/2019
Gent,Bruno,Mannelijk,09/29/2019
Aat,Dany,Mannelijk,09/19/2019
Lobbes,Johan,Mannelijk,09/18/2019
Rumes,Mandy,Vrouwelijk,09/21/2019
Luik,Gabrielle,Vrouwelijk,09/27/2019
Herstal,Victoria,Vrouwelijk,09/18/2019
Olen,Liliana,Vrouwelijk,10/12/2019
Sambreville,Laurence,Vrouwelijk,09/20/2019
Aalst (Aalst),Martine,Vrouwelijk,09/30/2019
Lievegem,Alain,Mannelijk,09/21/2019
Antwerpen,Emma,Vrouwelijk,10/11/2019
Hove (Antwerpen),Laurent,Mannelijk,09/24/2019
Sint-Agatha-Berchem,Walid,Mannelijk,09/29/2019
Gent,Erwin,Mannelijk,09/16/2019
Manage,Fabienne,Vrouwelijk,09/21/2019
Neufchâteau (Neufchâteau),Jeanne,Vrouwelijk,09/16/2019
Olen,Stefan,Mannelijk,09/15/2019
Wevelgem,Jens,Mannelijk,10/13/2019
Lessen,Ilona,Vrouwelijk,09/18/2019
Tremelo,Lotte,Vrouwelijk,09/19/2019
Houthalen-Helchteren,Belinda,Vrouwelijk,09/18/2019
Edegem,Robert,Mannelijk,09/09/2019
Herve,Eléna,Vrouwelijk,09/29/2019
Esneux,Quentin,Mannelijk,09/20/2019
Flémalle,Elena,Vrouwelijk,09/13/2019
Halle (Halle-Vilvoorde),Monique,Vrouwelijk,10/18/2019
Kuurne,Charlotte,Vrouwelijk,09/16/2019
Spa,Anthony,Mannelijk,09/18/2019
Manage,Jacques,Mannelijk,09/26/2019
Namen,François,Mannelijk,09/25/2019
Leuven,Nada,Vrouwelijk,09/22/2019
Mol,Alex,Mannelijk,10/05/2019
Lokeren,Carmen,Vrouwelijk,09/22/2019
Antwerpen,Hilde,Vrouwelijk,09/18/2019
Hooglede,Magdalena,Vrouwelijk,09/24/2019
Lille,Kaat,Vrouwelijk,09/19/2019
Sint-Joost-ten-Node,Erkan,Mannelijk,09/27/2019
Antwerpen,Annick,Vrouwelijk,10/03/2019
Chaudfontaine,Anna,Vrouwelijk,09/12/2019
Seraing,Caroline,Vrouwelijk,10/13/2019
De Pinte,Brigitte,Vrouwelijk,10/07/2019
Mechelen,Ana,Vrouwelijk,09/22/2019
Oostende,Serge,Mannelijk,09/15/2019
Antwerpen,Matteo,Mannelijk,09/22/2019
Ham-sur-Heure-Nalinnes,Patrice,Mannelijk,09/17/2019
Antwerpen,Ousseynou,Mannelijk,09/25/2019
Gembloux,Sébastien,Mannelijk,09/22/2019
Brecht,Wim,Mannelijk,09/19/2019
De Pinte,Nadine,Vrouwelijk,09/19/2019
Antwerpen,Soulayman,Mannelijk,09/12/2019
Binche,Manon,Vrouwelijk,09/19/2019
Genk,Maria,Vrouwelijk,09/16/2019
Lokeren,Dirk,Mannelijk,09/09/2019
Luik,Hatice,Vrouwelijk,10/07/2019
Habay,François,Mannelijk,09/27/2019
Hasselt,Tom,Mannelijk,09/19/2019
Ukkel,Robin,Mannelijk,09/28/2019
Kortenberg,Kevin,Mannelijk,09/09/2019
Zaventem,Audrey,Vrouwelijk,09/27/2019
Dilbeek,Linda,Vrouwelijk,09/17/2019
Ham,Finn,Mannelijk,10/09/2019
Sint-Gillis-Waas,Paul,Mannelijk,09/15/2019
Beringen,Alina,Vrouwelijk,09/22/2019
Anderlecht,Amir,Mannelijk,09/09/2019
Laakdal,Linda,Vrouwelijk,09/29/2019
Komen-Waasten,Jonathan,Mannelijk,09/17/2019
Somme-Leuze,Carine,Vrouwelijk,09/16/2019
Aalst (Aalst),Jelle,Mannelijk,09/22/2019
Ukkel,Elsa,Vrouwelijk,10/12/2019
Puurs-Sint-Amands,Yannick,Mannelijk,09/19/2019
Gent,Wendy,Vrouwelijk,09/17/2019
Tongeren,Josée,Vrouwelijk,09/18/2019
Herstal,Véronique,Vrouwelijk,09/29/2019
Berlare,Niels,Mannelijk,09/17/2019
Binche,Stéphane,Mannelijk,09/18/2019
Zele,Ahmet,Mannelijk,09/14/2019
Bergen,Alpha,Mannelijk,10/06/2019
Eigenbrakel,Robert,Mannelijk,09/18/2019
Knokke-Heist,Olivier,Mannelijk,09/25/2019
Kortemark,Roger,Mannelijk,09/18/2019
Verviers,Bilal,Mannelijk,09/24/2019
Dilsen-Stokkem,Febe,Vrouwelijk,09/15/2019
Watermaal-Bosvoorde,Céline,Vrouwelijk,09/29/2019
Halen,Nele,Vrouwelijk,09/28/2019
Ninove,Etienne,Mannelijk,09/28/2019
Luik,Carine,Vrouwelijk,09/25/2019
Ardooie,Jurgen,Mannelijk,09/09/2019
Heist-op-den-Berg,Emma,Vrouwelijk,09/18/2019
Brussel,Mircea,Mannelijk,09/09/2019
Herentals,Jozef,Mannelijk,09/19/2019
Sint-Niklaas (Sint-Niklaas),Odette,Vrouwelijk,09/22/2019
Harelbeke,Marleen,Vrouwelijk,09/26/2019
Haaltert,Rita,Vrouwelijk,09/10/2019
Florenville,Marie,Vrouwelijk,09/28/2019
Jette,Nassim,Mannelijk,09/09/2019
Antwerpen,Thomas,Mannelijk,09/17/2019
Mechelen,Dirk,Mannelijk,09/27/2019
Zandhoven,Jacques,Mannelijk,10/03/2019
Evere,Marthe,Vrouwelijk,09/14/2019
Zele,Melissa,Vrouwelijk,09/17/2019
Bergen,Eric,Mannelijk,09/20/2019
Bree,Pauline,Vrouwelijk,09/21/2019
Aat,Christine,Vrouwelijk,09/16/2019
Bergen,Alexandre,Mannelijk,09/10/2019
Andenne,Maria,Vrouwelijk,09/18/2019
Asse,Simonne,Vrouwelijk,10/13/2019
Sint-Joost-ten-Node,Florin,Mannelijk,09/24/2019
Antwerpen,Luc,Mannelijk,09/17/2019
Leuven,Els,Vrouwelijk,10/13/2019
Tienen,Luc,Mannelijk,09/18/2019
Deerlijk,Griet,Vrouwelijk,09/18/2019
Sint-Joost-ten-Node,Marie-Louise,Vrouwelijk,09/09/2019
Komen-Waasten,Micheline,Vrouwelijk,09/22/2019
Manhay,Clément,Mannelijk,10/26/2019
Gent,Jochen,Mannelijk,09/17/2019
Chaudfontaine,Claudine,Vrouwelijk,09/16/2019
Beauraing,Gaëtan,Mannelijk,09/19/2019
Sankt Vith,Joseph,Mannelijk,09/18/2019
Antwerpen,Peter,Mannelijk,09/19/2019
Brussel,Bilal,Mannelijk,09/13/2019
Morlanwelz,Yvette,Vrouwelijk,09/22/2019
Heusden-Zolder,Nathalie,Vrouwelijk,09/16/2019
Nieuwpoort,Robert,Mannelijk,09/19/2019
Harelbeke,Mila,Vrouwelijk,09/25/2019
Sint-Agatha-Berchem,Hassan,Mannelijk,09/12/2019
Komen-Waasten,Paulette,Vrouwelijk,09/19/2019
Couvin,Norbert,Mannelijk,09/19/2019
Zaventem,Marie,Vrouwelijk,10/11/2019
Nazareth,Luc,Mannelijk,10/05/2019
Binche,Caroline,Vrouwelijk,09/21/2019
Fléron,Marie,Vrouwelijk,09/16/2019
Meise,Vincent,Mannelijk,09/19/2019
Antwerpen,Karin,Vrouwelijk,09/25/2019
Etterbeek,Francis,Mannelijk,09/27/2019
Maldegem,Mathis,Mannelijk,09/09/2019
Flémalle,Clara,Vrouwelijk,09/11/2019
Antwerpen,Olga,Vrouwelijk,09/30/2019
Sambreville,Ludovic,Mannelijk,09/27/2019
Wetteren,Kjell,Mannelijk,09/19/2019
Oostende,Davy,Mannelijk,09/12/2019
Mechelen,Yilmaz,Mannelijk,10/09/2019
Putte,Nadine,Vrouwelijk,09/21/2019
Glabbeek,Stijn,Mannelijk,09/24/2019
Ganshoren,Mariette,Vrouwelijk,09/22/2019
Herstal,Ivan,Mannelijk,09/13/2019
Leopoldsburg,Johan,Mannelijk,09/18/2019
Herstal,Yvonne,Vrouwelijk,09/12/2019
Moorslede,Nadine,Vrouwelijk,09/23/2019
Brussel,Mehdi,Mannelijk,09/10/2019
Nijlen,Robert,Mannelijk,09/16/2019
Oudenaarde,Marina,Vrouwelijk,09/21/2019
Aalst (Aalst),Dirk,Mannelijk,09/15/2019
Malle,Martha,Vrouwelijk,09/21/2019
Walcourt,Sandy,Vrouwelijk,09/27/2019
Knokke-Heist,Jean-Pierre,Mannelijk,09/17/2019
Tremelo,Kelly,Vrouwelijk,09/23/2019
Charleroi,Micky,Mannelijk,09/20/2019
Deinze,Dirk,Mannelijk,09/10/2019
Putte,Jan,Mannelijk,09/28/2019
Lierde,Rudy,Mannelijk,09/13/2019
Charleroi,Jacqueline,Vrouwelijk,09/19/2019
Hoei,Frédéric,Mannelijk,09/28/2019
Pelt,Antoon,Mannelijk,09/11/2019
Modave,Mathys,Mannelijk,09/18/2019
Oosterzele,Sandra,Vrouwelijk,09/12/2019
Aalst (Aalst),Jana,Vrouwelijk,09/22/2019
Gooik,Patricia,Vrouwelijk,09/13/2019
Seraing,Antonio,Mannelijk,09/29/2019
Gingelom,Paul,Mannelijk,09/19/2019
Ninove,Sandra,Vrouwelijk,09/20/2019
Etalle,Thibaut,Mannelijk,09/24/2019
Lichtervelde,Ilse,Vrouwelijk,09/19/2019
Deerlijk,Jeannine,Vrouwelijk,09/23/2019
Wuustwezel,Evi,Vrouwelijk,09/21/2019
Hamme (Dendermonde),Melissa,Vrouwelijk,10/12/2019
Charleroi,Aria,Vrouwelijk,09/23/2019
Wielsbeke,Nadine,Vrouwelijk,09/20/2019
Kasterlee,Stijn,Mannelijk,09/19/2019
Asse,Pascal,Mannelijk,09/28/2019
Moeskroen,Dimitri,Mannelijk,09/22/2019
Kruisem,Barbara,Vrouwelijk,09/15/2019
Antwerpen,Kelly,Vrouwelijk,09/09/2019
Sambreville,Eric,Mannelijk,09/10/2019
Schoten,Emilia,Vrouwelijk,09/11/2019
Kortenberg,Raymond,Mannelijk,09/25/2019
Antwerpen,Manuela,Vrouwelijk,09/19/2019
Antwerpen,Jehad,Mannelijk,09/12/2019
Courcelles,Loredana,Vrouwelijk,09/24/2019
Aarschot,Anne-Marie,Vrouwelijk,09/21/2019
Ukkel,Eva,Vrouwelijk,09/10/2019
Brugge,Sanne,Vrouwelijk,09/29/2019
Zedelgem,Dennis,Mannelijk,09/26/2019
Gistel,Koen,Mannelijk,09/22/2019
Brussel,Rahma,Vrouwelijk,09/26/2019
Péruwelz,Jean-Pierre,Mannelijk,09/25/2019
Hasselt,Fabienne,Vrouwelijk,09/10/2019
Bree,Rita,Vrouwelijk,10/08/2019
Chapelle-lez-Herlaimont,Claudine,Vrouwelijk,09/27/2019
La Louvière,Laetitia,Vrouwelijk,09/18/2019
Deinze,Ronny,Mannelijk,09/23/2019
Bierbeek,François,Mannelijk,10/09/2019
Tielt-Winge,Davy,Mannelijk,09/14/2019
Antwerpen,Akram,Mannelijk,09/18/2019
Nieuwpoort,Tommy,Mannelijk,09/18/2019
Zedelgem,Jacqueline,Vrouwelijk,09/26/2019
Antwerpen,Hailey,Vrouwelijk,09/19/2019
Halle (Halle-Vilvoorde),Joris,Mannelijk,09/27/2019
Antwerpen,Walter,Mannelijk,09/10/2019
Ravels,Elly,Vrouwelijk,09/28/2019
Brugge,Aaron,Mannelijk,09/21/2019
Elsene,Camille,Vrouwelijk,09/22/2019
Genk,Linda,Vrouwelijk,09/13/2019
Koekelberg,Michel,Mannelijk,10/12/2019
Estaimpuis,Jeannine,Vrouwelijk,09/20/2019
Tielt (Tielt),Daniël,Mannelijk,09/24/2019
Oostende,Tony,Mannelijk,10/23/2019
Dilbeek,Gabriel,Mannelijk,09/23/2019
Aalter,Katrien,Vrouwelijk,09/18/2019
Gent,Ikra,Vrouwelijk,09/21/2019
Genk,Arne,Mannelijk,09/19/2019
Ham-sur-Heure-Nalinnes,Luc,Mannelijk,09/20/2019
Saint-Léger (Virton),Valérie,Vrouwelijk,09/15/2019
Kapelle-op-den-Bos,Carl,Mannelijk,10/11/2019
Komen-Waasten,Philippe,Mannelijk,10/12/2019
Aalst (Aalst),Stijn,Mannelijk,09/09/2019
Hotton,Josiane,Vrouwelijk,10/05/2019
Oosterzele,Marie,Vrouwelijk,09/16/2019
Engis,Marcel,Mannelijk,09/22/2019
Stabroek,Milan,Mannelijk,09/28/2019
Arendonk,Robert,Mannelijk,09/11/2019
Bornem,Gerarda,Vrouwelijk,09/17/2019
Heusden-Zolder,Denise,Vrouwelijk,09/28/2019
Geldenaken,Wendy,Vrouwelijk,09/11/2019
