gemeente,naam,geslacht,verwachte datum
Antwerpen,Maria,Vrouwelijk,06/06/2019
Turnhout,Catherine,Vrouwelijk,05/28/2019
Begijnendijk,Luc,Mannelijk,06/09/2019
Froidchapelle,Jocelyne,Vrouwelijk,06/05/2019
Wevelgem,Igor,Mannelijk,06/03/2019
Aat,Célia,Vrouwelijk,06/16/2019
Merelbeke,Cécile,Vrouwelijk,06/07/2019
Evergem,Hilde,Vrouwelijk,06/15/2019
Lochristi,Kenneth,Mannelijk,06/07/2019
Kasteelbrakel,Philippe,Mannelijk,06/05/2019
Farciennes,Patrick,Mannelijk,06/06/2019
Oostende,Josiane,Vrouwelijk,06/19/2019
Grimbergen,Roland,Mannelijk,06/21/2019
Gent,Thea,Vrouwelijk,06/07/2019
Dinant,Henri,Mannelijk,05/28/2019
Orp-Jauche,Christel,Vrouwelijk,06/04/2019
Brasschaat,Jan,Mannelijk,06/10/2019
Anderlecht,Hamid,Mannelijk,06/02/2019
Beloeil,Arnaud,Mannelijk,06/18/2019
Wommelgem,Marleen,Vrouwelijk,06/07/2019
Antwerpen,Steven,Mannelijk,06/07/2019
Nieuwpoort,Melissa,Vrouwelijk,06/05/2019
Oudenaarde,Andrea,Vrouwelijk,06/12/2019
Vorst (Brussel-Hoofdstad),Susana,Vrouwelijk,06/06/2019
Gent,Nasrin,Vrouwelijk,06/02/2019
Mechelen,Colette,Vrouwelijk,06/14/2019
Landen,Filip,Mannelijk,06/02/2019
Kortenberg,Iris,Vrouwelijk,07/09/2019
Gent,Peter,Mannelijk,06/09/2019
Ecaussinnes,Jade,Vrouwelijk,06/03/2019
Sint-Truiden,Philippe,Mannelijk,06/14/2019
Lobbes,Laura,Vrouwelijk,06/15/2019
Wevelgem,Filip,Mannelijk,06/06/2019
Arendonk,Maria,Vrouwelijk,05/31/2019
Namen,Nadia,Vrouwelijk,06/12/2019
Profondeville,Geneviève,Vrouwelijk,06/10/2019
Gent,Lieve,Vrouwelijk,06/14/2019
Doornik,Thomas,Mannelijk,05/30/2019
Les Bons Villers,Delphine,Vrouwelijk,06/29/2019
Vorst (Brussel-Hoofdstad),Philippe,Mannelijk,06/03/2019
Kasterlee,Julia,Vrouwelijk,06/07/2019
Merelbeke,Sabrina,Vrouwelijk,06/05/2019
Diksmuide,Cecilia,Vrouwelijk,06/08/2019
Balen,Eddy,Mannelijk,06/13/2019
Bocholt,Sara,Vrouwelijk,06/07/2019
Steenokkerzeel,Martine,Vrouwelijk,06/01/2019
Beringen,James,Mannelijk,06/04/2019
Zedelgem,Chris,Mannelijk,05/31/2019
Saint-Georges-sur-Meuse,Marcel,Mannelijk,06/11/2019
Charleroi,Abdullah,Mannelijk,06/09/2019
Fexhe-le-Haut-Clocher,Daniel,Mannelijk,06/04/2019
Rumes,Jeanne,Vrouwelijk,06/24/2019
Libramont-Chevigny,Dominique,Mannelijk,06/12/2019
Gistel,Britt,Vrouwelijk,06/03/2019
Nieuwerkerken (Hasselt),André,Mannelijk,06/10/2019
Lint,Louis,Mannelijk,06/05/2019
Meise,Ann,Vrouwelijk,06/02/2019
Bütgenbach,Catharina,Vrouwelijk,06/04/2019
Hastière,Marie,Vrouwelijk,06/07/2019
Jurbeke,Yves,Mannelijk,06/15/2019
Edingen,Nicole,Vrouwelijk,06/14/2019
Anderlues,Françoise,Vrouwelijk,07/30/2019
Geldenaken,Manuel,Mannelijk,06/03/2019
Antwerpen,Marta,Vrouwelijk,05/30/2019
Tongeren,Jean,Mannelijk,06/21/2019
Antwerpen,Angela,Vrouwelijk,06/06/2019
Herstal,Christopher,Mannelijk,06/05/2019
Bertem,Victor,Mannelijk,06/10/2019
Vorst (Brussel-Hoofdstad),Caroline,Vrouwelijk,06/13/2019
Knokke-Heist,Willy,Mannelijk,06/10/2019
Dentergem,Christina,Vrouwelijk,06/10/2019
La Louvière,Lucie,Vrouwelijk,06/11/2019
Tellin,Léon,Mannelijk,06/03/2019
Aalst (Aalst),Denise,Vrouwelijk,06/23/2019
Wevelgem,Lars,Mannelijk,06/05/2019
Temse,Dany,Mannelijk,06/07/2019
Beernem,Gino,Mannelijk,06/02/2019
Oudergem,Geoffrey,Mannelijk,06/07/2019
Montigny-le-Tilleul,Cédric,Mannelijk,05/28/2019
Antwerpen,Ali,Mannelijk,06/23/2019
Antwerpen,Daan,Mannelijk,06/09/2019
Diest,Hilde,Vrouwelijk,05/27/2019
Manage,Rosa,Vrouwelijk,06/15/2019
Landen,Emmanuel,Mannelijk,06/15/2019
Sint-Niklaas (Sint-Niklaas),Edilbert,Mannelijk,06/15/2019
Hotton,Nicole,Vrouwelijk,06/16/2019
Kortenberg,Laura,Vrouwelijk,07/20/2019
Schilde,Olivier,Mannelijk,06/08/2019
Antoing,Stéphane,Mannelijk,06/15/2019
Bilzen,Irena,Vrouwelijk,06/21/2019
Poperinge,Alicia,Vrouwelijk,06/26/2019
Yvoir,Valentine,Vrouwelijk,05/30/2019
Antwerpen,Suzanne,Vrouwelijk,06/05/2019
Flémalle,Sylvie,Vrouwelijk,06/05/2019
Anderlecht,Nicoleta,Vrouwelijk,06/07/2019
Waver,Yasmina,Vrouwelijk,06/04/2019
Hotton,Thibault,Mannelijk,06/09/2019
Sint-Lambrechts-Woluwe,Danièle,Vrouwelijk,06/08/2019
Diksmuide,Stijn,Mannelijk,06/10/2019
Gent,Manuel,Mannelijk,06/17/2019
Charleroi,Céline,Vrouwelijk,06/04/2019
Bredene,Jonas,Mannelijk,06/13/2019
Kinrooi,Johan,Mannelijk,06/04/2019
Aalst (Aalst),Ibrahim,Mannelijk,06/07/2019
Houthalen-Helchteren,Magdalena,Vrouwelijk,06/07/2019
Charleroi,Gianfranco,Mannelijk,06/03/2019
Ranst,Tinneke,Vrouwelijk,06/02/2019
Zwevegem,Simonne,Vrouwelijk,06/15/2019
Bouillon,Anne,Vrouwelijk,06/04/2019
Doornik,Davy,Mannelijk,07/01/2019
Komen-Waasten,Mathéo,Mannelijk,06/08/2019
Gent,Filip,Mannelijk,06/05/2019
Chaudfontaine,Sarah,Vrouwelijk,06/14/2019
Dalhem,Cyril,Mannelijk,06/06/2019
Seraing,Régine,Vrouwelijk,06/04/2019
Ieper,Alice,Vrouwelijk,06/06/2019
Estinnes,Paul,Mannelijk,06/08/2019
Tongeren,Kamiel,Mannelijk,06/16/2019
Estaimpuis,Romane,Vrouwelijk,05/30/2019
Moeskroen,Juliette,Vrouwelijk,06/16/2019
Perwijs (Nijvel),Michel,Mannelijk,06/26/2019
Frameries,Catherine,Vrouwelijk,06/12/2019
Luik,Christelle,Vrouwelijk,05/31/2019
Sint-Jans-Molenbeek,Fatima,Vrouwelijk,06/08/2019
Genk,Els,Vrouwelijk,06/12/2019
Gembloux,Louis,Mannelijk,06/15/2019
Gent,Aloïs,Mannelijk,06/08/2019
De Pinte,Christiaan,Mannelijk,06/23/2019
Aalst (Aalst),Mario,Mannelijk,05/30/2019
Beerse,Amelia,Vrouwelijk,06/07/2019
Sankt Vith,Christoph,Mannelijk,06/20/2019
Laarne,Richard,Mannelijk,05/29/2019
Rumst,Nancy,Vrouwelijk,06/15/2019
Londerzeel,Kristof,Mannelijk,06/09/2019
Oudergem,Emilie,Vrouwelijk,06/05/2019
Antwerpen,Gwen,Vrouwelijk,06/13/2019
Antwerpen,Dries,Mannelijk,06/07/2019
Schaarbeek,Sylvain,Mannelijk,06/30/2019
Esneux,Marine,Vrouwelijk,06/04/2019
Gent,Lisa,Vrouwelijk,06/06/2019
Heuvelland,Hanne,Vrouwelijk,06/14/2019
Rochefort,Philippe,Mannelijk,06/10/2019
Merelbeke,Franky,Mannelijk,06/06/2019
Maasmechelen,Andrea,Mannelijk,06/05/2019
Keerbergen,Caroline,Vrouwelijk,06/01/2019
Bergen,Medhi,Mannelijk,06/22/2019
Grâce-Hollogne,Alphonse,Mannelijk,06/04/2019
Wezembeek-Oppem,Arthur,Mannelijk,06/07/2019
Gent,Jessie,Vrouwelijk,06/30/2019
Menen,Ghislain,Mannelijk,06/04/2019
Philippeville,Aurélien,Mannelijk,06/18/2019
Vilvoorde,Marlies,Vrouwelijk,05/30/2019
Turnhout,Brent,Mannelijk,06/17/2019
Stavelot,Sylvie,Vrouwelijk,05/29/2019
Esneux,Pablo,Mannelijk,05/29/2019
Luik,Christine,Vrouwelijk,06/03/2019
La Louvière,Leana,Vrouwelijk,05/31/2019
Beerse,Myriam,Vrouwelijk,06/07/2019
Anhée,David,Mannelijk,06/01/2019
Charleroi,Lina,Vrouwelijk,06/09/2019
Jabbeke,Bart,Mannelijk,06/05/2019
Doornik,Christiane,Vrouwelijk,06/10/2019
Eeklo,Nele,Vrouwelijk,06/11/2019
Elsene,Hussein,Mannelijk,06/25/2019
Chimay,Jean,Mannelijk,06/07/2019
Geel,Brecht,Mannelijk,06/05/2019
Genk,Nora,Vrouwelijk,06/16/2019
Chaudfontaine,Marie,Vrouwelijk,06/09/2019
Juprelle,Pierre,Mannelijk,06/08/2019
Mortsel,Tina,Vrouwelijk,05/27/2019
Knokke-Heist,Alexandra,Vrouwelijk,06/03/2019
Ukkel,Thierry,Mannelijk,06/09/2019
Roeselare,Herman,Mannelijk,06/01/2019
Seneffe,Christelle,Vrouwelijk,06/15/2019
Aalst (Aalst),Aaron,Mannelijk,06/05/2019
Florennes,Marie,Vrouwelijk,06/07/2019
Wezet,Marianne,Vrouwelijk,06/16/2019
Eghezée,Ethan,Mannelijk,06/07/2019
Hasselt,Anna,Vrouwelijk,06/05/2019
Evere,Charles,Mannelijk,06/04/2019
Luik,André,Mannelijk,06/14/2019
Heusden-Zolder,Michael,Mannelijk,06/29/2019
Bergen,Bernard,Mannelijk,06/01/2019
Aiseau-Presles,Annick,Vrouwelijk,06/01/2019
Leuven,Kristel,Vrouwelijk,05/31/2019
Lebbeke,Anouk,Vrouwelijk,06/11/2019
Lier,Ilse,Vrouwelijk,06/15/2019
Tielt (Tielt),Céline,Vrouwelijk,06/02/2019
Kortemark,Rudi,Mannelijk,06/07/2019
Büllingen,Andy,Mannelijk,06/09/2019
Ramillies,Thomas,Mannelijk,05/27/2019
Ganshoren,Pascale,Vrouwelijk,06/10/2019
Kortrijk,Chris,Mannelijk,06/02/2019
Ranst,Jean,Mannelijk,06/03/2019
Tielt (Tielt),Lisa,Vrouwelijk,06/04/2019
Evere,Claude,Mannelijk,06/12/2019
Gent,Iris,Vrouwelijk,06/05/2019
Chaudfontaine,Elisa,Vrouwelijk,06/18/2019
Fontaine-l’Evêque,Cindy,Vrouwelijk,05/30/2019
Dilbeek,Murielle,Vrouwelijk,06/08/2019
Antwerpen,Dylan,Mannelijk,06/14/2019
Antwerpen,Vivienne,Vrouwelijk,06/13/2019
Moeskroen,Pierre,Mannelijk,06/03/2019
Bergen,Liliane,Vrouwelijk,06/07/2019
Bertogne,Anthony,Mannelijk,06/30/2019
Doornik,Christine,Vrouwelijk,06/12/2019
Namen,Marc,Mannelijk,06/06/2019
Zele,Fatima,Vrouwelijk,06/08/2019
Oudergem,Arthur,Mannelijk,05/27/2019
Hove (Antwerpen),Nicolas,Mannelijk,06/01/2019
Brugge,Seppe,Mannelijk,05/30/2019
Elsene,Anna,Vrouwelijk,06/10/2019
Sint-Jans-Molenbeek,Daiana,Vrouwelijk,06/09/2019
Hannuit,Philippe,Mannelijk,06/13/2019
Diksmuide,Karien,Vrouwelijk,05/31/2019
Roeselare,Juliana,Vrouwelijk,06/26/2019
Sint-Niklaas (Sint-Niklaas),Marleen,Vrouwelijk,06/06/2019
Hamont-Achel,Marie,Vrouwelijk,06/14/2019
Binche,Lily-Rose,Vrouwelijk,06/30/2019
Oudsbergen,Inge,Vrouwelijk,06/05/2019
Lint,Ludo,Mannelijk,06/07/2019
Ieper,Axelle,Vrouwelijk,06/11/2019
Mechelen,Greet,Vrouwelijk,06/11/2019
Ukkel,Ewa,Vrouwelijk,06/04/2019
Frameries,Jean-Claude,Mannelijk,06/10/2019
Diest,Martha,Vrouwelijk,05/30/2019
Pepinster,Roger,Mannelijk,06/15/2019
Antwerpen,Aya,Vrouwelijk,06/12/2019
Houthulst,Stefaan,Mannelijk,06/08/2019
Jette,Guy,Mannelijk,06/05/2019
Luik,Alain,Mannelijk,06/09/2019
Brecht,Yara,Vrouwelijk,06/07/2019
Oudergem,Amandine,Vrouwelijk,06/27/2019
Zonhoven,Marcellus,Mannelijk,06/09/2019
Aywaille,Claude,Mannelijk,06/09/2019
Anzegem,Delphine,Vrouwelijk,06/04/2019
Beauraing,Didier,Mannelijk,05/31/2019
Houthulst,Johan,Mannelijk,06/15/2019
Anderlecht,Moustapha,Mannelijk,06/13/2019
Elsene,Geert,Mannelijk,06/06/2019
Zwevegem,Lukas,Mannelijk,06/10/2019
Poperinge,Christina,Vrouwelijk,06/05/2019
Sint-Jans-Molenbeek,Aboubacar,Mannelijk,06/14/2019
Geel,Ilse,Vrouwelijk,06/04/2019
Bevekom,Gilles,Mannelijk,06/04/2019
Edegem,Matteo,Mannelijk,06/12/2019
Wanze,Béatrice,Vrouwelijk,05/31/2019
Oostkamp,Rudi,Mannelijk,06/21/2019
Orp-Jauche,Maryline,Vrouwelijk,06/01/2019
Eigenbrakel,Gregory,Mannelijk,06/09/2019
Hoogstraten,Frank,Mannelijk,06/02/2019
Chièvres,Romain,Mannelijk,06/04/2019
Sint-Niklaas (Sint-Niklaas),Ernestina,Vrouwelijk,06/07/2019
Charleroi,Linda,Vrouwelijk,06/02/2019
Luik,Nathalie,Vrouwelijk,06/10/2019
Assenede,Brecht,Mannelijk,06/23/2019
Namen,Laura,Vrouwelijk,06/09/2019
Gent,Sofie,Vrouwelijk,06/06/2019
Brussel,Alseny,Mannelijk,05/29/2019
Vilvoorde,Raymond,Mannelijk,06/06/2019
Destelbergen,Isabelle,Vrouwelijk,06/19/2019
’s Gravenbrakel,Michel,Mannelijk,05/29/2019
Geel,Patrick,Mannelijk,06/07/2019
Moeskroen,Sophie,Vrouwelijk,06/13/2019
Maaseik,Mathieu,Mannelijk,06/07/2019
Evere,David,Mannelijk,06/29/2019
Frameries,Adrien,Mannelijk,06/12/2019
Schaarbeek,Grégoire,Mannelijk,06/25/2019
Neupré,Emilie,Vrouwelijk,06/05/2019
Fleurus,Annie,Vrouwelijk,06/16/2019
Bilzen,Josephina,Vrouwelijk,06/06/2019
Sint-Gillis,Christian,Mannelijk,06/24/2019
Roeselare,Lena,Vrouwelijk,06/26/2019
Denderleeuw,Simonne,Vrouwelijk,06/08/2019
Brussel,Mohamed,Mannelijk,06/13/2019
Waregem,Linda,Vrouwelijk,06/16/2019
Hannuit,Joëlle,Vrouwelijk,06/14/2019
Evergem,Pauline,Vrouwelijk,06/21/2019
Sint-Truiden,Jana,Vrouwelijk,06/06/2019
Zottegem,Léa,Vrouwelijk,06/11/2019
Ninove,Sofie,Vrouwelijk,06/02/2019
Chièvres,Florence,Vrouwelijk,06/27/2019
Spa,Christine,Vrouwelijk,06/16/2019
Dour,Mauricette,Vrouwelijk,05/27/2019
Donceel,Alicia,Vrouwelijk,06/20/2019
Anderlecht,Francisca,Vrouwelijk,06/12/2019
Antwerpen,Amine,Mannelijk,06/14/2019
Kontich,Sarah,Vrouwelijk,06/23/2019
Sint-Lambrechts-Woluwe,Stella,Vrouwelijk,06/06/2019
Flémalle,Stéphanie,Vrouwelijk,06/20/2019
Herstal,Julia,Vrouwelijk,06/03/2019
Aarschot,Leon,Mannelijk,06/13/2019
Schilde,Sabrina,Vrouwelijk,06/05/2019
Sint-Jans-Molenbeek,Ahmed,Mannelijk,06/14/2019
Bernissart,Bruno,Mannelijk,05/28/2019
Sint-Truiden,Stijn,Mannelijk,06/15/2019
Antwerpen,Fatima,Vrouwelijk,06/02/2019
Anzegem,Patrick,Mannelijk,05/29/2019
Colfontaine,Yassine,Mannelijk,05/27/2019
Binche,Daphnée,Vrouwelijk,06/22/2019
Zwevegem,Vera,Vrouwelijk,06/04/2019
Charleroi,Dylan,Mannelijk,05/28/2019
Bredene,Sarah,Vrouwelijk,06/07/2019
Niel,Mila,Vrouwelijk,06/04/2019
Brugge,Simona,Vrouwelijk,06/09/2019
Charleroi,Rudy,Mannelijk,06/17/2019
Rixensart,Helen,Vrouwelijk,06/02/2019
Fosses-la-Ville,Marie,Vrouwelijk,05/31/2019
Antwerpen,Sky,Vrouwelijk,06/09/2019
Clavier,Sylvie,Vrouwelijk,06/19/2019
Bernissart,Jean-Marie,Mannelijk,06/08/2019
Oupeye,Jean-François,Mannelijk,06/05/2019
Oostende,Francis,Mannelijk,06/12/2019
Luik,Laurent,Mannelijk,06/13/2019
La Louvière,Roger,Mannelijk,06/24/2019
Putte,Ivo,Mannelijk,06/02/2019
Brecht,Pierre,Mannelijk,06/06/2019
Charleroi,Marlène,Vrouwelijk,06/13/2019
Temse,Wout,Mannelijk,05/27/2019
Malle,Filip,Mannelijk,06/13/2019
Oudergem,Natalia,Vrouwelijk,06/06/2019
Evergem,Isabelle,Vrouwelijk,06/11/2019
Genk,Ismail,Mannelijk,05/27/2019
Brussel,Alphonse,Mannelijk,06/08/2019
Luik,Abdulla,Mannelijk,06/09/2019
