gemeente,naam,geslacht,verwachte datum
Manage,Eric,Mannelijk,09/14/2019
Lessen,Freddy,Mannelijk,09/05/2019
Jette,Ionut,Mannelijk,09/10/2019
Blankenberge,Carine,Vrouwelijk,09/05/2019
Geraardsbergen,Luna,Vrouwelijk,09/15/2019
’s Gravenbrakel,Imane,Vrouwelijk,09/10/2019
Knokke-Heist,Ingrid,Vrouwelijk,08/29/2019
Seneffe,Josiane,Vrouwelijk,09/28/2019
Lommel,Marie,Vrouwelijk,09/07/2019
Leuven,Asma,Vrouwelijk,09/01/2019
Mechelen,Laura,Vrouwelijk,09/12/2019
Nazareth,Carine,Vrouwelijk,10/07/2019
Zonhoven,Krista,Vrouwelijk,09/04/2019
Sint-Gillis,Hassan,Mannelijk,09/03/2019
Laakdal,Carina,Vrouwelijk,09/09/2019
Merelbeke,Marleen,Vrouwelijk,09/02/2019
Antwerpen,Nicole,Vrouwelijk,09/10/2019
Brussel,Elif,Vrouwelijk,09/07/2019
Beveren (Sint-Niklaas),Sharon,Vrouwelijk,09/18/2019
Mechelen,Ben,Mannelijk,09/03/2019
Diksmuide,Agnes,Vrouwelijk,09/11/2019
Namen,Sofia,Vrouwelijk,09/17/2019
Couvin,Gérard,Mannelijk,09/03/2019
Leuze-en-Hainaut,Laurent,Mannelijk,09/02/2019
Neupré,Florent,Mannelijk,09/11/2019
Oupeye,Valérie,Vrouwelijk,09/09/2019
Malle,Ludovicus,Mannelijk,09/01/2019
Manage,Carlo,Mannelijk,09/10/2019
Knokke-Heist,William,Mannelijk,09/03/2019
Bornem,Ivan,Mannelijk,09/04/2019
Lobbes,Salvatore,Mannelijk,09/04/2019
Tervuren,Nancy,Vrouwelijk,09/08/2019
Comblain-au-Pont,Claude,Mannelijk,09/10/2019
Antwerpen,Samuel,Mannelijk,10/26/2019
Gooik,Anne-Marie,Vrouwelijk,10/01/2019
Arendonk,Kevin,Mannelijk,10/01/2019
Aat,Florine,Vrouwelijk,09/05/2019
Oud-Heverlee,Lotte,Vrouwelijk,09/14/2019
Kapellen (Antwerpen),Tom,Mannelijk,08/29/2019
Bredene,Jenny,Vrouwelijk,08/30/2019
Antwerpen,Adam,Mannelijk,09/11/2019
Antwerpen,Lydie,Vrouwelijk,09/11/2019
Lebbeke,Hilde,Vrouwelijk,09/04/2019
Anderlecht,Ridouan,Mannelijk,09/15/2019
Gent,Marc,Mannelijk,09/29/2019
Nijvel,Paulette,Vrouwelijk,09/06/2019
Luik,Willy,Mannelijk,09/15/2019
Montigny-le-Tilleul,Patrick,Mannelijk,09/17/2019
Hulshout,Raf,Mannelijk,09/06/2019
Ans,Daniel,Mannelijk,09/07/2019
Asse,Marcel,Mannelijk,09/08/2019
Anderlecht,Yassine,Mannelijk,09/29/2019
Ninove,Robin,Mannelijk,10/02/2019
Roeselare,Joshua,Mannelijk,09/05/2019
Zedelgem,Robert,Mannelijk,08/30/2019
Middelkerke,Beatrice,Vrouwelijk,09/16/2019
Mettet,David,Mannelijk,09/17/2019
Seraing,Séverine,Vrouwelijk,09/18/2019
Oostende,David,Mannelijk,10/01/2019
Harelbeke,Virginie,Vrouwelijk,09/17/2019
Tenneville,Véronique,Vrouwelijk,09/06/2019
Affligem,Marius,Mannelijk,09/18/2019
Aalst (Aalst),François,Mannelijk,09/09/2019
Elsene,Artem,Mannelijk,09/03/2019
Hasselt,Chantal,Vrouwelijk,09/02/2019
Châtelet,Aurélie,Vrouwelijk,08/30/2019
Sint-Gillis,Artur,Mannelijk,10/30/2019
Eghezée,Justin,Mannelijk,09/08/2019
Amay,Jennifer,Vrouwelijk,09/02/2019
La Louvière,Laurie,Vrouwelijk,09/13/2019
Kontich,Jens,Mannelijk,09/08/2019
Saint-Georges-sur-Meuse,Georges,Mannelijk,09/15/2019
Stekene,Kristel,Vrouwelijk,09/13/2019
Vilvoorde,Amandine,Vrouwelijk,09/07/2019
Kapellen (Antwerpen),Alexandra,Vrouwelijk,09/10/2019
Beerse,Maria,Vrouwelijk,09/07/2019
Ecaussinnes,Sandra,Vrouwelijk,09/04/2019
Izegem,Joke,Vrouwelijk,09/09/2019
Antwerpen,Ilse,Vrouwelijk,09/15/2019
Anderlecht,Martha,Vrouwelijk,09/05/2019
Sint-Lambrechts-Woluwe,Denisa,Vrouwelijk,09/11/2019
Herentals,Jozef,Mannelijk,09/10/2019
Charleroi,Anthony,Mannelijk,09/14/2019
Oudsbergen,Evelien,Vrouwelijk,08/30/2019
Bergen,Maude,Vrouwelijk,09/01/2019
Lier,Marina,Vrouwelijk,10/05/2019
Halen,Marie,Vrouwelijk,10/19/2019
Namen,Pascal,Mannelijk,09/05/2019
Avelgem,Ria,Vrouwelijk,09/15/2019
Aat,Alice,Vrouwelijk,09/19/2019
Brugge,Amelie,Vrouwelijk,09/08/2019
Kuurne,Christine,Vrouwelijk,09/18/2019
Kruisem,Luc,Mannelijk,10/08/2019
Héron,Philippe,Mannelijk,09/04/2019
Sint-Gillis,Alassane,Mannelijk,08/30/2019
Evergem,Jan,Mannelijk,09/04/2019
Sint-Jans-Molenbeek,Vincent,Mannelijk,09/13/2019
Wezet,Tom,Mannelijk,09/08/2019
Binche,Lila,Vrouwelijk,09/07/2019
Roeselare,Suzanna,Vrouwelijk,09/06/2019
Oupeye,Jean,Mannelijk,09/03/2019
Brussel,Houdaifa,Mannelijk,09/17/2019
La Louvière,Rita,Vrouwelijk,09/08/2019
Sint-Lievens-Houtem,Cindy,Vrouwelijk,09/05/2019
Tienen,Thomas,Mannelijk,09/27/2019
Staden,Brecht,Mannelijk,09/30/2019
Moeskroen,Jacqueline,Vrouwelijk,09/05/2019
Berlaar,Els,Vrouwelijk,09/09/2019
La Louvière,Halina,Vrouwelijk,09/17/2019
Hasselt,Maria,Vrouwelijk,08/29/2019
Brugge,Laurette,Vrouwelijk,09/01/2019
Hélécine,Sabrina,Vrouwelijk,09/11/2019
Seraing,Virginie,Vrouwelijk,09/09/2019
Nijlen,Michelle,Vrouwelijk,09/07/2019
Charleroi,Laurie,Vrouwelijk,09/07/2019
Farciennes,Martine,Vrouwelijk,08/29/2019
Hoogstraten,François,Mannelijk,09/07/2019
Zelzate,Arno,Mannelijk,09/11/2019
Wezet,Aylin,Vrouwelijk,09/04/2019
Brugge,Brian,Mannelijk,09/17/2019
Boechout,Nick,Mannelijk,09/10/2019
Zutendaal,Anna,Vrouwelijk,09/17/2019
Poperinge,Tine,Vrouwelijk,09/17/2019
Eupen,Vincent,Mannelijk,09/05/2019
Brussel,Christophe,Mannelijk,09/27/2019
Kraainem,David,Mannelijk,09/04/2019
Wanze,Alain,Mannelijk,09/13/2019
Saint-Nicolas (Luik),Hassan,Mannelijk,09/09/2019
Namen,Maxime,Mannelijk,09/25/2019
Verviers,Annette,Vrouwelijk,09/09/2019
Lebbeke,Marcel,Mannelijk,09/12/2019
Middelkerke,Katrien,Vrouwelijk,09/24/2019
Haacht,Alfons,Mannelijk,09/11/2019
Walhain,Laurent,Mannelijk,08/31/2019
Heusden-Zolder,Christa,Vrouwelijk,09/09/2019
Doornik,Claudine,Vrouwelijk,09/06/2019
Luik,Pascale,Vrouwelijk,09/13/2019
Kruisem,Nathalie,Vrouwelijk,08/29/2019
Ranst,Dimitri,Mannelijk,09/15/2019
Itter,Anne,Vrouwelijk,09/13/2019
Brussel,Laura,Vrouwelijk,09/13/2019
Borgworm,Louise,Vrouwelijk,10/17/2019
Lievegem,Dominique,Vrouwelijk,09/12/2019
Ukkel,Philippe,Mannelijk,09/10/2019
Scherpenheuvel-Zichem,Ingrid,Vrouwelijk,09/01/2019
Sint-Niklaas (Sint-Niklaas),Bart,Mannelijk,08/31/2019
Gembloux,Colette,Vrouwelijk,09/21/2019
Gedinne,Denise,Vrouwelijk,09/29/2019
Luik,Hamza,Mannelijk,09/26/2019
Aalst (Aalst),Hanne,Vrouwelijk,09/11/2019
Marche-en-Famenne,François,Mannelijk,10/02/2019
Avelgem,Marcel,Mannelijk,09/08/2019
Koekelare,Christophe,Mannelijk,09/16/2019
Kruibeke,Eva,Vrouwelijk,08/29/2019
Aalst (Aalst),Joris,Mannelijk,09/03/2019
Anderlecht,Maria,Vrouwelijk,09/02/2019
Luik,Eric,Mannelijk,09/09/2019
Beloeil,Evelyne,Vrouwelijk,09/06/2019
Koekelare,Delphine,Vrouwelijk,09/17/2019
Antwerpen,Mohamed,Mannelijk,09/02/2019
Jette,Karine,Vrouwelijk,09/17/2019
Rijkevorsel,Ilse,Vrouwelijk,09/11/2019
Temse,Jelle,Mannelijk,09/08/2019
Roeselare,Chesney,Mannelijk,09/04/2019
Sint-Lambrechts-Woluwe,Antoinette,Vrouwelijk,09/04/2019
Etterbeek,Barbara,Vrouwelijk,09/07/2019
Sint-Pieters-Woluwe,Claire,Vrouwelijk,09/09/2019
La Louvière,Graziano,Mannelijk,09/02/2019
Kraainem,Théo,Mannelijk,09/16/2019
Saint-Ghislain,Agnès,Vrouwelijk,09/01/2019
Sint-Katelijne-Waver,Luc,Mannelijk,09/09/2019
Ukkel,Jean-Marc,Mannelijk,08/31/2019
Chapelle-lez-Herlaimont,Odette,Vrouwelijk,09/14/2019
Antwerpen,Sanne,Vrouwelijk,09/08/2019
Anzegem,Marleen,Vrouwelijk,09/17/2019
Anzegem,Kathy,Vrouwelijk,09/11/2019
Zottegem,Geert,Mannelijk,09/06/2019
Wezet,Jonathan,Mannelijk,09/30/2019
Bornem,Veerle,Vrouwelijk,09/11/2019
Bornem,Jelle,Mannelijk,09/12/2019
Chaudfontaine,Francine,Vrouwelijk,09/06/2019
Aalst (Aalst),Erin,Vrouwelijk,09/30/2019
Anhée,Aurélie,Vrouwelijk,09/07/2019
Doornik,Patricia,Vrouwelijk,09/03/2019
Genk,Nina,Vrouwelijk,09/16/2019
Antwerpen,Bart,Mannelijk,09/14/2019
Doornik,Norah,Vrouwelijk,09/15/2019
Schoten,Thibaut,Mannelijk,09/16/2019
Sint-Pieters-Woluwe,Alina,Vrouwelijk,09/13/2019
Luik,Jérôme,Mannelijk,09/08/2019
Les Bons Villers,Philippe,Mannelijk,09/08/2019
Zwijndrecht,Nick,Mannelijk,09/07/2019
Luik,David,Mannelijk,09/02/2019
Kortenaken,Dries,Mannelijk,09/09/2019
Evere,Rayan,Mannelijk,09/10/2019
Zulte,Magda,Vrouwelijk,09/25/2019
Hooglede,Amber,Vrouwelijk,09/12/2019
Brussel,Serkan,Mannelijk,09/10/2019
Mol,Davy,Mannelijk,09/08/2019
Duffel,Olivia,Vrouwelijk,09/06/2019
Montigny-le-Tilleul,Jean-Paul,Mannelijk,08/31/2019
Verviers,Sabine,Vrouwelijk,08/31/2019
Brussel,Martin,Mannelijk,08/30/2019
Sint-Jans-Molenbeek,Tarik,Mannelijk,09/06/2019
Malle,Ilse,Vrouwelijk,09/23/2019
Sint-Jans-Molenbeek,Yassin,Mannelijk,08/31/2019
Oostrozebeke,Björn,Mannelijk,09/14/2019
Wellen,Astrid,Vrouwelijk,09/10/2019
Beringen,Gül,Vrouwelijk,09/05/2019
Geraardsbergen,Tom,Mannelijk,09/04/2019
Manage,Jean-Claude,Mannelijk,09/09/2019
Leopoldsburg,Eric,Mannelijk,09/07/2019
Anderlecht,Ismaël,Mannelijk,09/18/2019
Geel,Pieter,Mannelijk,09/12/2019
Antwerpen,Rita,Vrouwelijk,09/23/2019
Lasne,Fabienne,Vrouwelijk,08/29/2019
Waver,Aurélien,Mannelijk,09/08/2019
Mechelen,Nora,Vrouwelijk,09/30/2019
Koekelberg,Oscar,Mannelijk,09/17/2019
Vosselaar,Eduard,Mannelijk,09/04/2019
Gent,Sacha,Mannelijk,09/05/2019
Anzegem,Lowie,Mannelijk,09/02/2019
Ieper,Lisa,Vrouwelijk,09/08/2019
Antwerpen,Khalid,Mannelijk,08/30/2019
Herstal,Nicola,Mannelijk,09/06/2019
Tielt-Winge,Els,Vrouwelijk,09/16/2019
Couvin,Vanessa,Vrouwelijk,09/18/2019
Gent,Pepijn,Mannelijk,09/13/2019
Antwerpen,Stefaan,Mannelijk,09/12/2019
Antwerpen,Jolanta,Vrouwelijk,09/15/2019
Pecq,Thomas,Mannelijk,09/03/2019
Deinze,Philippe,Mannelijk,09/05/2019
Herstal,Simonne,Vrouwelijk,09/16/2019
Libramont-Chevigny,Jean-Claude,Mannelijk,09/15/2019
Sint-Jans-Molenbeek,Khalid,Mannelijk,09/04/2019
Verviers,Salvatore,Mannelijk,09/08/2019
Incourt,Valentine,Vrouwelijk,09/13/2019
Etterbeek,Margaux,Vrouwelijk,09/16/2019
Elsene,Michelle,Vrouwelijk,09/07/2019
Herselt,Laura,Vrouwelijk,08/31/2019
Oostende,Maria,Vrouwelijk,08/30/2019
Etterbeek,Nicoleta,Vrouwelijk,09/12/2019
Evere,Christian,Mannelijk,09/17/2019
Mortsel,Lou,Mannelijk,10/14/2019
Alveringem,Henri,Mannelijk,09/03/2019
Bastenaken,Juliette,Vrouwelijk,09/11/2019
Gent,Rumen,Mannelijk,09/07/2019
Brugge,Ilse,Vrouwelijk,09/26/2019
Hamme (Dendermonde),Britt,Vrouwelijk,09/12/2019
Saint-Ghislain,Christelle,Vrouwelijk,09/05/2019
Vorst (Brussel-Hoofdstad),Maria,Vrouwelijk,09/28/2019
Sint-Gillis,Sarah,Vrouwelijk,09/11/2019
Soumagne,Jean,Mannelijk,09/14/2019
Zwijndrecht,Maria,Vrouwelijk,09/07/2019
Bergen,Marcelle,Vrouwelijk,09/03/2019
Kampenhout,Benny,Mannelijk,09/10/2019
Luik,Suzanne,Vrouwelijk,09/06/2019
Ninove,Peter,Mannelijk,09/14/2019
Saint-Ghislain,Charlotte,Vrouwelijk,09/06/2019
Antwerpen,Hassan,Mannelijk,09/01/2019
Gedinne,Thierry,Mannelijk,09/28/2019
Neufchâteau (Neufchâteau),Laurence,Vrouwelijk,09/11/2019
Ham-sur-Heure-Nalinnes,Didier,Mannelijk,09/09/2019
Ciney,Léa,Vrouwelijk,09/04/2019
Vosselaar,Wendy,Vrouwelijk,09/08/2019
Geel,Vanessa,Vrouwelijk,09/17/2019
Blankenberge,Dominique,Vrouwelijk,10/13/2019
Zelzate,Chris,Mannelijk,09/02/2019
Sint-Gillis-Waas,Pascal,Mannelijk,09/08/2019
Affligem,Kurt,Mannelijk,09/16/2019
Schoten,Andy,Mannelijk,09/11/2019
De Haan,Eddy,Mannelijk,09/22/2019
Antwerpen,Omer,Mannelijk,09/09/2019
Saint-Nicolas (Luik),Ismail,Mannelijk,09/04/2019
Oudenaarde,Robert,Mannelijk,09/28/2019
Ranst,Lore,Vrouwelijk,09/11/2019
Poperinge,Rani,Vrouwelijk,09/08/2019
Luik,Giulian,Mannelijk,09/09/2019
Gesves,Sandra,Vrouwelijk,09/07/2019
Ottignies-Louvain-la-Neuve,Nicolas,Mannelijk,09/05/2019
Genk,Loris,Mannelijk,09/08/2019
Brussel,Latifa,Vrouwelijk,09/18/2019
Grimbergen,Louis,Mannelijk,09/08/2019
Waterloo,Valérie,Vrouwelijk,09/18/2019
Roeselare,Ion,Mannelijk,09/03/2019
Roeselare,Rosette,Vrouwelijk,09/10/2019
Antwerpen,René,Mannelijk,09/16/2019
Mechelen,Maria,Vrouwelijk,09/26/2019
Antoing,Bertrand,Mannelijk,09/10/2019
Izegem,Nico,Mannelijk,08/29/2019
Schilde,Myriam,Vrouwelijk,09/13/2019
Antwerpen,June,Vrouwelijk,10/11/2019
Graven,Nadine,Vrouwelijk,09/05/2019
Aarlen,Marlène,Vrouwelijk,09/07/2019
Juprelle,Jean-Marie,Mannelijk,09/04/2019
Ieper,Annie,Vrouwelijk,09/03/2019
Brussel,Khalid,Mannelijk,08/30/2019
Gent,Aynur,Vrouwelijk,09/12/2019
Oostende,Nick,Mannelijk,10/02/2019
Sint-Niklaas (Sint-Niklaas),Stephan,Mannelijk,09/18/2019
Jette,Julie,Vrouwelijk,09/26/2019
Anzegem,André,Mannelijk,09/12/2019
Herenthout,Noor,Vrouwelijk,09/16/2019
Binche,Jeannine,Vrouwelijk,09/09/2019
Hove (Antwerpen),Gert,Mannelijk,09/04/2019
Evergem,Simon,Mannelijk,09/11/2019
Linkebeek,Willy,Mannelijk,09/16/2019
Anzegem,Ann,Vrouwelijk,09/26/2019
Nassogne,André,Mannelijk,09/18/2019
Bornem,Ella,Vrouwelijk,09/02/2019
Ukkel,Jacqueline,Vrouwelijk,09/26/2019
Brugge,Dorine,Vrouwelijk,09/18/2019
Brugge,Filip,Mannelijk,09/18/2019
