gemeente,naam,geslacht,verwachte datum
Balen,Brent,Mannelijk,05/15/2019
Oostende,Christiane,Vrouwelijk,05/06/2019
Aalst (Aalst),Micheline,Vrouwelijk,05/16/2019
Gembloux,Naël,Mannelijk,06/01/2019
La Louvière,Gabriel,Mannelijk,06/08/2019
Tubeke,Carmelo,Mannelijk,05/16/2019
Seraing,Sophie,Vrouwelijk,06/03/2019
Herenthout,Jesse,Mannelijk,05/20/2019
Chiny,Martine,Vrouwelijk,06/01/2019
Kortrijk,Tijs,Mannelijk,05/19/2019
Oudsbergen,Bas,Mannelijk,05/21/2019
Pittem,Tim,Mannelijk,05/26/2019
Linkebeek,Simon,Mannelijk,05/09/2019
Laarne,Anne-Marie,Vrouwelijk,05/10/2019
Kortrijk,Robert,Mannelijk,05/14/2019
Wemmel,Michel,Mannelijk,05/27/2019
Riemst,Lennert,Mannelijk,05/19/2019
Eigenbrakel,Thierry,Mannelijk,05/17/2019
Bitsingen,Raphaël,Mannelijk,05/14/2019
Antwerpen,Rebecca,Vrouwelijk,05/18/2019
Jette,Martine,Vrouwelijk,05/22/2019
Oostende,Daniëlle,Vrouwelijk,05/19/2019
Mechelen,Julie,Vrouwelijk,05/22/2019
Ham-sur-Heure-Nalinnes,Nathalie,Vrouwelijk,05/16/2019
Namen,Charlotte,Vrouwelijk,05/07/2019
Ohey,Serge,Mannelijk,05/21/2019
Brussel,Timo,Mannelijk,05/12/2019
Juprelle,Antonio,Mannelijk,05/16/2019
Antwerpen,Odetta,Vrouwelijk,05/19/2019
Zottegem,Simone,Vrouwelijk,05/18/2019
Lasne,Nadine,Vrouwelijk,05/16/2019
Lille,Josepha,Vrouwelijk,05/21/2019
Leuven,Nicole,Vrouwelijk,05/19/2019
Mechelen,Naziha,Vrouwelijk,05/14/2019
Sint-Gillis-Waas,Beatrijs,Vrouwelijk,05/09/2019
Westerlo,François,Mannelijk,06/06/2019
Chastre,Jacques,Mannelijk,05/14/2019
Sint-Gillis-Waas,Eddy,Mannelijk,05/21/2019
Antwerpen,Anne-Marie,Vrouwelijk,06/28/2019
Kapellen (Antwerpen),Geert,Mannelijk,05/25/2019
Koekelare,Wout,Mannelijk,06/14/2019
Charleroi,Fabiola,Vrouwelijk,05/09/2019
Gent,Kasper,Mannelijk,05/12/2019
Avelgem,Geert,Mannelijk,05/13/2019
Middelkerke,Arlette,Vrouwelijk,05/12/2019
Zulte,Ivan,Mannelijk,06/02/2019
Tienen,Els,Vrouwelijk,05/23/2019
Meerhout,Jan,Mannelijk,05/06/2019
Sint-Niklaas (Sint-Niklaas),Klaartje,Vrouwelijk,05/17/2019
Tienen,Karla,Vrouwelijk,05/09/2019
Wuustwezel,Arthur,Mannelijk,05/15/2019
Borgworm,Nina,Vrouwelijk,05/18/2019
Jurbeke,Muriel,Vrouwelijk,05/13/2019
Herbeumont,Jean,Mannelijk,05/22/2019
Gent,Sander,Mannelijk,05/09/2019
Zoersel,Julienne,Vrouwelijk,05/18/2019
Waver,Arlette,Vrouwelijk,05/05/2019
Roeselare,Magda,Vrouwelijk,05/11/2019
Kortenaken,Robert,Mannelijk,05/06/2019
Linkebeek,Christophe,Mannelijk,05/21/2019
Herenthout,Franciscus,Mannelijk,06/05/2019
Brugge,Nancy,Vrouwelijk,05/16/2019
Antwerpen,Zaineb,Vrouwelijk,05/16/2019
Londerzeel,Fatima,Vrouwelijk,05/18/2019
Charleroi,Maryse,Vrouwelijk,05/24/2019
Lummen,Anja,Vrouwelijk,05/16/2019
Lommel,Davy,Mannelijk,05/21/2019
Aalst (Aalst),Sebastian,Mannelijk,05/14/2019
Zonnebeke,Beatrice,Vrouwelijk,06/09/2019
Schaarbeek,Amira,Vrouwelijk,05/05/2019
Ieper,Fran,Vrouwelijk,05/16/2019
Waterloo,Sasha,Mannelijk,05/11/2019
Leuven,Simonne,Vrouwelijk,05/12/2019
Schaarbeek,Sophia,Vrouwelijk,06/05/2019
Bredene,Denis,Mannelijk,05/17/2019
Brussel,Jacques,Mannelijk,05/20/2019
Geel,Heidi,Vrouwelijk,05/07/2019
Zwevegem,Rudy,Mannelijk,05/18/2019
Dilsen-Stokkem,Peter,Mannelijk,05/09/2019
Lievegem,Herman,Mannelijk,05/28/2019
Sint-Truiden,Stan,Mannelijk,05/08/2019
Antwerpen,Thierry,Mannelijk,06/04/2019
Morlanwelz,Didier,Mannelijk,05/12/2019
Anderlecht,Monique,Vrouwelijk,05/05/2019
Lievegem,Eric,Mannelijk,05/11/2019
Kapelle-op-den-Bos,Louis,Mannelijk,05/13/2019
Ukkel,Ysaline,Vrouwelijk,05/11/2019
Zwijndrecht,Christiaan,Mannelijk,05/10/2019
Kuurne,Françoise,Vrouwelijk,05/28/2019
Hemiksem,Robin,Mannelijk,05/21/2019
Oostende,Emma,Vrouwelijk,05/07/2019
Puurs-Sint-Amands,Jozef,Mannelijk,05/22/2019
Binche,Maxence,Mannelijk,05/05/2019
Braives,Pierre,Mannelijk,05/10/2019
Kontich,Françoise,Vrouwelijk,05/24/2019
Sint-Niklaas (Sint-Niklaas),Hanane,Vrouwelijk,05/13/2019
Brugge,Nicole,Vrouwelijk,05/16/2019
Lummen,Lisa,Vrouwelijk,05/19/2019
Kinrooi,Margaretha,Vrouwelijk,06/03/2019
Namen,Régine,Vrouwelijk,05/18/2019
Lokeren,Hanae,Vrouwelijk,05/23/2019
Luik,Mélanie,Vrouwelijk,05/12/2019
Hasselt,Marie,Vrouwelijk,05/15/2019
Luik,Thibault,Mannelijk,06/06/2019
Saint-Nicolas (Luik),Claude,Mannelijk,05/22/2019
Hoeselt,Gijs,Mannelijk,07/07/2019
Schoten,Jozef,Mannelijk,05/21/2019
Graven,Simon,Mannelijk,05/16/2019
Antwerpen,Henri,Mannelijk,05/27/2019
Jemeppe-sur-Sambre,Dylan,Mannelijk,05/08/2019
Balen,Ann,Vrouwelijk,05/10/2019
Sint-Niklaas (Sint-Niklaas),Mohamed,Mannelijk,05/18/2019
Berlaar,Diana,Vrouwelijk,05/25/2019
Bergen,Grégory,Mannelijk,05/05/2019
Ninove,Kasper,Mannelijk,06/11/2019
Bilzen,Sofie,Vrouwelijk,05/13/2019
Brugge,Hans,Mannelijk,05/13/2019
Andenne,Alyssa,Vrouwelijk,06/01/2019
Gent,Emil,Mannelijk,05/19/2019
Sint-Pieters-Woluwe,Karin,Vrouwelijk,05/07/2019
Sprimont,Michaël,Mannelijk,05/16/2019
Schoten,Alice,Vrouwelijk,05/19/2019
Aarschot,Jeannine,Vrouwelijk,05/16/2019
Andenne,Zoé,Vrouwelijk,05/22/2019
Arendonk,Marleen,Vrouwelijk,05/16/2019
Londerzeel,Sandra,Vrouwelijk,05/11/2019
Waregem,Rafaël,Mannelijk,05/15/2019
Londerzeel,Erwin,Mannelijk,05/11/2019
Wuustwezel,Imelda,Vrouwelijk,05/14/2019
Affligem,Pierre,Mannelijk,05/16/2019
Waver,Gaspard,Mannelijk,05/12/2019
La Bruyère,Bernadette,Vrouwelijk,05/17/2019
Evere,Olivia,Vrouwelijk,06/02/2019
Vorst (Brussel-Hoofdstad),Aziz,Mannelijk,05/22/2019
Namen,Vanessa,Vrouwelijk,05/22/2019
Poperinge,Jeroen,Mannelijk,05/15/2019
Diksmuide,Martine,Vrouwelijk,05/23/2019
Wingene,Christiane,Vrouwelijk,05/21/2019
Antwerpen,Arnold,Mannelijk,05/29/2019
Grimbergen,Catherine,Vrouwelijk,05/17/2019
Antwerpen,Carole,Vrouwelijk,05/05/2019
Kinrooi,Veerle,Vrouwelijk,05/07/2019
Olen,Carl,Mannelijk,05/15/2019
Oostende,Anja,Vrouwelijk,05/24/2019
Maarkedal,Danny,Mannelijk,05/07/2019
Doornik,Logan,Mannelijk,05/07/2019
Ganshoren,Wassim,Mannelijk,05/22/2019
Antwerpen,Ömer,Mannelijk,05/17/2019
Heist-op-den-Berg,Ivo,Mannelijk,05/11/2019
Nijvel,Johan,Mannelijk,05/17/2019
Zonhoven,Thomas,Mannelijk,05/17/2019
Beernem,Pauline,Vrouwelijk,06/08/2019
Charleroi,Murielle,Vrouwelijk,05/15/2019
Durbuy,Michel,Mannelijk,05/10/2019
Aalst (Aalst),Tom,Mannelijk,06/05/2019
Sint-Niklaas (Sint-Niklaas),Albert,Mannelijk,05/25/2019
Diksmuide,Fran,Vrouwelijk,05/10/2019
Lebbeke,Sandra,Vrouwelijk,05/07/2019
Genepiën,Noah,Mannelijk,05/19/2019
Geraardsbergen,Jeanine,Vrouwelijk,05/13/2019
Stabroek,Kobe,Mannelijk,06/08/2019
Hasselt,Eef,Vrouwelijk,06/07/2019
Poperinge,Marie,Vrouwelijk,05/14/2019
Sint-Niklaas (Sint-Niklaas),Gert,Mannelijk,05/16/2019
Brussel,Abdelaziz,Mannelijk,05/20/2019
La Louvière,Antonio,Mannelijk,05/06/2019
Alken,Sarah,Vrouwelijk,05/09/2019
Dilbeek,Thomas,Mannelijk,05/22/2019
Jemeppe-sur-Sambre,Fabrice,Mannelijk,05/18/2019
Doornik,Michelle,Vrouwelijk,05/21/2019
Brussel,Dervis,Mannelijk,05/12/2019
Gent,Ann-Sophie,Vrouwelijk,05/21/2019
Antwerpen,Radia,Vrouwelijk,05/22/2019
Lille,Stephanie,Vrouwelijk,05/17/2019
Brussel,Souhaïb,Mannelijk,06/10/2019
Berlaar,John,Mannelijk,05/17/2019
Gistel,Febe,Vrouwelijk,05/23/2019
Olen,Annelies,Vrouwelijk,05/14/2019
Mechelen,Margareta,Vrouwelijk,05/05/2019
Waterloo,Jean,Mannelijk,05/21/2019
Zele,Femke,Vrouwelijk,05/15/2019
Manage,Letizia,Vrouwelijk,06/07/2019
Hoei,Antoine,Mannelijk,05/25/2019
Nijvel,Rosa,Vrouwelijk,05/18/2019
Luik,Matthieu,Mannelijk,05/23/2019
Lommel,Jean,Mannelijk,05/12/2019
Dendermonde,Steven,Mannelijk,05/21/2019
Antwerpen,Anass,Mannelijk,05/12/2019
Etterbeek,Maria,Vrouwelijk,05/22/2019
Zaventem,Arnaud,Mannelijk,05/18/2019
Kelmis,Angelo,Mannelijk,05/15/2019
Beveren (Sint-Niklaas),Patricia,Vrouwelijk,05/09/2019
Roeselare,Alexander,Mannelijk,05/13/2019
Landen,Gustaaf,Mannelijk,05/12/2019
Ninove,Marc,Mannelijk,05/18/2019
Andenne,Daniel,Mannelijk,05/17/2019
Beveren (Sint-Niklaas),Berlinda,Vrouwelijk,05/15/2019
Menen,Joëlle,Vrouwelijk,05/24/2019
Rixensart,Christine,Vrouwelijk,05/17/2019
Andenne,Raphaël,Mannelijk,05/16/2019
Aubange,Joël,Mannelijk,07/10/2019
Landen,Anny,Vrouwelijk,05/21/2019
Lanaken,Stan,Mannelijk,05/19/2019
Landen,William,Mannelijk,05/25/2019
Veurne,Brecht,Mannelijk,05/13/2019
Antwerpen,Louisa,Vrouwelijk,05/23/2019
Remicourt,Jules,Mannelijk,05/25/2019
Hasselt,Annick,Vrouwelijk,05/18/2019
Merelbeke,Femke,Vrouwelijk,05/05/2019
Heist-op-den-Berg,Jean,Mannelijk,05/15/2019
Sint-Pieters-Leeuw,Christine,Vrouwelijk,05/24/2019
Les Bons Villers,Aurélie,Vrouwelijk,06/02/2019
Villers-la-Ville,Brigitte,Vrouwelijk,05/24/2019
Sint-Jans-Molenbeek,Christiane,Vrouwelijk,06/14/2019
Brasschaat,Bob,Mannelijk,05/26/2019
Bilzen,Marc,Mannelijk,05/21/2019
Olen,Danny,Mannelijk,05/14/2019
Fernelmont,Dominique,Vrouwelijk,05/06/2019
Retie,Geert,Mannelijk,05/06/2019
Ravels,Sien,Vrouwelijk,05/25/2019
Ardooie,Dimitri,Mannelijk,05/06/2019
Hamont-Achel,Dries,Mannelijk,06/01/2019
Aartselaar,Bart,Mannelijk,05/08/2019
Namen,Marie,Vrouwelijk,05/10/2019
Harelbeke,Henri,Mannelijk,05/06/2019
Nijlen,Werner,Mannelijk,05/13/2019
Vorst (Brussel-Hoofdstad),Gheorghe,Mannelijk,05/16/2019
Etalle,Benoît,Mannelijk,05/23/2019
Walhain,Manon,Vrouwelijk,05/18/2019
Duffel,Emiel,Mannelijk,05/05/2019
Geldenaken,Julie,Vrouwelijk,05/08/2019
Laarne,Alexandra,Vrouwelijk,05/22/2019
Antwerpen,Imane,Vrouwelijk,05/19/2019
Bornem,Nick,Mannelijk,06/02/2019
Elsene,Julia,Vrouwelijk,05/20/2019
Antwerpen,Hasibullah,Mannelijk,06/05/2019
Gent,Maya,Vrouwelijk,05/16/2019
Wielsbeke,Christiaan,Mannelijk,05/12/2019
Diepenbeek,Milo,Mannelijk,05/12/2019
Antwerpen,Soraya,Vrouwelijk,05/14/2019
Beringen,Pieter,Mannelijk,05/17/2019
Erquelinnes,Ginette,Vrouwelijk,05/05/2019
Oostende,Abdullah,Mannelijk,05/20/2019
Anderlecht,Nicole,Vrouwelijk,06/04/2019
La Louvière,Daniel,Mannelijk,05/17/2019
Soumagne,Emma,Vrouwelijk,05/22/2019
Bernissart,Nathalie,Vrouwelijk,05/09/2019
Sint-Pieters-Woluwe,Nadine,Vrouwelijk,05/14/2019
Bergen,Vincent,Mannelijk,05/17/2019
Antwerpen,Kaan,Mannelijk,05/19/2019
Pecq,Frédéric,Mannelijk,05/17/2019
Pittem,Roger,Mannelijk,06/06/2019
Oostende,Lydia,Vrouwelijk,05/09/2019
Chastre,Yannick,Mannelijk,05/11/2019
Middelkerke,Gilbert,Mannelijk,05/18/2019
Hoeilaart,Harold,Mannelijk,05/22/2019
Gent,Jason,Mannelijk,07/09/2019
Grimbergen,Xander,Mannelijk,05/06/2019
Rebecq,Catherine,Vrouwelijk,05/31/2019
Bree,Wouter,Mannelijk,05/14/2019
Destelbergen,Erwin,Mannelijk,05/13/2019
Berlaar,Herman,Mannelijk,05/15/2019
Hasselt,Cédric,Mannelijk,05/21/2019
Moeskroen,Philippe,Mannelijk,06/03/2019
Sint-Agatha-Berchem,Salma,Vrouwelijk,05/18/2019
Walcourt,Philippe,Mannelijk,05/08/2019
Denderleeuw,Arne,Mannelijk,05/10/2019
Comblain-au-Pont,Guy,Mannelijk,05/19/2019
Kelmis,Sara,Vrouwelijk,05/22/2019
Antwerpen,Jelena,Vrouwelijk,05/11/2019
Rumst,Matteo,Mannelijk,05/20/2019
Zoersel,Gerda,Vrouwelijk,05/24/2019
Bekkevoort,Ingrid,Vrouwelijk,05/15/2019
Charleroi,Aysel,Vrouwelijk,05/10/2019
Koksijde,Pol,Mannelijk,05/15/2019
Brussel,Samir,Mannelijk,05/14/2019
Sint-Jans-Molenbeek,Jennifer,Vrouwelijk,05/05/2019
Nandrin,Martin,Mannelijk,05/14/2019
Gent,Tim,Mannelijk,05/19/2019
Beveren (Sint-Niklaas),Cedric,Mannelijk,06/02/2019
Brugge,Frank,Mannelijk,05/17/2019
Lasne,Denise,Vrouwelijk,05/24/2019
Zwijndrecht,Brigitte,Vrouwelijk,05/22/2019
Luik,Amaury,Mannelijk,05/13/2019
Merchtem,Wim,Mannelijk,06/03/2019
Grâce-Hollogne,Didier,Mannelijk,06/21/2019
Zwevegem,Guy,Mannelijk,05/18/2019
Messancy,Virginie,Vrouwelijk,05/15/2019
Leuven,Nadine,Vrouwelijk,05/19/2019
Oudsbergen,Marijn,Mannelijk,05/20/2019
Amel,Helma,Vrouwelijk,05/13/2019
Gent,Annie,Vrouwelijk,05/08/2019
Bitsingen,Marie,Vrouwelijk,05/05/2019
Staden,Marie,Vrouwelijk,06/05/2019
Vilvoorde,Rafael,Mannelijk,05/05/2019
Anzegem,Monique,Vrouwelijk,05/12/2019
Bornem,Yannick,Mannelijk,05/07/2019
Seraing,Anthony,Mannelijk,06/08/2019
Torhout,Eddy,Mannelijk,05/19/2019
Willebroek,Rosalia,Vrouwelijk,05/27/2019
Aarschot,Ben,Mannelijk,05/16/2019
Zoersel,Luc,Mannelijk,05/16/2019
Antwerpen,Yair,Mannelijk,05/12/2019
Linkebeek,Serge,Mannelijk,05/05/2019
Zwijndrecht,Thierry,Mannelijk,05/15/2019
Mechelen,Bert,Mannelijk,06/08/2019
Harelbeke,Frans,Mannelijk,05/17/2019
Namen,Amélia,Vrouwelijk,07/04/2019
Anderlecht,Anaïs,Vrouwelijk,05/24/2019
Brussel,David,Mannelijk,05/12/2019
Edingen,Mathieu,Mannelijk,05/23/2019
Sint-Jans-Molenbeek,Anasse,Mannelijk,05/06/2019
Vorselaar,Toon,Mannelijk,06/03/2019
Kortessem,Inge,Vrouwelijk,05/16/2019
Steenokkerzeel,Petra,Vrouwelijk,05/05/2019
Ronse,Dany,Mannelijk,05/08/2019
Brussel,Riyad,Mannelijk,05/07/2019
Sint-Jans-Molenbeek,Rachida,Vrouwelijk,05/12/2019
Chapelle-lez-Herlaimont,Nathalie,Vrouwelijk,05/15/2019
Watermaal-Bosvoorde,Clément,Mannelijk,05/14/2019
Ninove,Eduard,Mannelijk,05/15/2019
Aalst (Aalst),Martine,Vrouwelijk,05/07/2019
Kapellen (Antwerpen),Robbe,Mannelijk,05/12/2019
Gedinne,Jérémy,Mannelijk,06/04/2019
Lommel,Danielle,Vrouwelijk,05/23/2019
Hasselt,Liesbet,Vrouwelijk,05/23/2019
Wezet,Kevin,Mannelijk,05/22/2019
Sint-Niklaas (Sint-Niklaas),Brigitte,Vrouwelijk,05/20/2019
Gavere,Milan,Mannelijk,05/17/2019
Laarne,Sander,Mannelijk,05/14/2019
Jemeppe-sur-Sambre,Odile,Vrouwelijk,05/17/2019
Herent,Lars,Mannelijk,05/23/2019
Mechelen,Paul,Mannelijk,05/17/2019
