gemeente,naam,geslacht,verwachte datum
Kruisem,Anneleen,Vrouwelijk,03/22/2019
Zandhoven,Elsa,Vrouwelijk,04/09/2019
Meise,Lieven,Mannelijk,03/28/2019
Hoeilaart,Joris,Mannelijk,03/20/2019
Lille,Els,Vrouwelijk,03/19/2019
Vilvoorde,Béatrice,Vrouwelijk,03/24/2019
Oostende,Kevin,Mannelijk,03/21/2019
Zemst,Jozef,Mannelijk,03/23/2019
Watermaal-Bosvoorde,Théodore,Mannelijk,03/29/2019
Maaseik,Ivo,Mannelijk,03/30/2019
Schaarbeek,Ghislaine,Vrouwelijk,03/13/2019
Elsene,Maria,Vrouwelijk,03/15/2019
Doornik,Ella,Vrouwelijk,03/11/2019
Tienen,Elke,Vrouwelijk,03/14/2019
Wevelgem,Laurent,Mannelijk,03/20/2019
Brugge,Evelyne,Vrouwelijk,03/11/2019
Mol,Jozef,Mannelijk,03/28/2019
Rotselaar,Anja,Vrouwelijk,03/21/2019
La Louvière,Audrey,Vrouwelijk,03/11/2019
Bernissart,Coralie,Vrouwelijk,03/17/2019
Zinnik,Thomas,Mannelijk,03/19/2019
Bredene,Bertha,Vrouwelijk,03/18/2019
Sint-Jans-Molenbeek,Danuta,Vrouwelijk,04/15/2019
Antwerpen,Patrick,Mannelijk,03/23/2019
Sint-Pieters-Woluwe,Aliénor,Vrouwelijk,04/25/2019
Luik,Emilia,Vrouwelijk,04/03/2019
Charleroi,Yasmina,Vrouwelijk,03/22/2019
Meise,Maria,Vrouwelijk,03/23/2019
Knokke-Heist,Amy,Vrouwelijk,03/20/2019
Roeselare,Christine,Vrouwelijk,03/11/2019
Ans,Marc,Mannelijk,03/28/2019
Antwerpen,Zvi,Mannelijk,04/05/2019
Rochefort,Manon,Vrouwelijk,03/10/2019
Charleroi,Milla,Vrouwelijk,04/05/2019
Sint-Lambrechts-Woluwe,Grégoire,Mannelijk,04/07/2019
Brussel,Nadim,Mannelijk,03/22/2019
Zandhoven,Lucien,Mannelijk,03/23/2019
Seraing,Germain,Mannelijk,03/24/2019
Waver,Latifa,Vrouwelijk,03/16/2019
Gent,Filip,Mannelijk,03/19/2019
Maldegem,Filip,Mannelijk,03/13/2019
Kasterlee,Marie,Vrouwelijk,03/31/2019
Tielt-Winge,Jan,Mannelijk,03/10/2019
Seraing,Renée,Vrouwelijk,03/18/2019
Ukkel,Patrick,Mannelijk,03/18/2019
Charleroi,Corinne,Vrouwelijk,03/23/2019
La Louvière,Sophie,Vrouwelijk,03/23/2019
Thuin,Alex,Mannelijk,03/25/2019
Oud-Turnhout,Kim,Vrouwelijk,03/18/2019
Verviers,Sylvie,Vrouwelijk,03/30/2019
Watermaal-Bosvoorde,Micheline,Vrouwelijk,03/18/2019
Luik,Noémie,Vrouwelijk,04/03/2019
Antwerpen,Karima,Vrouwelijk,03/20/2019
Wevelgem,Patrick,Mannelijk,03/15/2019
Sint-Agatha-Berchem,Tarik,Mannelijk,03/21/2019
Charleroi,Enzo,Mannelijk,03/22/2019
Weismes,Didier,Mannelijk,03/29/2019
Vorst (Brussel-Hoofdstad),Raphaëlle,Vrouwelijk,03/24/2019
Stoumont,Elisabeth,Vrouwelijk,03/17/2019
Kortemark,Claudine,Vrouwelijk,03/22/2019
Beringen,Godelieve,Vrouwelijk,03/25/2019
Geraardsbergen,Joris,Mannelijk,04/12/2019
Sint-Lambrechts-Woluwe,Enrico,Mannelijk,03/10/2019
Sint-Genesius-Rode,Helena,Vrouwelijk,03/28/2019
Antwerpen,Isa,Vrouwelijk,03/20/2019
Dilbeek,Jens,Mannelijk,03/20/2019
Willebroek,Maria,Vrouwelijk,03/18/2019
Izegem,Josée,Vrouwelijk,03/24/2019
Luik,Jeannine,Vrouwelijk,03/26/2019
Torhout,Pieter,Mannelijk,03/17/2019
Zemst,Willy,Mannelijk,03/14/2019
Opzullik,Louis,Mannelijk,03/26/2019
Fleurus,Adrien,Mannelijk,03/25/2019
Gent,Lies,Vrouwelijk,03/17/2019
Brussel,Myriam,Vrouwelijk,03/22/2019
Ottignies-Louvain-la-Neuve,Madeleine,Vrouwelijk,03/10/2019
Nijlen,Maarten,Mannelijk,03/10/2019
Welkenraedt,Axel,Mannelijk,04/07/2019
Leuven,Bertha,Vrouwelijk,03/21/2019
Antwerpen,Peggy,Vrouwelijk,04/12/2019
Aywaille,Stéphane,Mannelijk,04/05/2019
Clavier,Christine,Vrouwelijk,03/17/2019
Beerse,Stijn,Mannelijk,03/14/2019
Courcelles,Nicola,Mannelijk,03/23/2019
Geraardsbergen,Christiane,Vrouwelijk,03/24/2019
Deinze,Gilbert,Mannelijk,03/13/2019
Heusden-Zolder,Roland,Mannelijk,03/21/2019
Dilbeek,Carolien,Vrouwelijk,03/20/2019
Erpe-Mere,Elise,Vrouwelijk,03/29/2019
Diksmuide,Lien,Vrouwelijk,03/22/2019
Halle (Halle-Vilvoorde),Nancy,Vrouwelijk,03/20/2019
Lanaken,Gwen,Vrouwelijk,03/30/2019
Brugge,Filip,Mannelijk,04/04/2019
Antwerpen,Katty,Vrouwelijk,04/04/2019
Tongeren,Glenn,Mannelijk,03/20/2019
Libramont-Chevigny,Benoît,Mannelijk,03/25/2019
Manhay,Philippe,Mannelijk,03/24/2019
Ans,Benjamin,Mannelijk,03/23/2019
Chièvres,Théo,Mannelijk,03/17/2019
Keerbergen,Suzanne,Vrouwelijk,03/20/2019
Quévy,Florent,Mannelijk,03/18/2019
Anderlecht,Nico,Mannelijk,04/11/2019
Luik,Cindy,Vrouwelijk,04/03/2019
Herstal,Jacques,Mannelijk,03/27/2019
Vilvoorde,Myriam,Vrouwelijk,03/29/2019
Scherpenheuvel-Zichem,Marc,Mannelijk,03/20/2019
Edegem,Carina,Vrouwelijk,03/16/2019
Zinnik,Ingrid,Vrouwelijk,04/06/2019
Etterbeek,Arman,Mannelijk,03/21/2019
Heusden-Zolder,Paul,Mannelijk,03/20/2019
Roeselare,Monique,Vrouwelijk,03/13/2019
Kortemark,Francis,Mannelijk,03/21/2019
Bergen,Alain,Mannelijk,03/23/2019
Ninove,René,Mannelijk,03/20/2019
Antwerpen,Maxime,Mannelijk,03/20/2019
Zinnik,Christina,Vrouwelijk,03/14/2019
Gent,Glenn,Mannelijk,04/05/2019
Schaarbeek,Sami,Mannelijk,03/19/2019
Maaseik,Hubertina,Vrouwelijk,03/12/2019
Seraing,Louis,Mannelijk,03/10/2019
Mechelen,Said,Mannelijk,03/25/2019
Beringen,Maria,Vrouwelijk,03/28/2019
Luik,David,Mannelijk,03/19/2019
Bergen,Patricia,Vrouwelijk,03/23/2019
Waregem,Fabian,Mannelijk,03/18/2019
Komen-Waasten,Jean-Noël,Mannelijk,03/22/2019
Nieuwpoort,Olivier,Mannelijk,03/26/2019
Landen,Michel,Mannelijk,03/17/2019
Gerpinnes,Roland,Mannelijk,04/04/2019
Tienen,Quinten,Mannelijk,03/19/2019
Brussel,Ilias,Mannelijk,04/06/2019
Dison,Maurice,Mannelijk,03/12/2019
Brugge,Ann,Vrouwelijk,03/21/2019
Herstal,Damien,Mannelijk,04/09/2019
Etterbeek,Miguel,Mannelijk,04/03/2019
Waregem,Willy,Mannelijk,04/03/2019
Denderleeuw,Franciscus,Mannelijk,03/11/2019
Sint-Agatha-Berchem,Chantal,Vrouwelijk,03/23/2019
Turnhout,Maria,Vrouwelijk,03/30/2019
Libramont-Chevigny,François,Mannelijk,03/14/2019
Ranst,Tibo,Mannelijk,03/28/2019
Brussel,Luna,Vrouwelijk,03/14/2019
Bertogne,Séverine,Vrouwelijk,03/29/2019
Gent,Ann,Vrouwelijk,03/21/2019
Hotton,Carole,Vrouwelijk,03/19/2019
Ninove,Marie,Vrouwelijk,03/15/2019
Mol,Guido,Mannelijk,03/19/2019
Geraardsbergen,Ryan,Mannelijk,03/27/2019
Celles (Doornik),Jordan,Mannelijk,03/21/2019
Nijvel,Manon,Vrouwelijk,03/22/2019
Herne,André,Mannelijk,03/11/2019
Schoten,Monique,Vrouwelijk,03/17/2019
Sint-Lambrechts-Woluwe,Mohamed,Mannelijk,03/17/2019
Brasschaat,Carina,Vrouwelijk,04/12/2019
Namen,Jean-François,Mannelijk,03/10/2019
Aubange,Francine,Vrouwelijk,04/11/2019
Dessel,André,Mannelijk,03/25/2019
Hasselt,Laura,Vrouwelijk,03/27/2019
Ronse,Antoinette,Vrouwelijk,03/23/2019
Arendonk,Davy,Mannelijk,03/11/2019
Boussu,Giovanna,Vrouwelijk,03/24/2019
Denderleeuw,Amelie,Vrouwelijk,03/19/2019
Gent,Joshua,Mannelijk,03/29/2019
Elsene,Camille,Vrouwelijk,03/21/2019
Saint-Nicolas (Luik),Sarah,Vrouwelijk,03/21/2019
Gent,Hans,Mannelijk,03/23/2019
Koekelare,Luc,Mannelijk,03/27/2019
Ruiselede,Milan,Mannelijk,03/17/2019
Antwerpen,Ron,Mannelijk,03/25/2019
Antwerpen,Saifeddine,Mannelijk,03/18/2019
Eupen,Hildegard,Vrouwelijk,03/17/2019
Sint-Pieters-Woluwe,Hubert,Mannelijk,04/11/2019
Zwalm,Marc,Mannelijk,03/27/2019
Antwerpen,Marcel,Mannelijk,03/16/2019
Genk,Christiane,Vrouwelijk,03/30/2019
Sint-Agatha-Berchem,Emma,Vrouwelijk,03/20/2019
Grâce-Hollogne,Chantal,Vrouwelijk,03/27/2019
Peer,Nathalie,Vrouwelijk,03/19/2019
Mortsel,Danny,Mannelijk,04/07/2019
Ronse,Annie,Vrouwelijk,03/16/2019
Houthalen-Helchteren,Mohamed,Mannelijk,03/19/2019
Héron,Théo,Mannelijk,04/01/2019
Charleroi,Kamal,Mannelijk,04/11/2019
Mol,Daniël,Mannelijk,03/26/2019
Durbuy,David,Mannelijk,04/02/2019
Zaventem,Inge,Vrouwelijk,03/17/2019
Anderlecht,Jenny,Vrouwelijk,03/12/2019
Diksmuide,Godelieve,Vrouwelijk,03/26/2019
Tinlot,Catherine,Vrouwelijk,03/14/2019
Grâce-Hollogne,Elisa,Vrouwelijk,03/10/2019
Doornik,Nicolas,Mannelijk,03/18/2019
Antwerpen,Rudy,Mannelijk,03/30/2019
Aat,Amandine,Vrouwelijk,03/21/2019
Beringen,Jens,Mannelijk,03/19/2019
Charleroi,Yasin,Mannelijk,03/13/2019
Sint-Jans-Molenbeek,Ahmed,Mannelijk,04/12/2019
Charleroi,Filomena,Vrouwelijk,03/22/2019
Antwerpen,Kristina,Vrouwelijk,03/16/2019
Oostende,Franky,Mannelijk,03/25/2019
Mechelen,Carlos,Mannelijk,03/31/2019
Leuze-en-Hainaut,Marianne,Vrouwelijk,03/17/2019
Hechtel-Eksel,Jurgen,Mannelijk,03/23/2019
Seraing,Jean,Mannelijk,05/09/2019
Heist-op-den-Berg,Mariette,Vrouwelijk,03/28/2019
Binche,Ronny,Mannelijk,04/06/2019
Deinze,Nelly,Vrouwelijk,03/19/2019
Antwerpen,Maria,Vrouwelijk,03/29/2019
Mechelen,Paul,Mannelijk,03/26/2019
Waregem,Luca,Mannelijk,03/26/2019
Overijse,Nathalie,Vrouwelijk,04/03/2019
Vilvoorde,An,Vrouwelijk,03/16/2019
Aalst (Aalst),Patrick,Mannelijk,03/14/2019
Chastre,Damien,Mannelijk,03/26/2019
Mechelen,Sam,Mannelijk,03/19/2019
Brugge,Rose-Marie,Vrouwelijk,03/26/2019
Walhain,Aurore,Vrouwelijk,03/26/2019
Mol,Katrien,Vrouwelijk,03/10/2019
Bekkevoort,Liv,Vrouwelijk,03/19/2019
Moerbeke (Gent),Gustaaf,Mannelijk,03/24/2019
Mol,Jordy,Mannelijk,03/13/2019
Marche-en-Famenne,Odette,Vrouwelijk,04/12/2019
Seraing,Louisa,Vrouwelijk,03/20/2019
Genk,Nicolas,Mannelijk,03/22/2019
Brugge,Owen,Mannelijk,03/21/2019
Gerpinnes,Louise,Vrouwelijk,03/20/2019
Bernissart,Johanna,Vrouwelijk,03/22/2019
Tongeren,Julie,Vrouwelijk,03/17/2019
Overijse,Steven,Mannelijk,03/22/2019
Sint-Truiden,Chloé,Vrouwelijk,03/13/2019
Wetteren,Emile,Mannelijk,03/24/2019
Genepiën,Jean-Pierre,Mannelijk,04/08/2019
Lede,Johan,Mannelijk,03/20/2019
Saint-Hubert,Michel,Mannelijk,03/29/2019
Antwerpen,Mustapha,Mannelijk,03/12/2019
Zinnik,Maxime,Mannelijk,03/15/2019
Antwerpen,Evert,Mannelijk,04/02/2019
Plombières,Sophie,Vrouwelijk,04/05/2019
Zaventem,Christiane,Vrouwelijk,03/26/2019
Merchtem,Filip,Mannelijk,03/25/2019
Thimister-Clermont,Robin,Mannelijk,03/22/2019
Bergen,Jerôme,Mannelijk,03/29/2019
Lievegem,Paul,Mannelijk,03/27/2019
Terhulpen,Albert,Mannelijk,03/17/2019
Beyne-Heusay,Juliette,Vrouwelijk,03/18/2019
Brussel,Liliane,Vrouwelijk,03/20/2019
Eigenbrakel,Corinne,Vrouwelijk,03/10/2019
Namen,Gilles,Mannelijk,04/11/2019
Heusden-Zolder,Anneleen,Vrouwelijk,03/14/2019
Antwerpen,Zoë,Vrouwelijk,04/10/2019
Sint-Truiden,Eric,Mannelijk,03/26/2019
Beauraing,Jérôme,Mannelijk,03/14/2019
Stoumont,Christian,Mannelijk,03/19/2019
Charleroi,Annette,Vrouwelijk,03/31/2019
Beringen,Dieter,Mannelijk,03/17/2019
Sint-Lambrechts-Woluwe,Chiara,Vrouwelijk,03/22/2019
Brussel,Melissa,Vrouwelijk,03/12/2019
Luik,Nathalie,Vrouwelijk,03/25/2019
Colfontaine,Noah,Mannelijk,03/12/2019
Haacht,Thomas,Mannelijk,03/14/2019
Estaimpuis,Noël,Mannelijk,03/26/2019
Leuven,Sander,Mannelijk,03/24/2019
Saint-Ghislain,Anastasia,Vrouwelijk,04/06/2019
Wetteren,Amelie,Vrouwelijk,04/08/2019
Etterbeek,Nuria,Vrouwelijk,05/03/2019
Gent,Kremena,Vrouwelijk,05/08/2019
Raeren,Thomas,Mannelijk,03/23/2019
Antwerpen,Mohamed,Mannelijk,03/22/2019
Evergem,Christine,Vrouwelijk,03/30/2019
Affligem,Karine,Vrouwelijk,03/16/2019
Farciennes,Leyla,Vrouwelijk,03/23/2019
Rochefort,Cécile,Vrouwelijk,04/02/2019
Antwerpen,Magdalena,Vrouwelijk,03/30/2019
Zulte,Donald,Mannelijk,03/10/2019
Brussel,Manal,Vrouwelijk,03/18/2019
Vorst (Brussel-Hoofdstad),Rose,Vrouwelijk,03/29/2019
Knokke-Heist,Gino,Mannelijk,03/21/2019
Wuustwezel,Jozef,Mannelijk,03/17/2019
Bredene,Chantal,Vrouwelijk,03/23/2019
Brugge,Marleen,Vrouwelijk,03/28/2019
Brasschaat,Lea,Vrouwelijk,03/18/2019
Zwevegem,Maria,Vrouwelijk,03/26/2019
Rijkevorsel,Annie,Vrouwelijk,03/10/2019
Schoten,Martina,Vrouwelijk,03/10/2019
Namen,Joséphine,Vrouwelijk,03/24/2019
Sint-Truiden,Cindy,Vrouwelijk,03/11/2019
Namen,Moussa,Mannelijk,03/25/2019
Borgworm,Marie,Vrouwelijk,04/13/2019
Balen,Sofie,Vrouwelijk,04/01/2019
Seraing,Juliette,Vrouwelijk,04/07/2019
Wanze,Fabienne,Vrouwelijk,03/11/2019
Ninove,Linda,Vrouwelijk,03/26/2019
Sprimont,Michel,Mannelijk,03/20/2019
Tongeren,Annick,Vrouwelijk,03/29/2019
Luik,Consuelo,Vrouwelijk,03/16/2019
Bornem,Ronald,Mannelijk,03/23/2019
Ganshoren,Youssef,Mannelijk,04/29/2019
Ganshoren,Safae,Vrouwelijk,03/29/2019
Sint-Jans-Molenbeek,Lilia,Vrouwelijk,03/21/2019
Brussel,Ridouan,Mannelijk,03/25/2019
Brugge,Rani,Vrouwelijk,03/23/2019
Kortrijk,Christiaan,Mannelijk,03/17/2019
Anderlues,Agnès,Vrouwelijk,03/29/2019
Dilbeek,Dariusz,Mannelijk,03/13/2019
Ronse,Fatima,Vrouwelijk,05/08/2019
Aalst (Aalst),Stan,Mannelijk,03/11/2019
Gooik,Yvan,Mannelijk,04/01/2019
Doornik,Stéphane,Mannelijk,03/29/2019
Elsene,Jonathan,Mannelijk,03/24/2019
Brasschaat,Olivia,Vrouwelijk,03/19/2019
Ninove,Paul,Mannelijk,03/11/2019
Ronse,Jacqueline,Vrouwelijk,03/28/2019
Charleroi,Alessio,Mannelijk,03/23/2019
Lendelede,Joris,Mannelijk,03/15/2019
Orp-Jauche,Liliane,Vrouwelijk,04/10/2019
Chapelle-lez-Herlaimont,Mélissa,Vrouwelijk,03/19/2019
Sint-Agatha-Berchem,Sirine,Vrouwelijk,04/15/2019
Durbuy,Baptiste,Mannelijk,03/23/2019
Gent,Hanne,Vrouwelijk,04/02/2019
Houthalen-Helchteren,Giulia,Vrouwelijk,03/11/2019
Thimister-Clermont,Philippe,Mannelijk,03/30/2019
Dilbeek,Elisabeth,Vrouwelijk,03/16/2019
