gemeente,naam,geslacht,verwachte datum
Gent,Lander,Mannelijk,04/28/2019
Merelbeke,Danny,Mannelijk,04/27/2019
Mortsel,Vincent,Mannelijk,04/27/2019
Aarschot,Ivonne,Vrouwelijk,04/30/2019
Anderlecht,Caroline,Vrouwelijk,04/20/2019
Ninove,Daniella,Vrouwelijk,05/02/2019
Aiseau-Presles,Willy,Mannelijk,04/21/2019
Châtelet,Jonathan,Mannelijk,04/28/2019
Brussel,Yakup,Mannelijk,04/28/2019
Vorst (Brussel-Hoofdstad),Nadia,Vrouwelijk,04/18/2019
Retie,Willy,Mannelijk,04/22/2019
Beringen,Nico,Mannelijk,04/25/2019
Herstal,Jennifer,Vrouwelijk,05/19/2019
Ranst,Guido,Mannelijk,04/25/2019
Schaarbeek,Sarah,Vrouwelijk,04/25/2019
Bergen,Eliott,Mannelijk,05/04/2019
Kontich,Lieze,Vrouwelijk,05/02/2019
Gent,Joke,Vrouwelijk,05/17/2019
Andenne,Emilien,Mannelijk,05/03/2019
Aalst (Aalst),Kelly,Vrouwelijk,05/11/2019
Heers,Rita,Vrouwelijk,05/13/2019
Mechelen,Aziz,Mannelijk,05/01/2019
Gent,Wannes,Mannelijk,05/14/2019
Brasschaat,Maria,Vrouwelijk,04/23/2019
Chaudfontaine,Dominique,Vrouwelijk,05/10/2019
Anderlecht,Asmae,Vrouwelijk,04/22/2019
Sint-Truiden,Albert,Mannelijk,04/25/2019
Kraainem,Christophe,Mannelijk,04/18/2019
Westerlo,Eddy,Mannelijk,05/01/2019
Sombreffe,Clément,Mannelijk,04/26/2019
Florenville,Emile,Mannelijk,04/18/2019
Mechelen,Thomas,Mannelijk,04/23/2019
Gent,Memnune,Vrouwelijk,06/16/2019
Torhout,Heidi,Vrouwelijk,04/29/2019
Brasschaat,Geert,Mannelijk,04/27/2019
Ukkel,Alexis,Mannelijk,04/27/2019
Lokeren,An,Vrouwelijk,04/22/2019
Elsene,Rebecca,Vrouwelijk,04/27/2019
Sint-Gillis,Elodie,Vrouwelijk,04/23/2019
Leuven,Thi,Vrouwelijk,04/23/2019
Aubange,Quentin,Mannelijk,05/07/2019
Kalmthout,Kenny,Mannelijk,04/29/2019
Bilzen,Jolien,Vrouwelijk,04/29/2019
Schaarbeek,William,Mannelijk,04/29/2019
Beauraing,Amélie,Vrouwelijk,04/22/2019
Vilvoorde,Mélanie,Vrouwelijk,04/20/2019
Heuvelland,Marc,Mannelijk,04/26/2019
Boom,Inge,Vrouwelijk,05/08/2019
Sint-Pieters-Leeuw,René,Mannelijk,04/27/2019
Sint-Pieters-Woluwe,Anton,Mannelijk,04/28/2019
Morlanwelz,Lucienne,Vrouwelijk,04/20/2019
Ham,Jef,Mannelijk,05/04/2019
Sint-Lambrechts-Woluwe,Benjamin,Mannelijk,04/19/2019
Attert,Lucie,Vrouwelijk,05/03/2019
Moeskroen,Edouard,Mannelijk,05/01/2019
Sint-Lambrechts-Woluwe,Marie,Vrouwelijk,04/19/2019
Herentals,Marc,Mannelijk,04/30/2019
Geel,Stef,Mannelijk,04/25/2019
Geldenaken,Bastien,Mannelijk,04/27/2019
Zinnik,Bernadette,Vrouwelijk,05/08/2019
Luik,Anaëlle,Vrouwelijk,05/05/2019
Namen,Adel,Mannelijk,05/16/2019
Elsene,Francis,Mannelijk,05/01/2019
Sint-Gillis,Donato,Mannelijk,04/23/2019
Boortmeerbeek,Hugo,Mannelijk,05/01/2019
Doornik,Danielle,Vrouwelijk,05/01/2019
Fléron,Carole,Vrouwelijk,05/18/2019
Bevekom,Roger,Mannelijk,04/20/2019
Antwerpen,Eliane,Vrouwelijk,04/20/2019
Knokke-Heist,Rita,Vrouwelijk,05/03/2019
Oudsbergen,Antonino,Mannelijk,05/29/2019
Brasschaat,Mariette,Vrouwelijk,05/06/2019
Kraainem,Frank,Mannelijk,05/07/2019
Namen,William,Mannelijk,04/23/2019
Eeklo,Dirk,Mannelijk,05/01/2019
Londerzeel,Christine,Vrouwelijk,04/20/2019
Schaarbeek,Simonne,Vrouwelijk,05/08/2019
Yvoir,Christiane,Vrouwelijk,04/28/2019
Maasmechelen,Ruben,Mannelijk,04/29/2019
Linter,Ronny,Mannelijk,04/30/2019
Brugge,Sam,Mannelijk,04/21/2019
Heist-op-den-Berg,Julia,Vrouwelijk,04/27/2019
Diepenbeek,Jan,Mannelijk,04/21/2019
Sprimont,Laura,Vrouwelijk,04/25/2019
Geraardsbergen,Jordy,Mannelijk,05/01/2019
Ecaussinnes,Marie,Vrouwelijk,05/05/2019
Ham,Sien,Vrouwelijk,04/30/2019
Antwerpen,Esra,Vrouwelijk,04/28/2019
Kortrijk,Wannes,Mannelijk,05/01/2019
Boom,Katrien,Vrouwelijk,05/08/2019
La Louvière,Irène,Vrouwelijk,05/03/2019
Ninove,Paul,Mannelijk,05/04/2019
Zedelgem,Cas,Mannelijk,05/01/2019
Brugge,Marc,Mannelijk,05/08/2019
Ieper,Kobe,Mannelijk,04/28/2019
Eghezée,Maryse,Vrouwelijk,04/22/2019
Luik,Teresa,Vrouwelijk,05/05/2019
Philippeville,Marie,Vrouwelijk,05/05/2019
Luik,Christelle,Vrouwelijk,04/29/2019
Sint-Jans-Molenbeek,Naïma,Vrouwelijk,05/01/2019
Fleurus,Aurélie,Vrouwelijk,06/12/2019
Essen,Sandra,Vrouwelijk,04/30/2019
Overijse,Elisa,Vrouwelijk,05/06/2019
Aalter,Geoffrey,Mannelijk,05/01/2019
Gent,Usman,Mannelijk,05/07/2019
Theux,Jean-François,Mannelijk,04/21/2019
Plombières,Guillaume,Mannelijk,05/07/2019
Binche,Gwendoline,Vrouwelijk,04/28/2019
Luik,Alberte,Vrouwelijk,04/29/2019
Steenokkerzeel,Maria,Vrouwelijk,05/04/2019
Ravels,Bo,Vrouwelijk,05/02/2019
Chaudfontaine,Sara,Vrouwelijk,05/09/2019
Moeskroen,Samuël,Mannelijk,05/07/2019
Gingelom,Ivan,Mannelijk,04/30/2019
Sint-Lambrechts-Woluwe,Gloria,Vrouwelijk,04/20/2019
La Louvière,Christine,Vrouwelijk,05/07/2019
Mettet,Lucienne,Vrouwelijk,05/19/2019
Leuven,Kristof,Mannelijk,05/18/2019
Laakdal,Erik,Mannelijk,05/03/2019
Moeskroen,Thibault,Mannelijk,05/27/2019
Wevelgem,Liliane,Vrouwelijk,05/04/2019
Beernem,Christian,Mannelijk,05/02/2019
Antwerpen,Oussama,Mannelijk,05/08/2019
Antwerpen,Veerle,Vrouwelijk,05/06/2019
Profondeville,Mariette,Vrouwelijk,04/29/2019
Courcelles,Sylvain,Mannelijk,05/07/2019
Brussel,Liliane,Vrouwelijk,04/27/2019
Halle (Halle-Vilvoorde),Jean-Philippe,Mannelijk,05/22/2019
Westerlo,Karina,Vrouwelijk,06/09/2019
Chapelle-lez-Herlaimont,Vincent,Mannelijk,05/19/2019
Herstal,Carine,Vrouwelijk,05/01/2019
Zemst,Jean,Mannelijk,04/20/2019
Bouillon,Christian,Mannelijk,05/16/2019
Leuven,Joséphine,Vrouwelijk,04/21/2019
Stabroek,Paula,Vrouwelijk,05/04/2019
Gent,Arnaud,Mannelijk,04/18/2019
Oostende,Jeanne,Vrouwelijk,05/11/2019
Sint-Genesius-Rode,Kelly,Vrouwelijk,04/30/2019
Kontich,Simonne,Vrouwelijk,05/21/2019
Sint-Niklaas (Sint-Niklaas),Hubertus,Mannelijk,04/26/2019
Maldegem,Daniel,Mannelijk,04/18/2019
Haaltert,Hilde,Vrouwelijk,06/05/2019
Vaux-sur-Sûre,Eric,Mannelijk,06/16/2019
Nijvel,Mohammed,Mannelijk,05/02/2019
Bergen,Jeanine,Vrouwelijk,04/23/2019
Asse,Koen,Mannelijk,04/29/2019
Oudergem,Manuel,Mannelijk,05/10/2019
Luik,Alexia,Vrouwelijk,04/30/2019
Gent,Noor,Mannelijk,04/27/2019
La Louvière,Khalid,Mannelijk,06/19/2019
Sint-Jans-Molenbeek,Serge,Mannelijk,04/25/2019
Somme-Leuze,Marie,Vrouwelijk,04/27/2019
Lokeren,Lien,Vrouwelijk,04/30/2019
Halle (Halle-Vilvoorde),Annick,Vrouwelijk,04/18/2019
Brecht,Joni,Vrouwelijk,05/10/2019
Lanaken,Patrick,Mannelijk,05/01/2019
Charleroi,Vincent,Mannelijk,05/07/2019
Poperinge,Franky,Mannelijk,05/16/2019
Beloeil,Christine,Vrouwelijk,04/30/2019
Stabroek,Eduard,Mannelijk,04/20/2019
La Roche-en-Ardenne,Jules,Mannelijk,05/02/2019
Schaarbeek,Michel,Mannelijk,04/29/2019
Mechelen,Davy,Mannelijk,04/19/2019
Charleroi,Rohan,Mannelijk,04/28/2019
Geldenaken,Christine,Vrouwelijk,05/01/2019
Namen,Dorian,Mannelijk,04/25/2019
Middelkerke,Robin,Mannelijk,04/29/2019
Westerlo,Maria,Vrouwelijk,05/19/2019
Charleroi,Emilie,Vrouwelijk,05/08/2019
Essen,Adriana,Vrouwelijk,04/19/2019
Sint-Gillis-Waas,François,Mannelijk,04/25/2019
Kampenhout,Peter,Mannelijk,05/18/2019
Watermaal-Bosvoorde,Hervé,Mannelijk,04/20/2019
Oostende,Liliane,Vrouwelijk,04/28/2019
Eigenbrakel,Dominique,Vrouwelijk,05/20/2019
Brugge,Klaas,Mannelijk,04/26/2019
Antwerpen,Arda,Mannelijk,04/29/2019
La Louvière,Claude,Mannelijk,05/01/2019
Lier,Ingeborg,Vrouwelijk,05/03/2019
Antwerpen,Nathalie,Vrouwelijk,05/05/2019
Moeskroen,Sandy,Vrouwelijk,05/03/2019
Rochefort,Stéphanie,Vrouwelijk,04/18/2019
Sint-Pieters-Woluwe,Francine,Vrouwelijk,05/04/2019
Seraing,André,Mannelijk,05/05/2019
Elsene,Sabrine,Vrouwelijk,05/04/2019
Brussel,Walter,Mannelijk,05/02/2019
Opwijk,Hanne,Vrouwelijk,05/05/2019
Geel,Celina,Vrouwelijk,05/05/2019
Dendermonde,Stephanie,Vrouwelijk,05/21/2019
Oudsbergen,René,Mannelijk,04/27/2019
Opzullik,Quentin,Mannelijk,04/25/2019
Seraing,Dominique,Mannelijk,04/23/2019
Herentals,Roza,Vrouwelijk,04/29/2019
Sankt Vith,Timo,Mannelijk,04/29/2019
Beersel,Frédéric,Mannelijk,04/23/2019
Herstal,Murat,Mannelijk,04/30/2019
Luik,Louise,Vrouwelijk,05/03/2019
Beauraing,Elodie,Vrouwelijk,05/14/2019
Sprimont,François,Mannelijk,04/21/2019
Verviers,Camille,Vrouwelijk,04/25/2019
Nijvel,Christiane,Vrouwelijk,04/28/2019
Roeselare,Monique,Vrouwelijk,06/14/2019
Namen,Nina,Vrouwelijk,05/01/2019
Deinze,Peter,Mannelijk,05/06/2019
Rochefort,Clémence,Vrouwelijk,05/04/2019
Walcourt,Gaëtan,Mannelijk,04/26/2019
Beyne-Heusay,Arlette,Vrouwelijk,04/26/2019
Spa,Pierre,Mannelijk,04/25/2019
Meise,Thomas,Mannelijk,04/25/2019
Hasselt,Lore,Vrouwelijk,04/25/2019
Antwerpen,Hassen,Mannelijk,04/19/2019
Laakdal,Eric,Mannelijk,05/05/2019
Houthalen-Helchteren,Wouter,Mannelijk,05/07/2019
Izegem,Annelies,Vrouwelijk,05/13/2019
Herentals,Michaël,Mannelijk,04/25/2019
Steenokkerzeel,Raymond,Mannelijk,05/21/2019
Lokeren,Luna,Vrouwelijk,04/19/2019
Sint-Jans-Molenbeek,Adam,Mannelijk,05/02/2019
Seraing,Nathalie,Vrouwelijk,05/05/2019
Antwerpen,Rudi,Mannelijk,05/01/2019
Schilde,Nicole,Vrouwelijk,06/07/2019
Schaarbeek,Soufiane,Mannelijk,05/07/2019
Lievegem,Nico,Mannelijk,04/27/2019
Merelbeke,Thijs,Mannelijk,04/28/2019
Namen,Lise,Vrouwelijk,05/03/2019
Dendermonde,Dries,Mannelijk,05/01/2019
Waregem,Sammy,Mannelijk,05/05/2019
Dour,Daniel,Mannelijk,04/19/2019
Tongeren,Jens,Mannelijk,04/20/2019
Antwerpen,Silvia,Vrouwelijk,04/25/2019
Beveren (Sint-Niklaas),Sylvie,Vrouwelijk,05/06/2019
Mol,Christine,Vrouwelijk,04/26/2019
Ninove,Maaike,Vrouwelijk,04/25/2019
Gembloux,Philippe,Mannelijk,04/25/2019
Quévy,Yvette,Vrouwelijk,05/09/2019
Gent,Ginette,Vrouwelijk,05/26/2019
Verlaine,Virginie,Vrouwelijk,04/27/2019
Borsbeek,Bianca,Vrouwelijk,05/01/2019
Berlare,Kurt,Mannelijk,04/20/2019
Lessen,Françoise,Vrouwelijk,05/12/2019
Villers-Le-Bouillet,David,Mannelijk,05/18/2019
Messancy,Viviane,Vrouwelijk,04/27/2019
Oudenaarde,Lennert,Mannelijk,04/27/2019
Gembloux,Danielle,Vrouwelijk,04/21/2019
Hasselt,Maria,Vrouwelijk,05/15/2019
Seraing,Isabelle,Vrouwelijk,05/08/2019
Schaarbeek,Yakup,Mannelijk,05/05/2019
Antwerpen,Godelieve,Vrouwelijk,05/17/2019
Antwerpen,Yangzom,Vrouwelijk,04/26/2019
Schoten,Maria,Vrouwelijk,04/18/2019
Court-Saint-Etienne,Anaïs,Vrouwelijk,04/21/2019
Scherpenheuvel-Zichem,Theophiel,Mannelijk,04/22/2019
Chaudfontaine,Guy,Mannelijk,04/27/2019
Maldegem,Shania,Vrouwelijk,05/19/2019
Sint-Gillis,Fadi,Mannelijk,04/28/2019
Orp-Jauche,Patrick,Mannelijk,04/25/2019
Doornik,Jacky,Mannelijk,04/28/2019
Heist-op-den-Berg,Stan,Mannelijk,04/25/2019
Antwerpen,Julie,Vrouwelijk,04/22/2019
Schaarbeek,Anaïs,Vrouwelijk,05/03/2019
Oostende,Marc,Mannelijk,05/03/2019
Deinze,David,Mannelijk,05/03/2019
Wezet,Alexandre,Mannelijk,05/04/2019
Herselt,Maarten,Mannelijk,04/25/2019
Antwerpen,Yassin,Mannelijk,04/19/2019
Anderlecht,Hanae,Vrouwelijk,04/23/2019
Kruisem,Simon,Mannelijk,04/30/2019
Etterbeek,Caroline,Vrouwelijk,04/29/2019
Anderlecht,Geneviève,Vrouwelijk,06/21/2019
Eigenbrakel,Carla,Vrouwelijk,05/16/2019
Westerlo,Andre,Mannelijk,05/10/2019
Zoersel,Marc,Mannelijk,05/22/2019
La Louvière,Christian,Mannelijk,04/25/2019
Zuienkerke,Jonas,Mannelijk,04/18/2019
Oudergem,Olivier,Mannelijk,04/24/2019
Knokke-Heist,Diane,Vrouwelijk,04/30/2019
Andenne,Téo,Mannelijk,05/15/2019
Heist-op-den-Berg,Carina,Vrouwelijk,04/24/2019
Binche,Béatrice,Vrouwelijk,05/03/2019
Hasselt,Tony,Mannelijk,04/22/2019
Rixensart,Christophe,Mannelijk,04/27/2019
Lokeren,Vincent,Mannelijk,04/27/2019
Mortsel,Ellen,Vrouwelijk,04/22/2019
Châtelet,Quentin,Mannelijk,05/01/2019
Dendermonde,Charlotte,Vrouwelijk,05/19/2019
Hoogstraten,Nick,Mannelijk,04/25/2019
Brugge,Jacques,Mannelijk,04/26/2019
Frasnes-lez-Anvaing,Paula,Vrouwelijk,05/09/2019
Frameries,Pol,Mannelijk,05/06/2019
Wingene,John,Mannelijk,04/30/2019
Retie,Erik,Mannelijk,04/29/2019
Bergen,Charlotte,Vrouwelijk,05/03/2019
Wellen,Anne,Vrouwelijk,05/01/2019
Herstal,Ali,Mannelijk,05/06/2019
Gent,Abigail,Vrouwelijk,04/29/2019
Anderlecht,Aleyna,Vrouwelijk,05/06/2019
Brugge,Liliane,Vrouwelijk,05/14/2019
Luik,Martine,Vrouwelijk,05/02/2019
Anderlecht,Adam,Mannelijk,04/26/2019
Leuven,José,Mannelijk,05/14/2019
Tienen,Marc,Mannelijk,04/27/2019
Antwerpen,Zoë,Vrouwelijk,06/22/2019
Morlanwelz,Bastien,Mannelijk,04/25/2019
Maaseik,Joris,Mannelijk,06/10/2019
Lommel,Leopold,Mannelijk,04/26/2019
Brecht,Kurt,Mannelijk,05/27/2019
Seraing,Eli,Mannelijk,04/30/2019
Bree,Ferdinand,Mannelijk,04/18/2019
Antwerpen,Jean-Claude,Mannelijk,04/26/2019
Mechelen,Ludovicus,Mannelijk,05/22/2019
Wellen,Annie,Vrouwelijk,04/28/2019
Tienen,Ines,Vrouwelijk,05/06/2019
Gent,Margot,Vrouwelijk,05/22/2019
Herentals,Florent,Mannelijk,04/25/2019
Harelbeke,Lutgarde,Vrouwelijk,05/22/2019
Sint-Niklaas (Sint-Niklaas),Josette,Vrouwelijk,04/26/2019
Ninove,Rita,Vrouwelijk,04/30/2019
Luik,Natalie,Vrouwelijk,05/07/2019
Durbuy,Marie,Vrouwelijk,05/06/2019
Oudsbergen,Marie,Vrouwelijk,04/29/2019
Dison,Samuel,Mannelijk,04/30/2019
Sint-Jans-Molenbeek,Mohamed,Mannelijk,04/26/2019
Dison,Isabelle,Vrouwelijk,05/06/2019
Herstal,Melina,Vrouwelijk,04/19/2019
Koksijde,Willy,Mannelijk,05/01/2019
Tubeke,Assia,Vrouwelijk,05/09/2019
La Louvière,Maria,Vrouwelijk,05/18/2019
Dinant,Amandine,Vrouwelijk,05/02/2019
