gemeente,naam,geslacht,verwachte datum
Aalst (Aalst),Stefanie,Vrouwelijk,05/20/2019
Oudsbergen,Veronique,Vrouwelijk,05/05/2019
Aubel,Arlette,Vrouwelijk,05/07/2019
Lier,Elise,Vrouwelijk,04/18/2019
Houthalen-Helchteren,Carmen,Vrouwelijk,05/02/2019
Mol,Bjorn,Mannelijk,04/27/2019
La Louvière,Matteo,Mannelijk,04/29/2019
Plombières,Pierre,Mannelijk,04/30/2019
Deinze,Firmin,Mannelijk,05/17/2019
Leopoldsburg,Gustaaf,Mannelijk,04/27/2019
Hechtel-Eksel,Michaël,Mannelijk,04/24/2019
Chastre,Jean-Claude,Mannelijk,05/05/2019
Antwerpen,Abdelilah,Mannelijk,04/28/2019
Tinlot,Pierre,Mannelijk,05/06/2019
Oostende,Maria,Vrouwelijk,05/06/2019
Eeklo,Benjamin,Mannelijk,04/30/2019
Lier,Maarten,Mannelijk,04/16/2019
Maaseik,Lizette,Vrouwelijk,05/01/2019
Liedekerke,Erik,Mannelijk,05/05/2019
Profondeville,Robert,Mannelijk,04/30/2019
Poperinge,Dimitri,Mannelijk,04/30/2019
Ans,François,Mannelijk,05/01/2019
Turnhout,Petronella,Vrouwelijk,05/03/2019
Asse,Bryan,Mannelijk,05/10/2019
Mechelen,Georgette,Vrouwelijk,05/05/2019
Hemiksem,Kelly,Vrouwelijk,05/05/2019
Oerle,Maria,Vrouwelijk,04/25/2019
De Haan,Finn,Mannelijk,04/28/2019
Brussel,Beata,Vrouwelijk,04/25/2019
Alken,Hilda,Vrouwelijk,04/18/2019
De Haan,Rudy,Mannelijk,04/30/2019
Lokeren,Godelieve,Vrouwelijk,04/25/2019
Sombreffe,Mélanie,Vrouwelijk,05/05/2019
Sint-Niklaas (Sint-Niklaas),Cindy,Vrouwelijk,05/01/2019
Antwerpen,Bram,Mannelijk,04/20/2019
Namen,Farah,Vrouwelijk,04/22/2019
Antwerpen,Anna,Vrouwelijk,05/13/2019
Charleroi,Edith,Vrouwelijk,05/05/2019
Bergen,Thomas,Mannelijk,04/19/2019
Luik,Amal,Vrouwelijk,04/25/2019
Beerse,Jeanne,Vrouwelijk,04/19/2019
Anderlecht,Marie-Hélène,Vrouwelijk,04/24/2019
Brugge,Ann,Vrouwelijk,04/27/2019
Floreffe,Maryse,Vrouwelijk,04/25/2019
Mechelen,Erik,Mannelijk,04/26/2019
Vleteren,Katrien,Vrouwelijk,04/18/2019
Schilde,Walter,Mannelijk,05/04/2019
Büllingen,Yannick,Mannelijk,04/29/2019
Esneux,Bernard,Mannelijk,04/26/2019
Aalst (Aalst),Daniel,Mannelijk,06/03/2019
Veurne,Werner,Mannelijk,05/06/2019
Dilbeek,Bryan,Mannelijk,05/02/2019
Charleroi,Camille,Mannelijk,04/28/2019
Zottegem,Bram,Mannelijk,04/16/2019
Sint-Pieters-Leeuw,Ismail,Mannelijk,04/16/2019
Malle,Maria,Vrouwelijk,04/30/2019
Antwerpen,Ingrid,Vrouwelijk,04/24/2019
Watermaal-Bosvoorde,Fatima,Vrouwelijk,04/28/2019
Hove (Antwerpen),Louis,Mannelijk,04/24/2019
Pont-à-Celles,Eloïse,Vrouwelijk,04/16/2019
Paliseul,Jean,Mannelijk,04/22/2019
Sint-Lambrechts-Woluwe,Mihai,Mannelijk,05/04/2019
Nijvel,Claudine,Vrouwelijk,05/02/2019
Aat,Audrey,Vrouwelijk,04/22/2019
Antwerpen,Constance,Vrouwelijk,04/29/2019
Dilbeek,Vanessa,Vrouwelijk,04/18/2019
Merelbeke,Wim,Mannelijk,05/29/2019
Weismes,Philippe,Mannelijk,04/25/2019
Gent,Elisa,Vrouwelijk,04/19/2019
Ranst,Luc,Mannelijk,05/01/2019
Schoten,Milan,Mannelijk,04/27/2019
Schelle,Adam,Mannelijk,04/26/2019
Etterbeek,Théodore,Mannelijk,04/28/2019
Andenne,Raymond,Mannelijk,05/12/2019
Maasmechelen,Mohammed,Mannelijk,04/23/2019
Berlare,Bert,Mannelijk,04/23/2019
As,Luc,Mannelijk,04/17/2019
Herzele,Lien,Vrouwelijk,04/21/2019
Gent,Jean-Marie,Mannelijk,04/17/2019
Anderlecht,Ionut,Mannelijk,05/01/2019
Antwerpen,Karen,Vrouwelijk,04/27/2019
Frameries,Antoine,Mannelijk,06/13/2019
Aubange,Anita,Vrouwelijk,06/17/2019
Holsbeek,Alain,Mannelijk,04/28/2019
Antwerpen,Luc,Mannelijk,04/29/2019
Duffel,Maria,Vrouwelijk,05/03/2019
Ham-sur-Heure-Nalinnes,Anne,Vrouwelijk,05/01/2019
Gooik,Emma,Vrouwelijk,04/22/2019
Deerlijk,Yves,Mannelijk,05/05/2019
Trooz,Antonio,Mannelijk,05/05/2019
Heusden-Zolder,Dirk,Mannelijk,04/30/2019
Andenne,Katty,Vrouwelijk,05/01/2019
Maarkedal,Georgette,Vrouwelijk,04/20/2019
Brugge,Paul,Mannelijk,05/04/2019
Luik,Fernando,Mannelijk,04/24/2019
Beersel,Charlotte,Vrouwelijk,04/19/2019
La Louvière,Marilena,Vrouwelijk,04/27/2019
Schilde,Peggy,Vrouwelijk,04/26/2019
Eeklo,Christiana,Vrouwelijk,04/23/2019
Paliseul,Justine,Vrouwelijk,04/24/2019
Bernissart,Patrick,Mannelijk,06/08/2019
Dendermonde,Rachida,Vrouwelijk,04/28/2019
Sint-Gillis,Mimoun,Mannelijk,05/04/2019
Luik,Rosalia,Vrouwelijk,04/29/2019
Charleroi,Josée,Vrouwelijk,04/16/2019
Schilde,Lotte,Vrouwelijk,04/19/2019
Ottignies-Louvain-la-Neuve,Muriel,Vrouwelijk,04/23/2019
Turnhout,Nathalie,Vrouwelijk,04/22/2019
Péruwelz,Bernadette,Vrouwelijk,05/02/2019
Grimbergen,Martin,Mannelijk,04/30/2019
Dendermonde,David,Mannelijk,04/27/2019
Quaregnon,Carole,Vrouwelijk,04/30/2019
Plombières,Jean,Mannelijk,05/05/2019
Mechelen,Eline,Vrouwelijk,05/03/2019
Charleroi,Anne,Vrouwelijk,04/29/2019
Geel,Willy,Mannelijk,05/06/2019
Schilde,Louis,Mannelijk,04/29/2019
Elsene,Mostafa,Mannelijk,05/01/2019
Lendelede,Lieselot,Vrouwelijk,04/16/2019
Verviers,Maïlys,Vrouwelijk,04/20/2019
Sambreville,Chantal,Vrouwelijk,05/05/2019
Brussel,Jérémy,Mannelijk,04/30/2019
La Louvière,Audrey,Vrouwelijk,05/17/2019
Blegny,Dominique,Vrouwelijk,04/16/2019
Halle (Halle-Vilvoorde),Sien,Vrouwelijk,05/05/2019
Maasmechelen,Luc,Mannelijk,04/30/2019
Holsbeek,Koen,Mannelijk,04/25/2019
Luik,Yahya,Mannelijk,04/18/2019
Heist-op-den-Berg,Renzo,Mannelijk,06/18/2019
Sint-Pieters-Leeuw,Sophie,Vrouwelijk,04/24/2019
Gavere,Antoon,Mannelijk,04/27/2019
Leuven,Nancy,Vrouwelijk,05/04/2019
Bertem,Arthur,Mannelijk,04/26/2019
Pont-à-Celles,Sophie,Vrouwelijk,05/06/2019
Turnhout,Monique,Vrouwelijk,04/21/2019
Olen,Hannah,Vrouwelijk,05/06/2019
Zwevegem,Patrick,Mannelijk,04/23/2019
Lievegem,Mariette,Vrouwelijk,04/25/2019
Roeselare,Marleen,Vrouwelijk,04/29/2019
Schoten,Margot,Vrouwelijk,05/04/2019
Maarkedal,Camille,Vrouwelijk,04/24/2019
Schoten,Olivier,Mannelijk,04/28/2019
Flémalle,Marc,Mannelijk,06/04/2019
Waterloo,Nicolas,Mannelijk,05/01/2019
Charleroi,Richard,Mannelijk,05/11/2019
Sint-Gillis-Waas,Bo,Vrouwelijk,04/25/2019
Aarlen,Augustin,Mannelijk,05/05/2019
Brussel,Hafsa,Vrouwelijk,04/23/2019
Anderlecht,Niculina,Vrouwelijk,05/07/2019
Antwerpen,Joanna,Vrouwelijk,05/18/2019
Evere,Line,Vrouwelijk,04/16/2019
Wielsbeke,Daniël,Mannelijk,06/07/2019
Luik,Marcel,Mannelijk,05/17/2019
Heist-op-den-Berg,Sonja,Vrouwelijk,04/26/2019
Wezembeek-Oppem,Bernadette,Vrouwelijk,04/27/2019
Zinnik,Jordan,Mannelijk,04/18/2019
Overijse,Alyssia,Vrouwelijk,05/05/2019
Eupen,Sophia,Vrouwelijk,04/26/2019
Jemeppe-sur-Sambre,Eléonore,Vrouwelijk,04/26/2019
Ans,Isabelle,Vrouwelijk,05/12/2019
Amay,Aude,Vrouwelijk,05/03/2019
Wevelgem,Patrick,Mannelijk,05/01/2019
Lummen,Maria,Vrouwelijk,05/02/2019
Brugge,Caroline,Vrouwelijk,05/10/2019
Oupeye,Germaine,Vrouwelijk,05/04/2019
De Haan,Betty,Vrouwelijk,04/27/2019
Doornik,Frank,Mannelijk,05/02/2019
As,Viviane,Vrouwelijk,04/17/2019
Eghezée,Laurine,Vrouwelijk,04/28/2019
Eigenbrakel,Sabine,Vrouwelijk,05/15/2019
Ukkel,Ariana,Vrouwelijk,04/23/2019
Hamme (Dendermonde),Annick,Vrouwelijk,05/01/2019
Luik,Laetitia,Vrouwelijk,04/23/2019
Charleroi,Serhat,Mannelijk,04/25/2019
Ans,Camille,Vrouwelijk,05/03/2019
Poperinge,Raf,Mannelijk,05/17/2019
Mechelen,Koen,Mannelijk,04/26/2019
Bergen,Patrick,Mannelijk,05/09/2019
Anderlecht,Asad,Mannelijk,04/21/2019
Lochristi,Mohamed,Mannelijk,05/14/2019
Kortrijk,Yves,Mannelijk,04/21/2019
Péruwelz,Anita,Vrouwelijk,04/28/2019
Mortsel,Johan,Mannelijk,04/26/2019
Doornik,Didier,Mannelijk,04/21/2019
Aalst (Aalst),Sultan,Vrouwelijk,04/21/2019
Hasselt,Wouter,Mannelijk,05/04/2019
Deerlijk,Nadine,Vrouwelijk,04/22/2019
Montigny-le-Tilleul,Daniel,Mannelijk,04/28/2019
Tubeke,Louis,Mannelijk,04/18/2019
Vielsalm,Oscar,Mannelijk,04/22/2019
Brugge,Francine,Vrouwelijk,04/17/2019
Lubbeek,Marie,Vrouwelijk,04/28/2019
Aywaille,Julien,Mannelijk,05/18/2019
Lommel,Aleksandra,Vrouwelijk,04/29/2019
Aalst (Aalst),Roland,Mannelijk,04/25/2019
Stabroek,Danny,Mannelijk,04/24/2019
Fleurus,Fernande,Vrouwelijk,04/30/2019
Wortegem-Petegem,Patrick,Mannelijk,04/23/2019
Bertem,Lucienne,Vrouwelijk,04/19/2019
Leuven,Joelle,Vrouwelijk,04/20/2019
Lendelede,Liliane,Vrouwelijk,04/22/2019
Luik,Jose,Mannelijk,05/01/2019
Antwerpen,Robert,Mannelijk,04/17/2019
Sambreville,Eliane,Vrouwelijk,05/03/2019
Péruwelz,Thibaut,Mannelijk,04/27/2019
Quaregnon,Noémie,Vrouwelijk,04/28/2019
Verviers,Karima,Vrouwelijk,04/17/2019
Kruibeke,Celina,Vrouwelijk,04/26/2019
Mechelen,Nadir,Mannelijk,04/23/2019
Aalst (Aalst),André,Mannelijk,04/18/2019
Lochristi,Danny,Mannelijk,05/06/2019
Courcelles,Bianca,Vrouwelijk,04/30/2019
Bornem,Stijn,Mannelijk,06/04/2019
Hamois,Zoé,Vrouwelijk,04/25/2019
Bornem,Leentje,Vrouwelijk,05/09/2019
Seraing,Aliya,Vrouwelijk,04/20/2019
Profondeville,Marguerite,Vrouwelijk,04/17/2019
Denderleeuw,Ziva,Vrouwelijk,04/24/2019
Elsene,Adèle,Vrouwelijk,04/30/2019
Fernelmont,Sandrine,Vrouwelijk,04/23/2019
Namen,Christiane,Vrouwelijk,04/24/2019
Gent,Jules,Mannelijk,04/24/2019
Beringen,Paul,Mannelijk,05/20/2019
Aalter,Anita,Vrouwelijk,04/18/2019
Brasschaat,Sonja,Vrouwelijk,04/25/2019
Antwerpen,Gülseren,Vrouwelijk,04/27/2019
Roeselare,Vincent,Mannelijk,04/27/2019
Grâce-Hollogne,Georges,Mannelijk,04/24/2019
Lokeren,Stefan,Mannelijk,04/28/2019
Berlaar,Rik,Mannelijk,04/29/2019
Eigenbrakel,Claudine,Vrouwelijk,04/23/2019
Diepenbeek,Dirk,Mannelijk,05/06/2019
Gent,Timothy,Mannelijk,04/25/2019
Galmaarden,Georges,Mannelijk,04/29/2019
Gent,Marleen,Vrouwelijk,04/28/2019
Bergen,Natalia,Vrouwelijk,05/04/2019
Aat,Suzanne,Vrouwelijk,05/03/2019
Herne,Lucien,Mannelijk,05/05/2019
Aarlen,Joël,Mannelijk,04/25/2019
Oupeye,Viviane,Vrouwelijk,04/24/2019
Eghezée,Augustin,Mannelijk,04/29/2019
Nandrin,Marine,Vrouwelijk,04/19/2019
Tubeke,Lucas,Mannelijk,04/25/2019
Sint-Lambrechts-Woluwe,Louise,Vrouwelijk,04/29/2019
Quévy,Bénédicte,Vrouwelijk,04/17/2019
Elsene,Michel,Mannelijk,04/17/2019
Ganshoren,Fadi,Mannelijk,04/23/2019
Kuurne,Lars,Mannelijk,04/20/2019
Temse,Liesbeth,Vrouwelijk,04/24/2019
Mechelen,Wim,Mannelijk,05/07/2019
Graven,Thierry,Mannelijk,05/06/2019
Heusden-Zolder,Michaël,Mannelijk,04/23/2019
Aat,Françoise,Vrouwelijk,05/14/2019
Péruwelz,Florian,Mannelijk,04/17/2019
Mettet,Simon,Mannelijk,05/04/2019
Aalst (Aalst),Ahmad,Mannelijk,04/23/2019
Havelange,Clémence,Vrouwelijk,05/04/2019
Frameries,Francesca,Vrouwelijk,04/23/2019
Gent,Hanne,Vrouwelijk,06/15/2019
Begijnendijk,Martine,Vrouwelijk,04/27/2019
Sint-Pieters-Woluwe,Nicole,Vrouwelijk,04/24/2019
Zutendaal,Bertha,Vrouwelijk,05/01/2019
Turnhout,Frans,Mannelijk,04/27/2019
Oostende,Jacques,Mannelijk,04/29/2019
Gouvy,François,Mannelijk,05/05/2019
Heusden-Zolder,Bjorn,Mannelijk,04/27/2019
Verviers,Roger,Mannelijk,04/23/2019
Herselt,Wout,Mannelijk,05/04/2019
Edegem,Eveline,Vrouwelijk,04/21/2019
Antwerpen,Dimitri,Mannelijk,05/05/2019
Hamme (Dendermonde),Kelly,Vrouwelijk,05/15/2019
Bergen,Bryan,Mannelijk,05/01/2019
Kortenaken,Marc,Mannelijk,04/26/2019
Erezée,Virginie,Vrouwelijk,04/29/2019
Sint-Lievens-Houtem,Emma,Vrouwelijk,04/24/2019
Pelt,Sophie,Vrouwelijk,05/20/2019
Kortenberg,Stefanie,Vrouwelijk,04/19/2019
Gent,Murat,Mannelijk,04/16/2019
Wachtebeke,Maria,Vrouwelijk,04/16/2019
Turnhout,Marcel,Mannelijk,05/07/2019
Luik,Stéphane,Mannelijk,04/29/2019
Lokeren,Ali,Mannelijk,05/06/2019
Antwerpen,Mohamed,Mannelijk,04/23/2019
Koksijde,Kim,Vrouwelijk,04/19/2019
Deinze,Alain,Mannelijk,05/15/2019
Hamoir,Gaëtan,Mannelijk,05/04/2019
Luik,Mamadou,Mannelijk,05/03/2019
Büllingen,Tom,Mannelijk,05/03/2019
Theux,Alexis,Mannelijk,04/24/2019
Gooik,Simon,Mannelijk,04/25/2019
Oud-Heverlee,Samuel,Mannelijk,05/13/2019
Brugge,Wouter,Mannelijk,04/29/2019
Izegem,Luc,Mannelijk,05/10/2019
Sint-Pieters-Woluwe,Coralie,Vrouwelijk,06/05/2019
Brussel,Bilal,Mannelijk,04/24/2019
Anderlecht,Fethi,Mannelijk,04/16/2019
Elsene,Antoine,Mannelijk,05/04/2019
Maaseik,Mitch,Mannelijk,05/02/2019
Beveren (Sint-Niklaas),Pieter,Mannelijk,05/13/2019
Sint-Lievens-Houtem,Johan,Mannelijk,04/25/2019
Zonhoven,Joannes,Mannelijk,04/23/2019
Antwerpen,Lucien,Mannelijk,05/04/2019
Tienen,Marleen,Vrouwelijk,04/30/2019
Sint-Niklaas (Sint-Niklaas),Marianne,Vrouwelijk,04/20/2019
Anzegem,Willy,Mannelijk,04/23/2019
Dilbeek,Yves,Mannelijk,04/17/2019
Balen,Helena,Vrouwelijk,04/17/2019
Profondeville,Patrick,Mannelijk,05/17/2019
Boutersem,Martine,Vrouwelijk,04/21/2019
Incourt,Benoit,Mannelijk,05/05/2019
Genk,José,Vrouwelijk,04/24/2019
Edegem,Rudolf,Mannelijk,04/28/2019
Waregem,Femke,Vrouwelijk,04/21/2019
Ninove,Naël,Mannelijk,04/21/2019
Fosses-la-Ville,Marie,Vrouwelijk,05/01/2019
Heist-op-den-Berg,Rita,Vrouwelijk,04/26/2019
Steenokkerzeel,Alain,Mannelijk,05/04/2019
Bree,Joseph,Mannelijk,04/27/2019
Verviers,Jean,Mannelijk,04/26/2019
Jabbeke,Leo,Mannelijk,05/03/2019
Antwerpen,Fatima,Vrouwelijk,05/06/2019
Herzele,Julie,Vrouwelijk,04/18/2019
Schoten,Jules,Mannelijk,05/01/2019
Sint-Jans-Molenbeek,Ikram,Vrouwelijk,04/21/2019
Oostkamp,Marleen,Vrouwelijk,04/23/2019
Lichtervelde,Raphaël,Mannelijk,05/03/2019
Puurs-Sint-Amands,Ben,Mannelijk,04/21/2019
Brecht,Sven,Mannelijk,04/20/2019
